m1 m2 chi_1 chi_2 distance inclination ra dec psi phi_c tc
6.983770895963787950e+01 6.284406778666324556e+01 6.364255659340841698e-01 2.828098921426528967e-01 2.522287687364870692e+02 1.652076452519688265e+00 5.058241479182638223e+00 -1.015394458438968250e+00 1.495320524841477816e+00 1.477940862538268618e+00 3.986990342318306180e+00
7.165312037145559998e+01 6.130970696847296608e+01 6.289673359351954929e-01 2.635006849691148845e-01 2.328247708861206888e+02 1.583403410090521213e+00 5.198069516699834303e+00 -9.641165673483186316e-01 1.418820797759075436e+00 1.221527642718075235e+00 3.988331109121601603e+00
6.925324642962507937e+01 6.381419474970500971e+01 7.297231499421179546e-01 3.087288834659673853e-01 3.313866689677636828e+02 1.639532737633290660e+00 4.980285091918653428e+00 -9.702236433739174215e-01 1.476337767429018344e+00 1.174210708956952898e+00 3.986368382307690528e+00
6.949086022402130425e+01 6.343377961680224786e+01 5.303638447479533946e-01 3.615483920493052783e-01 2.403807567032295651e+02 1.617831716626791927e+00 5.291160174706003971e+00 -9.600826654136271898e-01 1.331787529295880512e+00 1.285508378905272142e+00 3.989179441362559420e+00
7.080473083927715550e+01 6.225785968558356132e+01 6.222538958873596870e-01 3.166410895624512389e-01 2.558990384743809443e+02 1.622367341984035427e+00 4.730304316306175316e+00 -9.909554587901652223e-01 1.804513230665586443e+00 1.229227922480865098e+00 3.984442778288229903e+00
7.164661796279425232e+01 6.126015802629023455e+01 5.057430119024062254e-01 3.902015277332414600e-01 2.726478075453852625e+02 1.658865923982767221e+00 5.325641972473550645e+00 -9.665221425743867334e-01 1.211626074478211468e+00 1.269814680659902884e+00 3.989619034479379600e+00
7.010902682650791462e+01 6.292013640133838237e+01 5.994909359998372711e-01 3.905631196416380346e-01 2.381529662208238278e+02 1.654048994535209927e+00 4.579383407999608302e+00 -9.815962903660762073e-01 1.974521270244222082e+00 1.283420672755621217e+00 3.983423354924353621e+00
7.171003406922000067e+01 6.135473959090166574e+01 4.993016552077923498e-01 3.962285305692995752e-01 1.974092632725293015e+02 1.609849835689032727e+00 4.870250518984605925e+00 -1.011173829343675612e+00 1.743900071672167540e+00 1.168936488238008442e+00 3.985573518066506615e+00
7.156598008011229695e+01 6.125468794437318110e+01 5.342800411609753830e-01 3.479445047651231748e-01 2.288438482278897368e+02 1.605383463551474765e+00 4.655012040205612323e+00 -9.923282503199627458e-01 1.912434092392887308e+00 1.419836268653803746e+00 3.983990643211785976e+00
7.062311030104449117e+01 6.264544499933469979e+01 7.338768280668526156e-01 2.455588456239788941e-01 2.522460733614157391e+02 1.541093406487722639e+00 5.233738997618091027e+00 -9.707078521540258853e-01 1.321246119934903929e+00 1.062435383000558620e+00 3.988637654713591107e+00
6.892489936724926736e+01 6.395737822511586756e+01 6.244599166704614124e-01 3.598622397492100555e-01 2.473104293170939911e+02 1.636929344567748412e+00 4.809055543323731641e+00 -1.018562871529808067e+00 1.749272983625506317e+00 1.285332936944754367e+00 3.985216695624276717e+00
7.077514094161821845e+01 6.231061288567885015e+01 7.899456153717924201e-01 2.002545141898030012e-01 2.285521009674310733e+02 1.583211312422486250e+00 5.055497210171767897e+00 -9.937132584632373256e-01 1.538327215334811982e+00 1.190205334847961760e+00 3.987042587137259897e+00
7.028569549205705869e+01 6.271482020891753706e+01 7.354331103290310256e-01 2.531750252912217114e-01 2.616616160575119352e+02 1.635671674702182665e+00 5.162338008046273963e+00 -9.875685247082334195e-01 1.377889827316408411e+00 1.270696035288744863e+00 3.987967532590136255e+00
7.152020097856102154e+01 6.134564585273004411e+01 5.612869309278050167e-01 3.084783384716840438e-01 3.186868829943317110e+02 1.729165448122724769e+00 4.986232944542405399e+00 -9.955796738178757099e-01 1.496594882986451935e+00 1.441712549374493779e+00 3.986358881534889598e+00
7.061740006796883051e+01 6.239542947220304825e+01 7.724361794566123596e-01 2.771718474684542466e-01 2.217085535185804019e+02 1.624950995747318272e+00 5.053568580399628196e+00 -9.852558974847744899e-01 1.555403003589156175e+00 1.322394461572167446e+00 3.986953152330692252e+00
6.829253211172097338e+01 6.457880685419441136e+01 7.111257954042574658e-01 2.367319885495711984e-01 2.481418980430034082e+02 1.538955630506116279e+00 4.863668166789069325e+00 -9.713014448238561638e-01 1.691469930516672049e+00 1.328799148573059696e+00 3.985277578143219035e+00
7.092474459506625806e+01 6.202402233456103886e+01 6.312434958612500591e-01 3.546053031903441677e-01 2.352123913623291287e+02 1.726946890796549505e+00 5.412425384764749658e+00 -9.299545475355365243e-01 1.225584339385453747e+00 1.381522052421557678e+00 3.990490974991790285e+00
7.152263680269727786e+01 6.149606683562279130e+01 6.163611903511666545e-01 3.143786261856876818e-01 2.884134482971705893e+02 1.674364969294571681e+00 4.843053430001995174e+00 -1.003122709899173071e+00 1.677379742980082744e+00 1.280514136437701511e+00 3.985357282835920945e+00
6.887022937689465607e+01 6.397660750260588713e+01 6.255671739200802106e-01 3.051995979394433456e-01 2.806119030935041678e+02 1.530680724208235866e+00 4.725656647580952274e+00 -9.853434598350589990e-01 1.802031237265200758e+00 1.228824837752101384e+00 3.984537304354076603e+00
7.126289451338428194e+01 6.171586847372275031e+01 6.144142447634780568e-01 3.272149606067803473e-01 2.359558084591422187e+02 1.679221252910380491e+00 5.169962444621230446e+00 -1.049949421130558669e+00 1.387822015270676168e+00 1.250382878099680850e+00 3.988136397903326635e+00
6.705971577491821733e+01 6.619979280289658163e+01 6.631958222327342112e-01 4.062999015997677543e-01 2.529628763105623079e+02 1.650428633375042864e+00 4.372491132675394354e+00 -9.179301723459114548e-01 2.128186549611257750e+00 1.099097060495570100e+00 3.982061811441639954e+00
7.024524760617978814e+01 6.284053245715036695e+01 6.066289816228284115e-01 3.583490337332812525e-01 2.380875443823610169e+02 1.645751322827634144e+00 4.690826472517133361e+00 -1.001992588258687977e+00 1.870448756549203617e+00 1.202649273668802810e+00 3.984281602841106107e+00
7.054844918529366282e+01 6.228271223133614143e+01 8.282578808278271421e-01 1.696115474023958958e-01 2.513961732195939476e+02 1.607433382184023873e+00 5.154075576915913004e+00 -9.715440459984665544e-01 1.379236676477124890e+00 1.408448051850222260e+00 3.987868776018197892e+00
7.054914848074626832e+01 6.246824103335327294e+01 6.291121184377576059e-01 3.058688477354212787e-01 2.263028887347725231e+02 1.583124207469531308e+00 4.130816107259485115e+00 -8.261863702099956352e-01 2.382082674507217224e+00 1.250860615060370717e+00 3.980785992622776437e+00
6.996012657003240065e+01 6.311733996582920270e+01 7.320197471696019420e-01 2.473175867493170310e-01 2.801691497606854000e+02 1.634231014281021022e+00 5.038760211868991590e+00 -9.897485365645536382e-01 1.488973319341576618e+00 1.219600643267728657e+00 3.986913631910182776e+00
7.048155303046348763e+01 6.242666683568224073e+01 7.502213791784517749e-01 2.389296199419980171e-01 3.092871446403040068e+02 1.751230806309975963e+00 4.951643377606293583e+00 -1.033211692942863413e+00 1.540393569012843411e+00 1.450797508326274743e+00 3.986279577462032986e+00
7.121824432382915404e+01 6.161553527186655543e+01 6.421518544395045103e-01 2.876952583227853077e-01 2.649046269391672013e+02 1.563322989583257216e+00 4.724670879348921382e+00 -9.521373997772974995e-01 1.847319788669311347e+00 1.387195130893781769e+00 3.984193515002730113e+00
6.966232820258883862e+01 6.308303991623735385e+01 5.740244051423697424e-01 3.596732796203726545e-01 2.594768067003336682e+02 1.561866924687625335e+00 5.209417102580589543e+00 -9.475173368299583121e-01 1.372973372803947933e+00 1.361438733666727074e+00 3.988383159589467652e+00
6.969659329838553674e+01 6.326722938866114276e+01 6.020952159716790320e-01 3.184971663402507702e-01 1.977496898647934529e+02 1.599979815680935502e+00 5.459025664286249580e+00 -9.003262140794098256e-01 1.218378363062492475e+00 1.248412533194235507e+00 3.991187411774757443e+00
7.023782428468618377e+01 6.272512369364354612e+01 6.112856754483118049e-01 2.816600894589480486e-01 2.364646541502168873e+02 1.574333533537940255e+00 5.019934467300116943e+00 -9.834288632112002659e-01 1.577613328777110135e+00 1.269061256829854933e+00 3.986623062372072646e+00
7.022746815100451556e+01 6.286753771289681936e+01 5.827455508968448772e-01 3.381639052367821918e-01 2.799152677226596779e+02 1.692923310910713353e+00 5.129327031161682982e+00 -9.761534209358966319e-01 1.381820775360961262e+00 1.198249585016329721e+00 3.987660724563697912e+00
7.112685144412425586e+01 6.150056167192929024e+01 6.042388990225165957e-01 2.872145215330443868e-01 2.479382581432941492e+02 1.658729809949016865e+00 5.152905495913550737e+00 -1.002499267325750898e+00 1.407290058142899980e+00 1.541796419269042540e+00 3.987875034282680087e+00
7.156598008011229695e+01 6.125468794437318110e+01 5.342800411609753830e-01 3.479445047651231748e-01 2.288438482278897368e+02 1.605383463551474765e+00 4.655012040205612323e+00 -9.923282503199627458e-01 1.912434092392887308e+00 1.419836268653803746e+00 3.983990643211785976e+00
7.070717176635743328e+01 6.221459317625939889e+01 5.641777505277842941e-01 3.686844997989495165e-01 2.066623757758716522e+02 1.658322879117940518e+00 4.425020946189731852e+00 -9.805187195688439550e-01 2.145972922352266998e+00 1.431111383660655045e+00 3.982731276467864845e+00
7.155363456541101641e+01 6.127225129779605339e+01 4.894786584115114469e-01 3.535163636334710535e-01 2.743601465068695120e+02 1.652452741313035434e+00 4.978113081734259815e+00 -1.007407434106694755e+00 1.573076303262388009e+00 1.406675824754228810e+00 3.986337616384512117e+00
7.025148715099571461e+01 6.275493690608615793e+01 7.614335619020163870e-01 2.214603075792211939e-01 3.155212485053797309e+02 1.605071113385823312e+00 4.841057474376330383e+00 -9.958296313473804506e-01 1.652382935558668775e+00 1.334539191405020198e+00 3.985325689522549730e+00
6.949687972051057727e+01 6.336221873475766841e+01 6.281241190649314854e-01 3.063512970687037318e-01 2.732020314570787036e+02 1.649771933053493900e+00 4.960903408217041566e+00 -9.729998468942883116e-01 1.562518852684044113e+00 1.350358706107948503e+00 3.986188819643911696e+00
7.007650264366245096e+01 6.309565879556507184e+01 6.534860354279495853e-01 3.062447638560870100e-01 2.212533134738422689e+02 1.631734946780076800e+00 5.353883687127431124e+00 -9.512371142760982501e-01 1.268867277582979014e+00 1.142985032120290123e+00 3.989863323803523265e+00
6.966483874958291267e+01 6.312411337104107645e+01 6.681145382504604102e-01 2.473895181010761779e-01 2.821247222553244569e+02 1.620129964049172644e+00 4.880623289231098560e+00 -1.008502771537825859e+00 1.633756265639035199e+00 1.407914119932447639e+00 3.985609066738580175e+00
7.258864570796308158e+01 6.040084370836060401e+01 5.756196072083910042e-01 3.267043579307760126e-01 2.772736168705508817e+02 1.648192142468395627e+00 5.022373822371107188e+00 -9.835797396271704907e-01 1.518206495298884739e+00 1.318259857892335685e+00 3.986678847279740090e+00
6.952657126256845288e+01 6.342820212343164599e+01 5.849426254191734120e-01 3.850999705351917934e-01 2.333797974319271873e+02 1.639439559991747730e+00 5.475438041390633614e+00 -9.217724885587452732e-01 1.139553114581432602e+00 1.277247198721219945e+00 3.991249436908522963e+00
7.287443250846517628e+01 5.996015883684606251e+01 4.084430815048157304e-01 3.713981814447036012e-01 2.997421614180099709e+02 1.621934869828153047e+00 4.803955337300065409e+00 -9.853229492781450105e-01 1.732293826580780127e+00 1.391495984111523976e+00 3.984951530953092291e+00
7.152319159708517304e+01 6.130273140640802154e+01 5.914288263856043448e-01 3.093681739789885810e-01 2.499953246398231386e+02 1.578072389827838595e+00 4.719517641147738196e+00 -9.567533796248591793e-01 1.857942304295835845e+00 1.377568389652647607e+00 3.984239691116471693e+00
7.212704712623275327e+01 6.064422276639771070e+01 4.736809083008090560e-01 4.208286722582176287e-01 2.728822631703243928e+02 1.690690170315563678e+00 4.781123147514287020e+00 -9.719200293091420084e-01 1.793230518346095259e+00 1.533651720371048688e+00 3.984716081746165983e+00
7.147468915346669860e+01 6.164832256625201978e+01 6.483405044734181777e-01 3.392366081994337423e-01 2.609820244514934302e+02 1.630205244835088552e+00 4.659998163735492582e+00 -9.878218383584465023e-01 1.888566501101987871e+00 1.186428218451588412e+00 3.983999737910669747e+00
6.932995376123123776e+01 6.345370018920962707e+01 6.109619732650528601e-01 3.396687889654074755e-01 2.684041702523556978e+02 1.643307655592106453e+00 4.804695427917701878e+00 -9.883852229480956098e-01 1.738310490755784476e+00 1.455265119248729366e+00 3.984955765150846485e+00
6.932131045795755142e+01 6.359065661459030849e+01 6.760403454969532433e-01 2.670744050862006724e-01 2.457515897634590374e+02 1.605504784716763611e+00 4.853123445193759267e+00 -1.002770183327928555e+00 1.700366511930763824e+00 1.250457324640225076e+00 3.985513811964099151e+00
7.326618307862324286e+01 5.947409561711857862e+01 5.812072786465742880e-01 2.895694799795689445e-01 2.485252105177141004e+02 1.696542904113525596e+00 5.348457042121006921e+00 -9.816815552624956753e-01 1.234390877803169584e+00 1.520199206865374242e+00 3.989711833430473753e+00
7.180181621697845173e+01 6.088165229515670518e+01 4.393422680043324036e-01 3.362854694440085557e-01 1.803058835488383238e+02 1.648939504900030162e+00 4.917894488394793484e+00 -1.085122459118465832e+00 1.685494649858404470e+00 1.505909460862066007e+00 3.986328358498221647e+00
6.991660812942625114e+01 6.319865579985597748e+01 7.397571906182143220e-01 2.798468035130681208e-01 2.440841913865660331e+02 1.626848122668237195e+00 5.187079695860094652e+00 -9.577750048815948380e-01 1.411459667054832279e+00 1.216930422214689056e+00 3.988185069785796344e+00
7.194128146970972182e+01 6.064759496096821323e+01 5.749813441092258559e-01 3.162634709505982578e-01 2.599611037964248794e+02 1.613662484503653571e+00 5.172009125038504962e+00 -9.713167350573835845e-01 1.420273823491152276e+00 1.562198240138376715e+00 3.988088244327112619e+00
7.083294045108881676e+01 6.191337113581577256e+01 5.329703422976705962e-01 3.520359081182636851e-01 2.459272719247793475e+02 1.647799834398480101e+00 5.250346367380559265e+00 -9.605651968221409209e-01 1.360776984054588690e+00 1.434993280646239766e+00 3.988851848612655182e+00
7.132278812162260806e+01 6.125915730382706670e+01 5.901658313646424014e-01 2.847263361790361436e-01 2.548037187119813325e+02 1.612169977914573060e+00 4.903901365583780425e+00 -9.686012990453123361e-01 1.683518473225552592e+00 1.575686022446067591e+00 3.985660150153478742e+00
7.091921442669479347e+01 6.218728456406508798e+01 6.121719699837742112e-01 4.004698405685910845e-01 3.421810663980398886e+02 1.734117469524214306e+00 5.034146804105472661e+00 -9.794234346089724097e-01 1.496255114327146307e+00 1.251769141879854663e+00 3.986735347732244694e+00
7.206115652064383426e+01 6.056283421251229271e+01 4.817449028016632107e-01 3.536274148540667905e-01 2.969306709680054723e+02 1.640778130628042231e+00 4.611455945796770983e+00 -9.829843608326225279e-01 1.928713902835162086e+00 1.537938930443446095e+00 3.983686701990733159e+00
6.996196404906521593e+01 6.273887032314737411e+01 4.769779004660337773e-01 3.582672816440535257e-01 2.626904819421038155e+02 1.576358374395988138e+00 4.308372618587757330e+00 -8.711684666454662107e-01 2.205475042060897284e+00 1.384683044474092739e+00 3.981554894801776268e+00
7.070913633262424014e+01 6.239835920524853918e+01 7.327265511816551946e-01 2.828750033390129981e-01 2.795631198449021326e+02 1.634069916076301032e+00 4.568534666394890031e+00 -9.769043306937313931e-01 1.921776606992211089e+00 1.223297895416219472e+00 3.983460859863805492e+00
7.159868617806542090e+01 6.126078783400990346e+01 6.196024709193763691e-01 3.639418123453438958e-01 2.564582366264395432e+02 1.667868227196529718e+00 5.221864080081887849e+00 -9.471646232574502111e-01 1.345061895617630343e+00 1.367292687044195709e+00 3.988583362487980732e+00
7.025405009894019770e+01 6.239635110043640509e+01 5.831158635298931969e-01 3.192586497736505935e-01 3.335234177807590186e+02 1.611427427326959538e+00 4.948383352082504238e+00 -9.684390192781966444e-01 1.542254016122712956e+00 1.475362611178465233e+00 3.986034728269605587e+00
7.090897683679506258e+01 6.221244811405303921e+01 7.272812072595564725e-01 2.776166288191500020e-01 2.314253747325871586e+02 1.602230819439631082e+00 4.466035441502901548e+00 -9.506048449852739779e-01 2.086957436914975705e+00 1.218294686740705179e+00 3.982699865617952195e+00
7.125929102433707385e+01 6.159971916416606064e+01 6.424333413503025003e-01 2.626954714492279463e-01 2.654686558578574704e+02 1.568590410518654332e+00 4.711787866110737966e+00 -9.829884270894424514e-01 1.847421335593254721e+00 1.397676532178337316e+00 3.984281949350206187e+00
7.071214893023457648e+01 6.221138917370804222e+01 6.476643536528028378e-01 2.560212976421408770e-01 2.736467626603315466e+02 1.608410041476428409e+00 5.133668714740782235e+00 -9.434796839543222458e-01 1.430835053907495436e+00 1.346465773412331757e+00 3.987702999155373185e+00
7.117572461930329553e+01 6.171910307633443438e+01 5.793552587661092712e-01 3.263578330783440395e-01 2.278556327936325090e+02 1.646849071498716066e+00 4.993599497928273401e+00 -1.002757457206012948e+00 1.611068518161258067e+00 1.331056691657434010e+00 3.986532583294835508e+00
6.929535384616674776e+01 6.370148360132660059e+01 6.255453218794232439e-01 3.716336781354420138e-01 2.376309853142373640e+02 1.698461035054596335e+00 5.365358798870981438e+00 -9.583802090300329590e-01 1.243865432619286615e+00 1.316235477027146050e+00 3.989943081410309844e+00
7.138873595156751151e+01 6.142808629670616227e+01 6.078194142561663682e-01 3.044684636033447300e-01 2.777178170168269276e+02 1.652891965267227148e+00 5.046564964849993729e+00 -1.019466650254317264e+00 1.465049427463766873e+00 1.383192960591187459e+00 3.986927125516738002e+00
7.077347324946380525e+01 6.221436978520679872e+01 6.139061143150812416e-01 2.983487496670213512e-01 2.484893056544816830e+02 1.608327465620458252e+00 4.935246292474306351e+00 -9.900483931296270024e-01 1.665587284230082510e+00 1.341477693510646052e+00 3.985986561449225807e+00
7.130460490109099680e+01 6.133754855090254665e+01 5.836879305893488690e-01 2.629538151705239635e-01 2.228830967971708787e+02 1.616239125811336885e+00 5.449623457067885646e+00 -8.961767909220199613e-01 1.171449778389674901e+00 1.531042819757249651e+00 3.991127400216920584e+00
7.168368242480815411e+01 6.100684561040601750e+01 5.321565708697182373e-01 2.945403945546195001e-01 2.599311603961537003e+02 1.574217536391033123e+00 4.583258432682079331e+00 -9.490874299617131360e-01 1.966802472266529378e+00 1.438813231825694317e+00 3.983285639870924211e+00
7.027891812557750484e+01 6.302362908661968532e+01 6.790115651015227183e-01 3.225404804392036362e-01 2.402542762284082016e+02 1.652464064672408917e+00 4.808919044246464658e+00 -9.865492512545662729e-01 1.759888310515887122e+00 1.119438513225990528e+00 3.984931867688278118e+00
7.192396138502682845e+01 6.114801365948130041e+01 7.053695784069260455e-01 2.380429587312038742e-01 3.177964253335940157e+02 1.654142234669246925e+00 4.989308436331509888e+00 -9.880369244523174999e-01 1.470280534246913184e+00 1.273495919044963731e+00 3.986364034059574735e+00
7.087913454867722862e+01 6.207247850562744418e+01 5.818384690035864892e-01 3.481162110449306235e-01 2.117349985418755409e+02 1.617091181099762132e+00 4.248930228369079742e+00 -8.730686248226018353e-01 2.301514869518714868e+00 1.318840715048599010e+00 3.981378994955507622e+00
7.162686800968285183e+01 6.138533872848653772e+01 6.931847420435733875e-01 2.404497876999324713e-01 2.582359287242617256e+02 1.597014303417294334e+00 4.295573064306119626e+00 -8.703716402744952063e-01 2.232456596919009328e+00 1.289459124296229886e+00 3.981436062140546461e+00
6.970750141937091371e+01 6.328346904562480546e+01 6.112613237974444669e-01 3.325184775465807041e-01 1.988563145287483849e+02 1.674419353290401480e+00 4.949235959784670236e+00 -1.127330666101659773e+00 1.629709171159404502e+00 1.311253714637373280e+00 3.986675966659285919e+00
7.005371771264650249e+01 6.278306590371025209e+01 5.962569200380470891e-01 3.402095124277235705e-01 1.678595844474270393e+02 1.587575584929715733e+00 4.295039979412737630e+00 -9.130317323423179365e-01 2.287948557206243905e+00 1.372714518471070066e+00 3.981707514786470448e+00
7.097453332899637246e+01 6.180995529141232936e+01 6.346813075490507217e-01 2.539339387210869381e-01 3.432152431060713411e+02 1.589214894068605499e+00 4.703319300133932401e+00 -9.767717150110912794e-01 1.781838464865756366e+00 1.432669139985482287e+00 3.984189200873561099e+00
7.192292450670973381e+01 6.071423238045701964e+01 5.422126952624402030e-01 3.627719337710643144e-01 2.133661891729919375e+02 1.661163628250617474e+00 4.343592192151900733e+00 -8.936599016638474557e-01 2.226288112150498932e+00 1.613410249286111320e+00 3.981852529078381053e+00
7.173458499251880482e+01 6.124002199646065492e+01 7.431940455765120301e-01 2.056100514416510372e-01 2.646341902439443174e+02 1.628428598768520086e+00 4.632638143386122564e+00 -9.690896819960990172e-01 1.893713472552539079e+00 1.370104396242375566e+00 3.983741094683709960e+00
7.278104752559347901e+01 6.003539703544763739e+01 5.460649918231129663e-01 2.893760889148898618e-01 2.321272862738557592e+02 1.650061478614570198e+00 4.918657701134763194e+00 -9.723135583933067982e-01 1.698558287700099756e+00 1.457749223897532920e+00 3.985830571596420846e+00
7.100892578935606991e+01 6.162404391092839262e+01 6.340523857769538862e-01 3.074954489569019511e-01 2.553816922128965530e+02 1.659981493827619614e+00 4.806088483728580663e+00 -1.009855169042613188e+00 1.751207618132049726e+00 1.543759844444542839e+00 3.985166805485614194e+00
6.821992069867503972e+01 6.425488965724804302e+01 5.368264073220918586e-01 3.491647013797773424e-01 2.920500273940174338e+02 1.584024821985100306e+00 4.733884481202967898e+00 -9.695822391749269187e-01 1.791996800223409014e+00 1.518756864005017748e+00 3.984497066173861679e+00
7.136044782754306937e+01 6.139970249546924919e+01 5.480154641229076917e-01 3.216661988435562392e-01 2.438949825736705748e+02 1.644004841103245518e+00 5.241978149698526934e+00 -9.899771349490100736e-01 1.374324778161589711e+00 1.437633555357348047e+00 3.988717740554745816e+00
6.922637586307914148e+01 6.392874709895197327e+01 7.247524271758862824e-01 3.024404392672905284e-01 2.269145459852818476e+02 1.640465726391084234e+00 5.058812926125527909e+00 -1.057858965814709729e+00 1.507221039499425874e+00 1.139618793714893830e+00 3.987185052141256403e+00
7.083485391147765142e+01 6.231136612976127509e+01 5.570412748330592079e-01 3.304673442374056469e-01 2.441187788716628688e+02 1.595332850382946033e+00 4.494772969308498567e+00 -9.141671694461762643e-01 2.057994914979771384e+00 1.176356298557975855e+00 3.982596910530020295e+00
6.897334391594856129e+01 6.428299031943925002e+01 7.103277455499302784e-01 3.037995358634177911e-01 2.948888958654076760e+02 1.595666420242261685e+00 4.685579427601347824e+00 -9.891459833813381897e-01 1.811392479291172863e+00 1.111453255761137626e+00 3.984128024518242661e+00
7.188488304707945531e+01 6.114308524373364406e+01 6.927783104590781171e-01 2.513185059209694372e-01 2.644903846374850787e+02 1.583677465745510160e+00 4.581034243219237467e+00 -9.810468742307970613e-01 1.946042519057492148e+00 1.267548891814022527e+00 3.983542196144337133e+00
7.058616751808939682e+01 6.203165874006289471e+01 5.666977878224571663e-01 3.101777316652046257e-01 2.414674263105746093e+02 1.640375323550778530e+00 5.253046433015358119e+00 -9.791464603863185845e-01 1.332453669613063774e+00 1.524984366513776779e+00 3.988798554062625179e+00
7.303310576513811725e+01 6.005543469803970424e+01 4.807959398657493111e-01 4.584094279864802668e-01 2.474601203748782439e+02 1.748956527124466476e+00 4.934099643046053529e+00 -1.024032175390783728e+00 1.669819694233570129e+00 1.341456013864401164e+00 3.986085210021579339e+00
7.095979486474143982e+01 6.210717097541628107e+01 6.328715673880207504e-01 3.284489806302560710e-01 2.793160471787563210e+02 1.629841573604589033e+00 5.026349285306227266e+00 -9.663299248969839939e-01 1.535893582918055111e+00 1.217334152573539718e+00 3.986697841477110593e+00
7.246563988331595851e+01 6.024036886907689592e+01 4.217201630699524695e-01 3.311631947241757690e-01 2.142307921724741391e+02 1.626168787705483121e+00 4.616939500883514569e+00 -9.629073137181597408e-01 1.980155340968543065e+00 1.438811660334473830e+00 3.983687888546229683e+00
7.138873595156751151e+01 6.142808629670616227e+01 6.078194142561663682e-01 3.044684636033447300e-01 2.777178170168269276e+02 1.652891965267227148e+00 5.046564964849993729e+00 -1.019466650254317264e+00 1.465049427463766873e+00 1.383192960591187459e+00 3.986927125516738002e+00
7.112862631936482671e+01 6.196248589167722542e+01 6.567338219204269523e-01 3.000884271613538101e-01 2.849003855127525071e+02 1.604732494055153280e+00 5.191719936069675967e+00 -9.606866297139563526e-01 1.370322289247406067e+00 1.177302407145718766e+00 3.988253271687426604e+00
6.977126744086331200e+01 6.307040243218386166e+01 5.223570493252512881e-01 3.728069218862889445e-01 3.240343546679733322e+02 1.571200876068120644e+00 5.122962662498818709e+00 -9.469978739158508851e-01 1.388227396876890785e+00 1.334827498967463555e+00 3.987507347822960568e+00
7.300935842322715530e+01 5.980877893858978211e+01 4.963575371741618669e-01 3.597289610783804270e-01 2.963108518763727375e+02 1.720682123901613236e+00 5.084411312839913322e+00 -9.989035261134193711e-01 1.449302267646709108e+00 1.475661056315966890e+00 3.987205488572547196e+00
6.894361118045799230e+01 6.378176948484004072e+01 6.400619661594352250e-01 3.262057761874569972e-01 2.262984256640966123e+02 1.607517519283957474e+00 4.449434750561157337e+00 -9.486646002611468509e-01 2.119528793573468128e+00 1.425530391103982497e+00 3.982625967556711721e+00
6.888945592247897309e+01 6.383193636076286026e+01 6.981164124708914009e-01 2.634476070935434233e-01 2.219741908128954151e+02 1.629140046332094860e+00 4.877199703983515100e+00 -1.023768130615341887e+00 1.694600559598233636e+00 1.475619686299131095e+00 3.985654397679416316e+00
7.087915059530247675e+01 6.205925092352285333e+01 7.800298466323731805e-01 2.331457338220072617e-01 2.643555227476424534e+02 1.586004177408565807e+00 5.274359483416662719e+00 -9.410882808243075104e-01 1.272279081853072036e+00 1.329996991002823981e+00 3.989049025668948367e+00
7.025405009894019770e+01 6.239635110043640509e+01 5.831158635298931969e-01 3.192586497736505935e-01 3.335234177807590186e+02 1.611427427326959538e+00 4.948383352082504238e+00 -9.684390192781966444e-01 1.542254016122712956e+00 1.475362611178465233e+00 3.986034728269605587e+00
6.932371589624327157e+01 6.397882373818416823e+01 6.973872099580973316e-01 2.916300931725050449e-01 2.123937367325068521e+02 1.565003979356965447e+00 5.388997186874290080e+00 -9.205002768563753657e-01 1.252411857167871734e+00 9.888953566403083650e-01 3.990390310121548101e+00
6.887022937689465607e+01 6.397660750260588713e+01 6.255671739200802106e-01 3.051995979394433456e-01 2.806119030935041678e+02 1.530680724208235866e+00 4.725656647580952274e+00 -9.853434598350589990e-01 1.802031237265200758e+00 1.228824837752101384e+00 3.984537304354076603e+00
7.090840777561948016e+01 6.173313833171523157e+01 4.143598563910429466e-01 4.189422314014539239e-01 1.678302625272360160e+02 1.675732764789535922e+00 4.766729345398660556e+00 -1.116694288263832213e+00 1.845709566541409163e+00 1.540738145036236073e+00 3.985540082702692111e+00
7.256163432148626669e+01 6.054517547625262353e+01 6.789168709180574135e-01 2.871476583366826540e-01 2.446075866682287767e+02 1.689066409822797876e+00 5.165914810870052776e+00 -9.935339550071705661e-01 1.389896852713702113e+00 1.347471601735954705e+00 3.987964324106224812e+00
7.224005351392521845e+01 6.056809790539903560e+01 4.565229708668613329e-01 3.748116648171829213e-01 2.749413570321725047e+02 1.656714863830382134e+00 5.045316038164580519e+00 -1.004685168945674834e+00 1.494638598969598720e+00 1.407790058470765659e+00 3.986875349299064286e+00
6.969659329838553674e+01 6.326722938866114276e+01 6.020952159716790320e-01 3.184971663402507702e-01 1.977496898647934529e+02 1.599979815680935502e+00 5.459025664286249580e+00 -9.003262140794098256e-01 1.218378363062492475e+00 1.248412533194235507e+00 3.991187411774757443e+00
6.996765572216254725e+01 6.300589346442335170e+01 6.959238362584840853e-01 2.520116640737720681e-01 2.998644402093792110e+02 1.592366932249595690e+00 5.040788415412149170e+00 -9.879921285139635634e-01 1.476786148998398440e+00 1.264267024709382792e+00 3.986818558670280677e+00
7.085874637245046870e+01 6.242762793066825111e+01 7.830816218652171257e-01 2.438259273552304540e-01 2.595624450506322205e+02 1.635509575286641093e+00 4.894234061044838491e+00 -9.978861994475672903e-01 1.636716258145448855e+00 1.094513486785831935e+00 3.985683813932261010e+00
6.732987845172526420e+01 6.565183290704648300e+01 7.906943098567907890e-01 3.018714635834133242e-01 2.590223377008710486e+02 1.633551979471994153e+00 4.665821133897170903e+00 -9.674979092210796994e-01 1.882607395125153404e+00 1.366650536467070687e+00 3.983904985798924603e+00
7.033072664706018884e+01 6.241258998034081174e+01 5.621642823920955934e-01 3.605517911832801792e-01 2.172558374701667674e+02 1.671896498781708207e+00 5.353571671729146608e+00 -9.654024373000338333e-01 1.283306447768396419e+00 1.475578383905321589e+00 3.989789674761325067e+00
7.069470317241760426e+01 6.232917562716644966e+01 6.019010376655795636e-01 3.348447336734793334e-01 2.239939691879289967e+02 1.609006568889755018e+00 5.525678753156167744e+00 -8.796672188140831627e-01 1.107220552460788543e+00 1.274005766717755117e+00 3.992023388221145996e+00
7.107110568578225696e+01 6.158003805988386858e+01 6.904125370793575689e-01 2.501853970791899084e-01 2.079737303817203156e+02 1.634849696151885023e+00 5.293370124438866675e+00 -1.008344142246784481e+00 1.309136531032588868e+00 1.598203813610179713e+00 3.989099448068926357e+00
7.180181621697845173e+01 6.088165229515670518e+01 4.393422680043324036e-01 3.362854694440085557e-01 1.803058835488383238e+02 1.648939504900030162e+00 4.917894488394793484e+00 -1.085122459118465832e+00 1.685494649858404470e+00 1.505909460862066007e+00 3.986328358498221647e+00
7.206115652064383426e+01 6.056283421251229271e+01 4.817449028016632107e-01 3.536274148540667905e-01 2.969306709680054723e+02 1.640778130628042231e+00 4.611455945796770983e+00 -9.829843608326225279e-01 1.928713902835162086e+00 1.537938930443446095e+00 3.983686701990733159e+00
6.932005764341734277e+01 6.352099590666396978e+01 6.995463842145107636e-01 2.830394673231836355e-01 2.365941250891083030e+02 1.616927617506121351e+00 4.784711538444929246e+00 -9.649575391366479460e-01 1.804105358174844076e+00 1.393638420329165184e+00 3.984740679472715819e+00
7.055600722376705392e+01 6.232902055598407287e+01 6.797104219951649595e-01 3.177846636284329951e-01 2.118959137055550741e+02 1.640651402869726105e+00 4.334287156299086341e+00 -9.167465465822338677e-01 2.224276785939497181e+00 1.444076308934324038e+00 3.981895561593105981e+00
7.240296077632963545e+01 6.048282965444793291e+01 6.207946740833304444e-01 2.756227245666241221e-01 2.382201386450595066e+02 1.652554254868818795e+00 4.927497037482112319e+00 -1.008675934556602094e+00 1.624185702100381601e+00 1.437461841301538756e+00 3.985993084611870074e+00
6.926059224786861535e+01 6.383910568121599027e+01 7.261513015662532933e-01 2.553085889985893808e-01 2.438489576627075053e+02 1.573728901369928712e+00 4.954742220314825474e+00 -1.010242585668436499e+00 1.615789760047276369e+00 1.155501032915963400e+00 3.986234854218384527e+00
6.959559817529779480e+01 6.332571937778266857e+01 5.958345048796930277e-01 3.194517201480531754e-01 2.371600469703860767e+02 1.628909400223018444e+00 4.636052930867418098e+00 -1.005851265037417619e+00 1.908274927185934278e+00 1.330719580519319489e+00 3.984014407952189973e+00
6.903185891664887208e+01 6.374574331452046039e+01 5.844908198809208866e-01 3.354176655898740145e-01 2.227517794391538075e+02 1.634586308023442847e+00 5.079091177672716562e+00 -9.997870664170921406e-01 1.518133006588517908e+00 1.413492739106984031e+00 3.987162346306572402e+00
7.119728762128089272e+01 6.164338264116000943e+01 5.156162247905798912e-01 3.528145137577916590e-01 2.794125393450962633e+02 1.639792486206203659e+00 4.810667147198991245e+00 -9.523623680990040974e-01 1.728826324468727638e+00 1.393791633726808810e+00 3.984817190071662907e+00
7.220214702284434338e+01 6.038094969235674370e+01 5.184393463232269683e-01 3.334098544610146764e-01 2.932222420158041132e+02 1.667236780222103087e+00 4.643441328186945327e+00 -9.510025787880337367e-01 1.853792971812449508e+00 1.601450645478549983e+00 3.983673355524366411e+00
6.988925913604482787e+01 6.307381287095099509e+01 6.815078210045905083e-01 3.038178248525951197e-01 3.260383731532124898e+02 1.591280235738654403e+00 5.194710684435312587e+00 -9.635661027486503993e-01 1.279554614474665897e+00 1.248059354530183240e+00 3.988304279982287870e+00
7.023426035002979972e+01 6.253083471351111911e+01 6.613441484231948886e-01 2.643550096829748730e-01 2.822643965008124951e+02 1.588408695515651337e+00 4.910051920020881866e+00 -1.017537182446871080e+00 1.625375973788218298e+00 1.388956628984583386e+00 3.985819782208770423e+00
6.846242052728970862e+01 6.426042608555469826e+01 7.539222908756176844e-01 2.479042258005044186e-01 2.390851179908012512e+02 1.574156920738973175e+00 5.181960208618888508e+00 -9.716467383633274890e-01 1.419150007520584511e+00 1.440182149523163924e+00 3.988151724772551532e+00
7.115522123731962267e+01 6.190765674094105719e+01 6.409400777259299797e-01 2.963217007349631116e-01 2.478080660753903999e+02 1.548095046670469266e+00 5.205696707381511246e+00 -9.749324112404971210e-01 1.378122601850830131e+00 1.149304764860595851e+00 3.988362739822440606e+00
7.291651612939004679e+01 5.996709176394742258e+01 4.402620955715829676e-01 4.020836759901822988e-01 2.468767277507730853e+02 1.667921953036309635e+00 5.278215084838668858e+00 -9.930551827293917500e-01 1.309899384453927729e+00 1.314478392321338340e+00 3.989041471255828863e+00
7.151208902854405380e+01 6.159373739832601302e+01 6.233758665704668411e-01 3.322031393798977605e-01 2.052470061347744377e+02 1.637698947630138013e+00 4.472654984767124198e+00 -9.536047317093915288e-01 2.103914874954287750e+00 1.285455965289621583e+00 3.982702185758540736e+00
6.948989465643450103e+01 6.359102831013191803e+01 7.058698890204120335e-01 2.747561704291541784e-01 2.628030034253486065e+02 1.572463377249388117e+00 4.685752487564415425e+00 -9.893329870578650986e-01 1.859138463827699317e+00 1.160677962132057095e+00 3.984244208875511006e+00
7.219054191187994718e+01 6.107915370626623996e+01 7.037752001458427165e-01 2.839518020812391574e-01 2.169449409153213821e+02 1.607838264836634723e+00 4.940904129308809623e+00 -9.965484054456020813e-01 1.659910581701077525e+00 1.154042901321846282e+00 3.986054552916399096e+00
7.116334771858286956e+01 6.191475545692132698e+01 6.358191264967546497e-01 2.965656945661394039e-01 2.715529331286784327e+02 1.630020697706146882e+00 4.372200596759770796e+00 -9.021741937179150739e-01 2.130452851570784567e+00 1.294191802714047101e+00 3.981951362532433425e+00
7.446448105867904133e+01 5.849620324191569409e+01 5.031527136333922012e-01 4.161567172246701807e-01 1.795446711826031958e+02 1.688174849420496004e+00 4.797357621396355576e+00 -1.069713467841916010e+00 1.827850561551106923e+00 1.451195299683343487e+00 3.985349467673783952e+00
6.987103474124067759e+01 6.314057936063692011e+01 6.091632736356201727e-01 2.664255622649540634e-01 2.389336914056994488e+02 1.537439335613443925e+00 4.707815697396521948e+00 -9.569808454042966206e-01 1.855400340175835217e+00 1.139820790202543455e+00 3.984225911633243911e+00
7.148867823058090210e+01 6.149463635853582133e+01 6.012134999025365856e-01 3.102834755493504293e-01 2.077768788580513899e+02 1.620247974183112172e+00 4.585553496374277671e+00 -9.795185019274129656e-01 2.005699287322701085e+00 1.306583123724349038e+00 3.983563460207790285e+00
7.213471672998051076e+01 6.065997824810359873e+01 6.997575006922835961e-01 2.635849347474902293e-01 3.242510407300782163e+02 1.747379568269926686e+00 5.031262145367986882e+00 -9.865459382685285439e-01 1.438461824185113924e+00 1.532200900168527724e+00 3.986817806845432965e+00
7.113699247815827675e+01 6.192015319552783126e+01 7.129528973941512415e-01 2.565505550987140504e-01 2.696667913827662346e+02 1.568803146607300691e+00 4.469817774247089481e+00 -9.208298139272333982e-01 2.044348974802460361e+00 1.252489109293303482e+00 3.982483459543025184e+00
6.884607881240457061e+01 6.412139215328527087e+01 6.738908406808354901e-01 3.029306408794477101e-01 2.244780047148709912e+02 1.615827564367206426e+00 5.107013011019550852e+00 -9.989631162509859941e-01 1.488407080444738240e+00 1.282139803567442060e+00 3.987409100913734683e+00
6.906352512423684686e+01 6.396613665543200966e+01 6.106235448468085858e-01 4.021678977032319136e-01 1.886898468710596433e+02 1.628753408223182042e+00 4.234585173029019600e+00 -8.806877145009774921e-01 2.342706558870329747e+00 1.260853357967374633e+00 3.981279094234758897e+00
7.047453779739720403e+01 6.230488790325941295e+01 6.330362079544927800e-01 3.131123904601000874e-01 2.246371850244228767e+02 1.654048540517064625e+00 5.444088356482203572e+00 -9.207476694455893895e-01 1.190892163261913606e+00 1.453294803449040939e+00 3.990892401926896316e+00
7.217001180876734168e+01 6.082612677494361009e+01 5.989918038261065059e-01 3.160132027473923633e-01 2.302930866227019067e+02 1.611805296565188783e+00 4.679832937943509741e+00 -9.771532195450371994e-01 1.885674011460622079e+00 1.291985076547156330e+00 3.984104142330405551e+00
6.926810186414726900e+01 6.355747396020600348e+01 6.894332346870628569e-01 3.121374169546280442e-01 2.778501063835388436e+02 1.598576575044369674e+00 5.142973280544204329e+00 -9.844563874730423159e-01 1.403349939164366900e+00 1.341490381997159531e+00 3.987730316147367393e+00
7.153115856494444813e+01 6.138501999201239556e+01 7.113333887755607376e-01 2.252273375969517377e-01 2.708560690079902429e+02 1.595988793319229826e+00 4.909543430320002955e+00 -9.898264961769205339e-01 1.600545558551978775e+00 1.356649369106700753e+00 3.985812361436350759e+00
7.012897644463554059e+01 6.283147248107468386e+01 6.762744934842404021e-01 2.570656922991846338e-01 2.877537834270293615e+02 1.586656218470551050e+00 4.971621606826257533e+00 -9.899990870753375694e-01 1.539757329087514393e+00 1.242204463602456732e+00 3.986301852760334885e+00
7.177422814299400500e+01 6.098590965577061240e+01 6.370658227134053941e-01 3.472104022568722748e-01 2.195800083978276405e+02 1.689038486626013968e+00 4.804574476695332663e+00 -1.078383918352721071e+00 1.787781310588481665e+00 1.559097084455165483e+00 3.985460666696981402e+00
7.080337549204672598e+01 6.206913389709907136e+01 7.302571016182315411e-01 2.689519472071058570e-01 3.169263845928608134e+02 1.616900806359465870e+00 4.744996349774421418e+00 -9.804064550443292170e-01 1.759195106809927411e+00 1.404609878688115598e+00 3.984497177892873054e+00
7.119072580064089095e+01 6.183657195744259383e+01 5.915648333042599072e-01 3.142257185094407546e-01 2.614004556735138749e+02 1.642254607460043925e+00 5.203573128926842983e+00 -9.824807238430492973e-01 1.339388803364995217e+00 1.243020080945706152e+00 3.988288588214977892e+00
7.201009797989354411e+01 6.077874965709794708e+01 7.071907647003576880e-01 2.482219174030528275e-01 3.680980663283299918e+02 1.651009127197307080e+00 4.780375029014737542e+00 -9.648061042324437286e-01 1.660843901070021777e+00 1.526774617451701399e+00 3.984720754305174140e+00
7.060945981906836266e+01 6.212706580682069557e+01 6.396723937515368386e-01 2.835009580675211804e-01 2.460124012283607158e+02 1.614637116476739020e+00 4.808410272102410232e+00 -9.970662622814618903e-01 1.761141518774945292e+00 1.469775564654264954e+00 3.985035889691713518e+00
7.095671243601900358e+01 6.200248122439117537e+01 5.503933601050513547e-01 3.797368159944805033e-01 1.961013606626425201e+02 1.647473579972453139e+00 4.257849222763555375e+00 -9.046313965430484716e-01 2.322285449246149991e+00 1.394138799691811093e+00 3.981510089259209462e+00
7.090464573428251072e+01 6.190454277944461126e+01 5.707994424524749366e-01 3.147720071376300388e-01 2.662140434912032561e+02 1.620530282823964274e+00 5.161387852436554624e+00 -1.011004891965354702e+00 1.358167208684209148e+00 1.360239620695943952e+00 3.987950970623958646e+00
7.107150868910370889e+01 6.168973307344047896e+01 5.740052257383372325e-01 3.030469504536678071e-01 3.409019922544515566e+02 1.587820699618437414e+00 4.926127833579291959e+00 -1.002072087924509525e+00 1.561063113468086128e+00 1.433272880492089341e+00 3.985982000493520694e+00
6.914551528795219326e+01 6.388445801405863733e+01 7.672815156392298608e-01 2.397038159724990125e-01 2.360449054743922375e+02 1.548401257353844596e+00 5.233410335445608297e+00 -9.501683586524026781e-01 1.351888202183408438e+00 1.207559166148798990e+00 3.988641730010119790e+00
7.023426035002979972e+01 6.253083471351111911e+01 6.613441484231948886e-01 2.643550096829748730e-01 2.822643965008124951e+02 1.588408695515651337e+00 4.910051920020881866e+00 -1.017537182446871080e+00 1.625375973788218298e+00 1.388956628984583386e+00 3.985819782208770423e+00
7.315311028409834648e+01 5.943649166878017098e+01 6.316396959771883868e-01 2.536248833653975132e-01 2.407057336213528913e+02 1.652258589154547819e+00 4.628028770914561107e+00 -9.667077523166234254e-01 1.937302483449636181e+00 1.675185171569092635e+00 3.983727562011381451e+00
6.884575777588138124e+01 6.378113634865917447e+01 5.199964652308073365e-01 2.867256078046253043e-01 3.037628767995861949e+02 1.540541581407295801e+00 4.691362665638076912e+00 -9.854658034039257553e-01 1.840302412195661708e+00 1.479358103286091852e+00 3.984166563958489338e+00
6.885624400519319011e+01 6.397925711923114989e+01 4.940681438772431266e-01 3.433693770995412953e-01 2.051298076292450787e+02 1.619015455605263609e+00 5.301418335274485472e+00 -9.977153188196742351e-01 1.327870857817062378e+00 1.335583018485211992e+00 3.989152666710991557e+00
7.030977043438213059e+01 6.264261099568364699e+01 6.301123391375277327e-01 2.416316241373051010e-01 2.932101784262517299e+02 1.601511719088901664e+00 5.037504141693577964e+00 -1.021801639517320393e+00 1.441956990087692514e+00 1.273098962872129869e+00 3.986927794370104916e+00
6.847963343637988487e+01 6.423395354610559593e+01 6.222647372665128795e-01 3.049832909514399448e-01 3.012531221290261669e+02 1.520340052757418681e+00 4.761096640112134182e+00 -9.742984627505779649e-01 1.744655818188537433e+00 1.375668357847696477e+00 3.984632693314562601e+00
7.059442588560408183e+01 6.251874822031680168e+01 5.805673980348181606e-01 3.537337052973208995e-01 2.800811311048941548e+02 1.659770823481628632e+00 4.803902280726661367e+00 -9.876906165765322321e-01 1.732453461379225068e+00 1.260036517930966049e+00 3.985004293561345001e+00
6.934270307076938877e+01 6.359415386914794510e+01 7.343796700774436470e-01 2.564164458700124438e-01 1.917420893816196781e+02 1.578255877518427441e+00 4.470355036703861806e+00 -9.549419041586446610e-01 2.112597851838155627e+00 1.306662568469769470e+00 3.982747169806142740e+00
7.018619379838982297e+01 6.309468703177415705e+01 7.307748769561049906e-01 2.713462184296000501e-01 2.494296746702618748e+02 1.612023850656031820e+00 5.304269873526702206e+00 -9.554170958468389818e-01 1.272492988572728967e+00 1.075511680105168733e+00 3.989354580015703533e+00
7.035190900100829481e+01 6.268412787016007570e+01 7.134011332878790190e-01 2.441826577526548803e-01 3.346515930288032905e+02 1.515445589047495822e+00 4.630712849922226759e+00 -9.729997964054433179e-01 1.834204477833067948e+00 1.174488634037246904e+00 3.983788458813462441e+00
7.139429354414271245e+01 6.157801795815969115e+01 5.816128266030655691e-01 2.847268347161831525e-01 2.002295883074714595e+02 1.601751649737927163e+00 5.546381659591005153e+00 -8.675660948649918103e-01 1.111918845394942457e+00 1.233093369748111900e+00 3.992427812079925253e+00
7.060853881806730215e+01 6.209940655106712626e+01 6.631456579028391918e-01 3.087816534087893250e-01 2.258938623690928011e+02 1.650481659151453062e+00 5.099048184795861083e+00 -1.013963625846612704e+00 1.511059247606844291e+00 1.565612592495931876e+00 3.987416684439383019e+00
7.208220336704044939e+01 6.093580889753974361e+01 4.613513480721948556e-01 3.738029993962377340e-01 2.213176431552280690e+02 1.603329895562841001e+00 4.794376894552248025e+00 -9.969049042639328562e-01 1.802384417263762195e+00 1.238418911299768110e+00 3.984922104373785690e+00
7.064037051886303686e+01 6.220995451559820566e+01 5.886954033139301101e-01 2.681682030400943106e-01 2.546149897357709904e+02 1.572551879392833918e+00 5.085092686132938411e+00 -9.629938144348362261e-01 1.492884467346732746e+00 1.358921207180580737e+00 3.987250070153356862e+00
7.050005762451957025e+01 6.235504946519391467e+01 6.318356499323313225e-01 3.181427795215732157e-01 2.618002185099567214e+02 1.664973189795085462e+00 4.579659012940023644e+00 -9.933252911166222665e-01 1.944834826856869592e+00 1.431300294737104517e+00 3.983568096242149803e+00
7.142421189847507890e+01 6.135240444548546890e+01 7.292876728294281907e-01 1.829973739076087291e-01 1.925144612662242594e+02 1.589434636884887508e+00 4.328599166598794845e+00 -9.369561316332948309e-01 2.229092791026343168e+00 1.412200944964396632e+00 3.982067295662510276e+00
6.971626914749890602e+01 6.336599399317538683e+01 7.695944399872310937e-01 2.944521000265722943e-01 2.258987932381141945e+02 1.600710185753063453e+00 4.492194774266263124e+00 -9.361001319357914463e-01 2.067374241303338689e+00 1.265383804262983913e+00 3.982735690119016514e+00
7.221973400710794522e+01 6.084169304210466578e+01 6.288830478358603537e-01 2.919993077863745623e-01 1.918003135321398247e+02 1.612119951167909404e+00 4.478681409141174186e+00 -9.729439489546645170e-01 2.099969420263800846e+00 1.292930117681845070e+00 3.982902156288910422e+00
6.955686193198864942e+01 6.362839960176336263e+01 6.464071126913523146e-01 3.114093288130763137e-01 2.550606256073126872e+02 1.604596368029430398e+00 4.784211186234861302e+00 -9.697364328593403027e-01 1.760097226251996938e+00 1.166320121059945647e+00 3.984700670355913132e+00
7.209141095676511668e+01 6.097621889580576493e+01 6.328560815932559036e-01 3.130349570269440052e-01 3.204604716986497692e+02 1.650645124235883054e+00 4.687986254494295402e+00 -9.787082136821420031e-01 1.773074856366209318e+00 1.271050607906663688e+00 3.984110697406621604e+00
7.076124671592384630e+01 6.202885595117420792e+01 5.103294256847455967e-01 3.449647740471434298e-01 2.727017382581138918e+02 1.684239352019005098e+00 5.083941718623870010e+00 -1.024497094565093969e+00 1.459651594108282602e+00 1.412820260177471088e+00 3.987239453056341532e+00
7.243916703218407349e+01 6.077801059706541764e+01 6.137962167340144104e-01 3.389364069246709188e-01 2.872580120990347154e+02 1.663560416958633770e+00 4.369000967676674563e+00 -9.542828595254905233e-01 2.121688520372831732e+00 1.172126226259538662e+00 3.982260811635955466e+00
7.084051954694866993e+01 6.222713979764378678e+01 7.350852009136809029e-01 1.741817501919052658e-01 2.264503286434795939e+02 1.540539236715011917e+00 4.593435277876964484e+00 -9.486243603409920677e-01 2.001651539964924620e+00 1.152876128774162456e+00 3.983351390130386971e+00
6.952142759424408780e+01 6.321370635830871976e+01 5.297561179155315658e-01 3.120135046389914679e-01 2.412860147584140407e+02 1.616883663886742761e+00 4.942335495639452958e+00 -1.017555796274243418e+00 1.619575436179572447e+00 1.435875410597853286e+00 3.986080205072837668e+00
7.027738056743217498e+01 6.270316125546101205e+01 6.064469356451344106e-01 3.305490493390784712e-01 2.176044878799347089e+02 1.591968951061505599e+00 4.470627918662240852e+00 -9.356903459160892389e-01 2.105981604607176205e+00 1.242999072067295652e+00 3.982656109340674266e+00
7.165262066680162434e+01 6.124750065588513337e+01 4.445350149238243564e-01 4.081023577856914275e-01 2.696430153104573719e+02 1.673530082588478463e+00 4.535974592847074938e+00 -9.554651312067542479e-01 2.009044317888472708e+00 1.381788352236291262e+00 3.983063853496128903e+00
7.162399173127664653e+01 6.132941907891931521e+01 5.737620072577126473e-01 3.527801375632683700e-01 2.778542673478403913e+02 1.645633553628748080e+00 5.309787623434871762e+00 -9.318938899121109731e-01 1.217533538929688630e+00 1.270057189732463954e+00 3.989444626792320037e+00
7.086615015616699509e+01 6.236403949243628375e+01 6.950469322691035234e-01 2.227186662613286627e-01 2.281801945323119583e+02 1.596084574642125720e+00 5.184673246917456346e+00 -1.011076372567202286e+00 1.417539611917123965e+00 1.130320596050621518e+00 3.988155004042571505e+00
7.252221675865419570e+01 6.020908037956869663e+01 6.673935282648126854e-01 1.936378096345926503e-01 2.704986987679438357e+02 1.566250161510110983e+00 4.644673088038579145e+00 -9.443640376622475241e-01 1.886493891429620984e+00 1.469107067703041558e+00 3.983739321128767941e+00
7.238713427364795905e+01 6.065086116232478730e+01 5.284092936728500556e-01 3.557984888481380836e-01 2.153947447192740867e+02 1.635680772787593940e+00 4.476885962940935215e+00 -1.001544909216996126e+00 2.086340780887801838e+00 1.217795715405744605e+00 3.983158213342844256e+00
6.956389907551293561e+01 6.346720276172162301e+01 6.636565406800885025e-01 3.495500439997170639e-01 2.613217969324534806e+02 1.619708827182678279e+00 4.981549841574563153e+00 -9.708999141674498068e-01 1.607589193683970796e+00 1.222348764557635414e+00 3.986323010617523810e+00
7.075431113269000605e+01 6.193713658989268822e+01 5.070281988528135830e-01 3.360464516233626076e-01 2.705304382408687616e+02 1.666729133552048436e+00 4.980265508594487578e+00 -9.680890684018226278e-01 1.542797515920451223e+00 1.519486634085654098e+00 3.986299623100443057e+00
7.002480178428228896e+01 6.277688687266461898e+01 6.298906169473668104e-01 2.999265692456807297e-01 2.703385588826356525e+02 1.576220388607943335e+00 4.993015020228745549e+00 -9.769560987211096670e-01 1.545952947834630109e+00 1.353777331642093573e+00 3.986450932351200738e+00
7.018891666820834985e+01 6.288464720159279864e+01 6.757302525560190398e-01 2.750488540736205079e-01 3.439467288847376949e+02 1.570596215377868532e+00 4.875176901267542107e+00 -9.703352567136398488e-01 1.571246770718126573e+00 1.210579032725580539e+00 3.985398520344379136e+00
7.078247667896299333e+01 6.234332910484555157e+01 5.752463964745394565e-01 3.584263199717198090e-01 2.577046798869057511e+02 1.639063216018310953e+00 5.004632959972805217e+00 -1.000038029805710549e+00 1.554512473130834183e+00 1.142134859365236066e+00 3.986536195698485940e+00
6.770052446454899098e+01 6.526575453673834204e+01 7.656648815928734919e-01 2.424222794409834625e-01 2.818922836789690791e+02 1.531874380206014852e+00 4.966897140430335256e+00 -9.900298955541202428e-01 1.554763362218751999e+00 1.258908314163010411e+00 3.986148723599368449e+00
7.053203705241834598e+01 6.253914547332336582e+01 6.623464565233324608e-01 2.941498034191837307e-01 2.602651126743575105e+02 1.546835838731380752e+00 4.395397191591400521e+00 -8.921235843824352196e-01 2.148585974540611065e+00 1.111372889814137510e+00 3.982041558802849934e+00
6.991133640472088473e+01 6.314102624019053422e+01 6.259569970130284267e-01 2.748646722258856756e-01 1.620876361438671154e+02 1.597912077190986491e+00 4.370475561925856844e+00 -9.172578040955580159e-01 2.220033293587256651e+00 1.256114433687721021e+00 3.982002641760073569e+00
7.249666788079808555e+01 6.039380954304681381e+01 5.461500870224141879e-01 3.362833956575427830e-01 2.551669464262670601e+02 1.652080627178959871e+00 4.842702559664865625e+00 -9.913139341391874471e-01 1.713232841662926775e+00 1.381252705795579017e+00 3.985297538699207553e+00
6.992019407028732303e+01 6.264470194793902635e+01 5.553420682156596788e-01 3.200516299961509437e-01 2.412161312916906297e+02 1.605577882741926921e+00 4.838304050774333120e+00 -9.887893827219241816e-01 1.727265307274751915e+00 1.548300834731236364e+00 3.985177699830858788e+00
7.048622399668016669e+01 6.268044708215990823e+01 6.056096818345854116e-01 3.114925925775036131e-01 2.558428403378690632e+02 1.563678575447652097e+00 4.951184426505605529e+00 -1.010659732708482750e+00 1.592212226915397322e+00 1.023233277550963827e+00 3.986160888401751201e+00
6.861094994413132042e+01 6.437549618857045175e+01 6.180024242059793949e-01 3.248556537564509239e-01 2.205554127034105250e+02 1.629729385292266297e+00 5.498521709187273565e+00 -9.113226333331383433e-01 1.126181447454077222e+00 1.235813669773745183e+00 3.991591884249159783e+00
6.985263920352781497e+01 6.294070524381250209e+01 6.606772843420718466e-01 2.293683598195303541e-01 2.611807821589384275e+02 1.584744267667777873e+00 5.390468396133062612e+00 -9.393067569614763634e-01 1.186463958808134489e+00 1.399933396569656319e+00 3.990278053702853711e+00
6.720118483436573342e+01 6.603478945881566631e+01 7.321573365157350022e-01 2.897632720362455783e-01 2.336983289364117127e+02 1.517442411674439162e+00 4.608601651382906894e+00 -9.666144555200357757e-01 1.984415464201770840e+00 9.547750608391251115e-01 3.983619642595618959e+00
7.118786550757288012e+01 6.195887420972488968e+01 6.212059167600262333e-01 2.765251746492587981e-01 2.285316002669292175e+02 1.651201369819028875e+00 5.287084321506188900e+00 -9.977143130484901201e-01 1.253211383851921878e+00 1.168857565900604634e+00 3.989112016017151152e+00
7.258547273506124498e+01 6.049449723245481891e+01 6.647323506851029462e-01 2.508371675649800348e-01 2.749917222501237575e+02 1.614696442150532762e+00 4.626936465600352655e+00 -9.314411952937053929e-01 1.890234896810933485e+00 1.288595593598869993e+00 3.983435997942413653e+00
7.025282401261956977e+01 6.282807314441815549e+01 6.823779637438772694e-01 2.690410162342792844e-01 2.720156917477112302e+02 1.569920100864902857e+00 4.587107346437577782e+00 -9.757127812421275692e-01 1.947756982033840512e+00 1.201519878620110893e+00 3.983480845028742223e+00
7.066442095049720251e+01 6.196540832550602573e+01 5.323894031052577303e-01 3.534672005030750075e-01 2.553757141412185376e+02 1.602499388699854421e+00 4.777399966517022811e+00 -9.986797386733947679e-01 1.780332817653068833e+00 1.516868158748703399e+00 3.984815818506613372e+00
7.062969104586707658e+01 6.189730128852482949e+01 6.469261590513768478e-01 1.823939618619912217e-01 2.443380385336688789e+02 1.564019122843017362e+00 4.559137768797672408e+00 -9.742982917875225857e-01 1.968828212296924507e+00 1.588214941688629755e+00 3.983418730792487317e+00
7.095748476494166823e+01 6.176223257402183009e+01 5.300886333895707958e-01 3.942686243000024238e-01 1.939743960660860296e+02 1.705502979689576426e+00 5.261049043801746095e+00 -1.012766418720291162e+00 1.375000666284664774e+00 1.493834898433073599e+00 3.988905008543705666e+00
7.104677867048215489e+01 6.190584716084705974e+01 5.456786683406189553e-01 3.692558586656995989e-01 2.558583202126249034e+02 1.622639569611745491e+00 5.233644897283222797e+00 -9.707451138532342538e-01 1.359721309631166219e+00 1.294063382077656588e+00 3.988524072414934007e+00
7.083174422487397237e+01 6.217406748373275605e+01 5.236056127052148845e-01 3.940126526217607728e-01 2.311762948667823991e+02 1.659249682469966070e+00 4.781182662108111714e+00 -1.000060116607891736e+00 1.814224357203829463e+00 1.264309905286393754e+00 3.984952407359982018e+00
6.939373621761980360e+01 6.379490764596953767e+01 6.742627410654377096e-01 3.229176163683774026e-01 2.417403376337233567e+02 1.639290016987221765e+00 4.961489468253883039e+00 -9.977577910224747493e-01 1.605051539015882156e+00 1.105468371750979228e+00 3.986243284769696693e+00
7.061957064464273515e+01 6.259206456965341658e+01 6.755441657910270514e-01 3.504384954575268107e-01 2.585410256928022363e+02 1.594224663627677563e+00 4.847876513555416267e+00 -9.687130661524097075e-01 1.694379602485002634e+00 1.094852450091755136e+00 3.985187627758749240e+00
6.998511583023227445e+01 6.308682148948781787e+01 7.164598433700475333e-01 3.389315898827192086e-01 1.759528145603228779e+02 1.638981812765130108e+00 4.332159616528539203e+00 -9.161428700746970799e-01 2.265936290156659538e+00 1.344561324981714545e+00 3.981932775882671915e+00
7.134357850544768098e+01 6.152856977531757110e+01 5.395789012084348801e-01 3.321993817702315055e-01 2.379566865060363625e+02 1.654634931073905690e+00 5.321621877451909732e+00 -9.332923638078309825e-01 1.288988938919274574e+00 1.386525810502498901e+00 3.989537613581598752e+00
7.002307869679370356e+01 6.290775575882719295e+01 6.339342925477456925e-01 2.988030962755884867e-01 2.850014337368886572e+02 1.652123319706192861e+00 4.789446337982668389e+00 -1.002774137498004592e+00 1.723315975473952211e+00 1.332751799934996040e+00 3.984921456037232357e+00
7.259804181037561932e+01 6.028140756053198146e+01 5.319498779455649196e-01 4.222541066596069981e-01 2.823010359071411699e+02 1.661437993484412790e+00 4.704157862474862561e+00 -9.739096145759982281e-01 1.863870329867806763e+00 1.381064092468991644e+00 3.984213594206644782e+00
7.094845520197674205e+01 6.165678310375082560e+01 5.427236029195622313e-01 3.033648322677764408e-01 2.894550660969598539e+02 1.667273804727327891e+00 5.228261685000305192e+00 -9.792394643599219295e-01 1.277541828200167373e+00 1.533115674866817324e+00 3.988570508040278462e+00
7.097380151999504960e+01 6.194140159491877284e+01 6.258938840346207622e-01 2.850700954516712238e-01 2.593901777372965967e+02 1.616478534470969342e+00 4.624790053445803295e+00 -9.890800430347234107e-01 1.909744164475531969e+00 1.310889519097970135e+00 3.983849181851114807e+00
6.932877179293068082e+01 6.366075934671987824e+01 6.954070170798158923e-01 3.252183609876442283e-01 2.456110467372603807e+02 1.649326860015334129e+00 5.165725396659694546e+00 -9.948204790287262789e-01 1.448097815201660810e+00 1.322949127840648664e+00 3.987913895930415897e+00
7.086078881682794872e+01 6.213583972934507216e+01 5.681613955168732799e-01 3.193396283909744615e-01 2.494776607427885722e+02 1.618261663323756760e+00 5.053686852110441663e+00 -1.003749853044453744e+00 1.554484053485986728e+00 1.262862432601317142e+00 3.987000631006118567e+00
7.010885668979048546e+01 6.258757028447211468e+01 5.504954276544697933e-01 3.875616853924229166e-01 1.800890823251515087e+02 1.675236205919236498e+00 4.769571242131891431e+00 -1.146214252031868552e+00 1.838990297269089247e+00 1.565859208097371669e+00 3.985780066633452190e+00
6.924465448000877643e+01 6.393381278850651483e+01 7.656969110884972451e-01 2.359978977878629258e-01 2.439047168276268849e+02 1.543268773708654340e+00 4.804519117118804417e+00 -9.906081869697387354e-01 1.741608929693868824e+00 1.062010870332506851e+00 3.984993699887883434e+00
6.883492110795559427e+01 6.377375155213756130e+01 5.663367064038068444e-01 3.126568250902689305e-01 2.824377787789066474e+02 1.551834173822706164e+00 5.105583020437476804e+00 -9.772013045298588718e-01 1.431500763124311071e+00 1.497930182684870326e+00 3.987395305770101928e+00
6.984202123768525894e+01 6.324535126337765689e+01 7.643257687136896239e-01 2.346709871891448917e-01 2.484065854475773563e+02 1.618976841396434718e+00 4.735277285648041179e+00 -9.891051963215736764e-01 1.797552602173137837e+00 1.260070435297512281e+00 3.984449418179273561e+00
6.912014644041173028e+01 6.351316685939328011e+01 6.346926565466749492e-01 3.231728955240780188e-01 2.374525686514487859e+02 1.616509858872046346e+00 4.566464141716179093e+00 -9.563949622957513830e-01 2.005600031756550994e+00 1.546869125637919673e+00 3.983258835170544909e+00
7.165394321902215324e+01 6.086556207668103724e+01 4.273396364297166738e-01 4.257030318057440921e-01 2.331129661192723006e+02 1.709294553398509997e+00 4.602128799135478232e+00 -1.013515186764633036e+00 1.984878235226918530e+00 1.772806880619037573e+00 3.983928362043068105e+00
7.037537486240952944e+01 6.251794568360236326e+01 6.435396062734179967e-01 2.493396081186060875e-01 2.667502680906820274e+02 1.563117229697960076e+00 5.108831245279032096e+00 -9.904926127116766565e-01 1.426006251914272216e+00 1.315095354191743615e+00 3.987485490005244326e+00
6.932535959405203130e+01 6.407903519600969844e+01 6.427883124701212481e-01 3.406014541912066873e-01 2.671794466428732449e+02 1.558392341602112596e+00 4.991416886351144555e+00 -9.369699969076065171e-01 1.588701003838719483e+00 9.056156792356732099e-01 3.986398799416338790e+00
6.996196404906521593e+01 6.273887032314737411e+01 4.769779004660337773e-01 3.582672816440535257e-01 2.626904819421038155e+02 1.576358374395988138e+00 4.308372618587757330e+00 -8.711684666454662107e-01 2.205475042060897284e+00 1.384683044474092739e+00 3.981554894801776268e+00
6.987131870917025367e+01 6.343694196864763768e+01 7.585860024819204295e-01 2.555251150352823020e-01 2.947644290700538363e+02 1.531861917422485231e+00 4.701946871012737894e+00 -9.622309536833162369e-01 1.835446356594172990e+00 1.009386358484467561e+00 3.984103743525180263e+00
7.340326305877916013e+01 5.947430608004660257e+01 4.794920352785813078e-01 3.453545828355148450e-01 2.424688111620258724e+02 1.621617199159040679e+00 5.255722801441947034e+00 -9.854581807497670987e-01 1.347170718205159545e+00 1.309095458370913123e+00 3.988903614094404304e+00
7.020187306949496531e+01 6.281739704177329031e+01 6.856095339921601806e-01 2.679314835157103891e-01 2.663924437656997384e+02 1.619438001377945247e+00 5.237072103216850572e+00 -9.745616198326754187e-01 1.297264548342138113e+00 1.288653695644457642e+00 3.988688951292321594e+00
7.158432478587518233e+01 6.144755919845915315e+01 5.863301201980902766e-01 2.841531594885955969e-01 2.278546404020277407e+02 1.605961549110861641e+00 4.309803821264584833e+00 -9.037789599851611122e-01 2.227520588649926303e+00 1.310522890598533774e+00 3.981663339773679589e+00
7.155050624789413405e+01 6.122278621436451118e+01 5.119414631308687458e-01 3.339777791557763664e-01 3.071946212900484738e+02 1.610097772572968600e+00 4.926153462519478943e+00 -9.997749345159239187e-01 1.572979201977499963e+00 1.344709033861168912e+00 3.985965405085327262e+00
7.036525803928917355e+01 6.259280139426549283e+01 6.318043552012690967e-01 2.824800103898270076e-01 2.966896755638380796e+02 1.661989119939701220e+00 5.127605588166236572e+00 -9.955658281270131083e-01 1.393054916212985050e+00 1.320598164256223228e+00 3.987568577832513839e+00
6.955686193198864942e+01 6.362839960176336263e+01 6.464071126913523146e-01 3.114093288130763137e-01 2.550606256073126872e+02 1.604596368029430398e+00 4.784211186234861302e+00 -9.697364328593403027e-01 1.760097226251996938e+00 1.166320121059945647e+00 3.984700670355913132e+00
7.092103480729785758e+01 6.185951610453213334e+01 6.142069011008873813e-01 3.470535549283922938e-01 1.909706760806787429e+02 1.630138789570854563e+00 5.003491408932040585e+00 -1.014221981872618805e+00 1.626155856532065291e+00 1.434861247645322413e+00 3.986654344256816085e+00
7.180633006498072746e+01 6.096884389109695945e+01 5.248227931624434017e-01 3.545108593751559178e-01 2.559576397588382690e+02 1.656442459633561404e+00 4.904800318781513901e+00 -1.018221687601238212e+00 1.646250514038204882e+00 1.440283081784272889e+00 3.985897499498350705e+00
7.227006665987600798e+01 6.082227694439438892e+01 6.167694012910972523e-01 2.734094520218685598e-01 2.202069368696196818e+02 1.592133428164669517e+00 5.257342409163971553e+00 -9.658843820475474518e-01 1.375762197187484048e+00 1.147530393911968538e+00 3.988863531712313115e+00
6.988547589375019697e+01 6.307001948587274853e+01 6.609921276399653989e-01 2.564677878421062762e-01 2.620673692164453996e+02 1.578668091593734779e+00 5.066277910070891899e+00 -9.626199716979874088e-01 1.486642893902467177e+00 1.270100111073856120e+00 3.987046463841043220e+00
7.128298067936097482e+01 6.185700708744093390e+01 6.953751822169369490e-01 3.062049454601779019e-01 2.488167720290647935e+02 1.642700706966173874e+00 5.020529707274740794e+00 -9.911967795302766282e-01 1.542268131551344457e+00 1.169633216057427205e+00 3.986725374336741456e+00
7.163984778113947982e+01 6.151883229889105564e+01 7.000439237955747851e-01 2.874998175559679847e-01 2.930574308622189506e+02 1.649735215627899931e+00 5.142993179806791382e+00 -9.868105694113148418e-01 1.356408099303691328e+00 1.223433811046411801e+00 3.987720344160442298e+00
7.264998748238733128e+01 6.009093673032450056e+01 5.932781402388105363e-01 3.131984847173431841e-01 2.821289055323136381e+02 1.663600573888484924e+00 4.806066119307523365e+00 -9.903207642140593459e-01 1.719005973811666088e+00 1.488207102366026824e+00 3.984945534764828157e+00
7.034092959548814861e+01 6.249932471771835196e+01 6.866684739626022216e-01 2.759167760844850048e-01 2.406809902731347393e+02 1.615630136169098119e+00 5.038904125029401548e+00 -1.001272742586287734e+00 1.528570856164231051e+00 1.422433671110830078e+00 3.986836664947567499e+00
7.097044658911468673e+01 6.173139235350582510e+01 5.187251922455448083e-01 3.003324933639490157e-01 2.883214847392879960e+02 1.581027340959690664e+00 4.583174722829813419e+00 -9.722098449180130997e-01 1.924449218817783525e+00 1.387547102854449710e+00 3.983453858487681742e+00
6.972435080686938136e+01 6.291505648840433196e+01 5.486688751739112746e-01 3.174621276756847688e-01 2.369014234431367072e+02 1.581578498470525673e+00 4.866070187919062207e+00 -9.935325262690321013e-01 1.713361577605696517e+00 1.426393376467998797e+00 3.985469591376924914e+00
6.978564340347628558e+01 6.301072656631540525e+01 6.872859005668835453e-01 2.792288871158401520e-01 3.344393785970685258e+02 1.621813279632166482e+00 4.663641379815354426e+00 -9.674791068976822395e-01 1.808887652188017503e+00 1.398379606220366833e+00 3.983924774652065182e+00
7.070920165868663787e+01 6.208449444034360454e+01 5.115964717659470251e-01 4.350201103420685000e-01 2.240879756638516653e+02 1.621421508782558307e+00 4.506942678024326909e+00 -9.342764230313022056e-01 2.073674486692068886e+00 1.401448712142894459e+00 3.982757262496293027e+00
7.091012317819424027e+01 6.175211135584319067e+01 5.942428241590197446e-01 3.094694879361165052e-01 2.350909842421094140e+02 1.697133139699336324e+00 5.260608182958093515e+00 -1.062877627636966915e+00 1.321298198163677329e+00 1.555303982215546332e+00 3.988915306108487879e+00
7.138005439979201583e+01 6.168008937229542710e+01 6.401978709527340605e-01 2.925301075235340331e-01 2.380928639327761971e+02 1.597495260933621930e+00 4.503116305685296972e+00 -9.308741101625159775e-01 2.037108461679130844e+00 1.207926371450898984e+00 3.982773342269574357e+00
7.263414903236453313e+01 5.982310885662477773e+01 5.207052032328743918e-01 3.103542559702776593e-01 1.918093884358358991e+02 1.624471048416307628e+00 4.473964361234782139e+00 -9.266292856826214841e-01 2.123675407901285173e+00 1.710366490794006600e+00 3.982589982388647698e+00
7.106506690027308082e+01 6.180969809520740910e+01 6.546586970770338354e-01 2.557208803296469046e-01 2.406636043439669379e+02 1.604891298433124058e+00 5.148864029370041173e+00 -9.645486162015017850e-01 1.435355207028681468e+00 1.343811356316252370e+00 3.987791915320757496e+00
7.249785490822876000e+01 6.044202408730344445e+01 5.680243785878509311e-01 3.160517963823472609e-01 2.441567823693033858e+02 1.630284656325903914e+00 4.881719235786026623e+00 -1.021007404121307971e+00 1.671186333279116365e+00 1.333968704488329271e+00 3.985617060847464810e+00
7.091373807499068960e+01 6.175831758371275981e+01 5.526948454618363371e-01 3.513224182033568010e-01 1.646737315286077319e+02 1.595360959161038927e+00 4.226106899363721858e+00 -8.554381483711198664e-01 2.363544018371073197e+00 1.546038720918288867e+00 3.981116897171816049e+00
7.102760104314572231e+01 6.196761347067828751e+01 7.217507987762120658e-01 2.599114639356516210e-01 2.432269365120726263e+02 1.639805281744036503e+00 4.461454520151638015e+00 -9.425103626254766054e-01 2.093792385344516838e+00 1.427868308796670149e+00 3.982589201740716955e+00
7.137860355451530836e+01 6.144477109693390560e+01 4.795877671796262565e-01 3.830200450387150624e-01 2.234175328651551808e+02 1.648149009875981896e+00 4.566497235196316673e+00 -9.729183690230959192e-01 2.008465227933917241e+00 1.430763093736010960e+00 3.983304786774589878e+00
6.908933575206718558e+01 6.398845846648004709e+01 8.196924176197529777e-01 2.492025591882936486e-01 2.627517172200720097e+02 1.589003033494574835e+00 5.025718870128279114e+00 -1.002685823548390642e+00 1.536000532773473148e+00 1.155721483520230741e+00 3.986853917930659019e+00
7.016446275101682772e+01 6.317316004823254616e+01 7.680461871471457869e-01 2.698415188877869575e-01 3.906594836091938419e+02 1.577484108686482145e+00 4.918388664292034917e+00 -1.000251930216110141e+00 1.484081886600680411e+00 1.014853913595456403e+00 3.985853345485218302e+00
6.922260428073919059e+01 6.375712127234125148e+01 6.549361454476766431e-01 3.452443255495631358e-01 2.868166732410010127e+02 1.674675313972551871e+00 5.189455266284157098e+00 -9.943416018937362155e-01 1.348509120834464170e+00 1.255601831115417566e+00 3.988257457116448634e+00
7.160028028695643343e+01 6.135003554406069526e+01 6.737381965582267540e-01 2.423453276801328660e-01 2.124665873748347451e+02 1.600969430627163126e+00 5.038372517148367535e+00 -1.010405038454354365e+00 1.559276384893619749e+00 1.299831885704034962e+00 3.986904668278994368e+00
7.097879226899668481e+01 6.176174534067559563e+01 5.127342817088036409e-01 4.026875138285638811e-01 2.824813542857729090e+02 1.719696639636075775e+00 5.245360707617870766e+00 -9.886575243148433279e-01 1.325344140390499748e+00 1.506044170336533039e+00 3.988679818381618780e+00
7.134734646459034479e+01 6.171351438202648154e+01 5.506510470198326956e-01 3.845537806407477999e-01 2.208199143584551223e+02 1.619877645711150116e+00 5.014979906782635943e+00 -9.814967659365737562e-01 1.603369658108520390e+00 1.244674391573287187e+00 3.986527514787414184e+00
7.051940751199099111e+01 6.221248564145328430e+01 5.292853089941222944e-01 3.326430010125278058e-01 2.248731324533937368e+02 1.620994257080622836e+00 5.391104939756944603e+00 -9.264070739545040567e-01 1.218522704791033862e+00 1.423862926394178663e+00 3.990307892505882581e+00
6.860841901108857144e+01 6.413054057468160352e+01 6.606596946213459942e-01 2.780137705621041899e-01 2.316158010998912573e+02 1.633504499272993460e+00 5.195628526742643416e+00 -9.993415407055411537e-01 1.370372379989221123e+00 1.413264574880089386e+00 3.988293968086975116e+00
7.086670476205414104e+01 6.225216586459092838e+01 6.034862523592056105e-01 3.462133108934128956e-01 2.236348875117085697e+02 1.618399957004748257e+00 4.347209846149786117e+00 -9.334326630225751043e-01 2.186641047814678718e+00 1.177274000747865479e+00 3.982128830601142866e+00
7.082770901832515165e+01 6.207369105039882129e+01 5.757057536889887972e-01 3.493275950514290740e-01 2.241267152221268475e+02 1.620533483649006179e+00 4.300791925250512904e+00 -8.885233282168837343e-01 2.245126839853309519e+00 1.350928562554895462e+00 3.981608604730574985e+00
6.858320442503126912e+01 6.451136574532878853e+01 6.743565425446871320e-01 3.643287250698953872e-01 2.564178803209723014e+02 1.627604740205566447e+00 4.771027552630181745e+00 -1.006201514619699866e+00 1.784673303044566062e+00 1.210404897848854189e+00 3.984791074147861600e+00
7.088744957431312343e+01 6.197411135782447644e+01 6.811529379449918764e-01 2.342089699044282991e-01 2.902340978062213139e+02 1.545274881150895840e+00 4.854886684182615042e+00 -9.605951038738149705e-01 1.694952311447473159e+00 1.332093013691506789e+00 3.985204246320818822e+00
7.013359565033965737e+01 6.318405838086323456e+01 7.532192170289803146e-01 2.560994752150800857e-01 2.836923345315173606e+02 1.535850972716592100e+00 4.782754959546860363e+00 -9.649154994346187397e-01 1.757757319287948539e+00 1.025795788056410585e+00 3.984632220949186898e+00
7.016464754002564064e+01 6.252687331926613012e+01 6.571898683903942828e-01 2.854433481376101311e-01 2.766285847477595894e+02 1.659425892149198001e+00 5.068333702574935096e+00 -1.010439153520468869e+00 1.458472736592555608e+00 1.530599390410702920e+00 3.987123973998392579e+00
7.084617371844892375e+01 6.220206291330760706e+01 7.219748347707063418e-01 2.478987501320601972e-01 2.646565951947222857e+02 1.638559235186578089e+00 5.007359277298152556e+00 -1.012845022137006668e+00 1.551877398084936521e+00 1.294955450068825842e+00 3.986580633968555887e+00
7.046178093144756360e+01 6.259662723342525936e+01 5.909655850834105717e-01 3.007923729466523421e-01 2.584030223525774090e+02 1.544043253605656307e+00 5.021372601515328604e+00 -9.885442885980789685e-01 1.538621562738635484e+00 1.127424625993833196e+00 3.986785603412934087e+00
6.795563614388125018e+01 6.525119603776637689e+01 6.923397435822091772e-01 2.979814339044046245e-01 2.668853105132617429e+02 1.590928427677221535e+00 4.716059510530099530e+00 -9.784818040088748559e-01 1.801781821687379770e+00 1.086620712333402405e+00 3.984315920721790416e+00
7.191309446060972732e+01 6.119574335759729422e+01 5.161832616760663184e-01 3.395467116713669076e-01 2.899630621322296520e+02 1.612305876920246295e+00 4.509320206346258075e+00 -9.617351167063787898e-01 2.000921925889731057e+00 1.152234321872223521e+00 3.982954224651699349e+00
7.201281128042242585e+01 6.104626359616638354e+01 5.699058810211969917e-01 3.635053728737536738e-01 2.391998883405971981e+02 1.634036648093447397e+00 5.017070222322264961e+00 -9.880728984886963939e-01 1.572599263026750460e+00 1.252034398996805242e+00 3.986613530675553019e+00
7.001315734507750221e+01 6.255124117076474022e+01 6.225985122129185090e-01 3.013019082467882637e-01 2.454228479612956448e+02 1.620190968452216884e+00 4.908137390154692525e+00 -9.928062341967045512e-01 1.670052885000892884e+00 1.596840547740371319e+00 3.985751770610056699e+00
6.911743522214759139e+01 6.387137084369477691e+01 6.447381572047768961e-01 3.020896384643889099e-01 2.452716089800779855e+02 1.574290166459848095e+00 4.911981751219490988e+00 -9.524756703196927132e-01 1.688887218993654349e+00 1.223284269809027380e+00 3.985705926965159129e+00
7.199455726393959765e+01 6.097984807036706201e+01 5.416864220949151321e-01 3.200160693612695284e-01 2.592198043249028956e+02 1.622823282053494465e+00 4.958798042690299113e+00 -9.862661367464998774e-01 1.608015730376580965e+00 1.292317201791095771e+00 3.986223054624955520e+00
6.686854840928906185e+01 6.603717886404956516e+01 7.247062136042092817e-01 3.352342429197186502e-01 2.405932762068673014e+02 1.595995746317092401e+00 4.804283685852509755e+00 -1.015205693319391811e+00 1.761883207970678100e+00 1.250516864282747553e+00 3.985167124001212535e+00
7.020973600394418668e+01 6.268932789799933403e+01 7.224906702588020924e-01 2.036625640658015490e-01 2.257993029233997788e+02 1.571273224824627945e+00 4.557931289104138806e+00 -9.739091361445645356e-01 2.018052501162049595e+00 1.304592314515154561e+00 3.983318966695907903e+00
7.022438819807130983e+01 6.264932000513293531e+01 7.074804945712023230e-01 2.619981990635431024e-01 2.755496472525610443e+02 1.649536641914078450e+00 4.895539590936322405e+00 -1.011175354204229881e+00 1.645233538452830047e+00 1.379670451223689032e+00 3.985792851589232910e+00
7.113279498944510237e+01 6.185262033199487774e+01 5.948030285935573813e-01 3.611619961032359050e-01 1.802060954753882811e+02 1.630887029540647237e+00 4.351206206975940738e+00 -9.527726401551005475e-01 2.226665472780268829e+00 1.371643740179044668e+00 3.982259648316114564e+00
7.201801014074952434e+01 6.086496987677672621e+01 5.263114102158753527e-01 3.737684603915909509e-01 2.273794970815781085e+02 1.672716118865451129e+00 5.021175450261727846e+00 -9.822382188114966439e-01 1.592822399989018756e+00 1.444752015190247985e+00 3.986661967574496312e+00
6.901006164946279853e+01 6.380790628548575683e+01 6.422930919112043169e-01 2.633243824299745794e-01 2.412063948933352719e+02 1.579705770358909911e+00 4.462495172344819849e+00 -9.467375422579430433e-01 2.094247947785156327e+00 1.341611646705199723e+00 3.982553726014427031e+00
7.139043133290709875e+01 6.137689515787634065e+01 5.776408064382576590e-01 2.867622261789519178e-01 2.422622665911103468e+02 1.567847874731952862e+00 5.254236119453800313e+00 -9.554694827678535951e-01 1.311953739535239416e+00 1.414408054219027600e+00 3.988865522678747055e+00
7.091179771372823382e+01 6.227401327899344352e+01 5.714938559510730487e-01 3.342994477677346254e-01 2.839212534816508082e+02 1.623407972829942425e+00 4.604229710545715726e+00 -9.371923524547903783e-01 1.921998201892690217e+00 1.174844099547224907e+00 3.983395421144344084e+00
7.083479406973637538e+01 6.191701741672473958e+01 6.837119069745215549e-01 2.748648412843492927e-01 2.090963914637331698e+02 1.647322470676640505e+00 5.540680775998115593e+00 -9.221292409998427253e-01 1.081354553474809244e+00 1.441129133296751297e+00 3.992029252129682959e+00
7.053424726574493775e+01 6.215246929112564089e+01 6.326057274211345227e-01 2.857264998118037580e-01 2.818103955948142811e+02 1.617336339640315090e+00 4.913847228083064955e+00 -9.844900312338578097e-01 1.616831935598647352e+00 1.457637598605175278e+00 3.985748064113244116e+00
7.108804953207521748e+01 6.180985642403454960e+01 5.647389370507093220e-01 2.968655605412418019e-01 2.654340299624764725e+02 1.588192714194890831e+00 4.699483224487076782e+00 -9.798767964473882319e-01 1.828965707010162589e+00 1.312595950882214479e+00 3.984205867290556924e+00
6.935811835047790908e+01 6.340566823850354439e+01 6.256062905218624515e-01 2.877881345667434032e-01 2.485640831196857903e+02 1.570409838364087429e+00 4.530279019325386791e+00 -9.612358561745339980e-01 2.018498839779380383e+00 1.341767526100543062e+00 3.983132909257205867e+00
7.170720706926692856e+01 6.103949512375395869e+01 4.149327259010467395e-01 3.920893227621807808e-01 2.095704858414735838e+02 1.643476806785318489e+00 4.716634027251396688e+00 -1.103283600096064188e+00 1.850873940664405248e+00 1.451179058342716210e+00 3.985186879156392248e+00
6.983442393770653212e+01 6.311224063775048876e+01 5.993223725409368985e-01 3.616397622221356745e-01 2.081185098131884672e+02 1.648847295223333287e+00 4.391612567244115084e+00 -9.393070491056517701e-01 2.178601467100948597e+00 1.363303189113020952e+00 3.982317802117303795e+00
6.988925913604482787e+01 6.307381287095099509e+01 6.815078210045905083e-01 3.038178248525951197e-01 3.260383731532124898e+02 1.591280235738654403e+00 5.194710684435312587e+00 -9.635661027486503993e-01 1.279554614474665897e+00 1.248059354530183240e+00 3.988304279982287870e+00
7.025824434987875122e+01 6.303554894196042113e+01 6.613864152767235938e-01 4.024911483961744474e-01 2.413229874968064337e+02 1.667843004201572166e+00 4.607454799568403203e+00 -9.826946082257549397e-01 1.975427682635380711e+00 1.096510507091260633e+00 3.983675512909229610e+00
6.970787017038087185e+01 6.343984196579447143e+01 6.013493311551165732e-01 3.138644857756754947e-01 3.333562348769659138e+02 1.549421089175825106e+00 4.975384887709118686e+00 -9.856952033531063417e-01 1.475243770746774041e+00 1.026025950179979995e+00 3.986353324590239833e+00
6.847799914365556617e+01 6.446092720722914748e+01 7.121248889854540076e-01 2.935790313421867137e-01 2.596989194659346367e+02 1.626983154501673745e+00 4.923976665587636248e+00 -1.002365090055898689e+00 1.618081270384858605e+00 1.310226433943037394e+00 3.985940202650445574e+00
6.909113730454275526e+01 6.388254268901602018e+01 7.407171230877215296e-01 2.831592328110389412e-01 2.744633301335892952e+02 1.622628521570088855e+00 5.165140607421593977e+00 -9.745209853322630567e-01 1.357659566635495585e+00 1.330345133149506198e+00 3.987916301486433390e+00
7.173555771151211502e+01 6.134422358930043373e+01 6.656717172789934356e-01 3.050974790263010217e-01 2.602826761051302924e+02 1.588233772566826740e+00 4.558576906637717308e+00 -9.660777710610279900e-01 2.002882166576489098e+00 1.225910272208065477e+00 3.983294090415068656e+00
6.815273696274115878e+01 6.461367059065457852e+01 7.413003018123707211e-01 2.400204831795768046e-01 2.929848592749149248e+02 1.600739825124710913e+00 4.363260944704326683e+00 -9.130018254455971594e-01 2.130604406201679790e+00 1.462547813078403758e+00 3.981985445386567068e+00
6.888033056326538883e+01 6.438842823067206211e+01 7.798469848876791177e-01 2.687046762930559440e-01 2.743283391244818290e+02 1.588630226402246493e+00 4.968095691385168600e+00 -1.005855195574553829e+00 1.563002094877991910e+00 1.022460497654096745e+00 3.986264223440047605e+00
7.332676177446307975e+01 5.936572831581363374e+01 5.103042158820254581e-01 2.624979625051362397e-01 2.013604067491121725e+02 1.627295051542526405e+00 5.351348644508515662e+00 -9.655831723334975525e-01 1.285633294939184212e+00 1.492110842824508898e+00 3.989894383151740609e+00
7.356441880652012344e+01 5.908720343385091667e+01 5.005864826439139215e-01 3.355159425993564648e-01 1.978611747700770991e+02 1.699250860761620352e+00 4.768549288266069830e+00 -1.115581007225636689e+00 1.822816506553709859e+00 1.648420974700556263e+00 3.985436514249521611e+00
6.924465448000877643e+01 6.393381278850651483e+01 7.656969110884972451e-01 2.359978977878629258e-01 2.439047168276268849e+02 1.543268773708654340e+00 4.804519117118804417e+00 -9.906081869697387354e-01 1.741608929693868824e+00 1.062010870332506851e+00 3.984993699887883434e+00
6.926506578562796790e+01 6.348566531325692353e+01 6.540617208361000356e-01 3.595522767998447500e-01 2.177277137778138467e+02 1.611632562639427446e+00 4.576279557387882058e+00 -9.654709002297566789e-01 2.016351413259636072e+00 1.463671535472868213e+00 3.983392949940428807e+00
7.150407900985611320e+01 6.155800160309045310e+01 4.934591855123479087e-01 3.691938241033118073e-01 3.198126896650761637e+02 1.610232472141423621e+00 4.976794069149645949e+00 -9.708724682742322365e-01 1.519045348784336946e+00 1.228745366182971255e+00 3.986208826840276220e+00
6.846242052728970862e+01 6.426042608555469826e+01 7.539222908756176844e-01 2.479042258005044186e-01 2.390851179908012512e+02 1.574156920738973175e+00 5.181960208618888508e+00 -9.716467383633274890e-01 1.419150007520584511e+00 1.440182149523163924e+00 3.988151724772551532e+00
7.092039115435025565e+01 6.212213562923689381e+01 6.588899948875341916e-01 2.666030008738295431e-01 2.118317894031361845e+02 1.581652677466176105e+00 4.584855981068377773e+00 -9.811568168972932824e-01 1.989846524704537600e+00 1.167533869391872425e+00 3.983602294231887164e+00
7.050312071786262891e+01 6.230285344706836526e+01 6.687782319340199733e-01 3.259923331937566449e-01 2.360261356885208102e+02 1.646477164990250319e+00 4.548435240387961542e+00 -9.956952832638061857e-01 2.022301333279014290e+00 1.504430885812140017e+00 3.983426671396028684e+00
7.196309684929960326e+01 6.113494020310614019e+01 7.700915578088206592e-01 2.279008012787218096e-01 2.732580088814193005e+02 1.628217604567010035e+00 5.222743960287333564e+00 -9.842904424006335695e-01 1.316006960890319100e+00 1.280126478230814380e+00 3.988453158411529920e+00
7.010579452865471239e+01 6.280496944890641231e+01 6.584394424749028252e-01 2.764821231649406963e-01 2.453712166943889201e+02 1.547963915028622184e+00 4.718616939244546948e+00 -9.713210933262682589e-01 1.863776124748433238e+00 1.296943532319263293e+00 3.984270123908280503e+00
6.698582122052300747e+01 6.590976973189964383e+01 7.660153807055986031e-01 2.857907313977260944e-01 2.600952270023026927e+02 1.611069589264196633e+00 5.094933732437874951e+00 -9.941952911809108784e-01 1.431099692002898216e+00 1.352907309899421540e+00 3.987306533599602965e+00
7.043839862659517337e+01 6.243712285326709122e+01 7.340425480748348219e-01 2.480972597486254261e-01 2.700524269225693956e+02 1.633941331150313925e+00 5.257086058639844239e+00 -9.513048035092113164e-01 1.295861699221347418e+00 1.401226117834557527e+00 3.988901173739650030e+00
7.166592094203274144e+01 6.134898977085044436e+01 6.157267858106152403e-01 3.078645995981584282e-01 2.609558390339583980e+02 1.639490985587812144e+00 4.442306015636548366e+00 -9.117027906077241894e-01 2.116028760557069788e+00 1.323887804876459295e+00 3.982369715582962044e+00
7.111189477778147250e+01 6.194960948945900014e+01 6.826736837822946491e-01 2.870589177816140758e-01 2.367441476903837270e+02 1.601732110336868908e+00 5.135342044291806296e+00 -9.406714947951479999e-01 1.486420850055118814e+00 1.242807779770618071e+00 3.987638099553072468e+00
6.876272031144455354e+01 6.438706360175552845e+01 8.694545398702223649e-01 2.466165907062927987e-01 2.455485141963002036e+02 1.654397766554421612e+00 4.637168030405964814e+00 -9.875657761729333961e-01 1.892673469290909294e+00 1.253477759437419792e+00 3.983841743981247685e+00
6.944828726015447273e+01 6.358132918666061784e+01 7.210128084669047421e-01 3.149402647789523169e-01 3.347479959477402076e+02 1.714944358531927060e+00 4.798944733953881325e+00 -1.000967160651117682e+00 1.646109406525849028e+00 1.257673340881776847e+00 3.984990581448908831e+00
7.156772148900209629e+01 6.135678696664059828e+01 6.293162749871172856e-01 3.320533806000731114e-01 2.701361745760461872e+02 1.645856673517208879e+00 4.578108733531102814e+00 -9.735654657658515676e-01 1.954063356845145094e+00 1.342061806181456873e+00 3.983474747310776110e+00
6.953605215161482533e+01 6.317487972628499904e+01 5.953038458449950721e-01 3.402436338458030840e-01 2.223399264904794563e+02 1.614601182226903298e+00 5.346568083825897766e+00 -9.654108477058472859e-01 1.286318671489760534e+00 1.454542752977451503e+00 3.989702501160519166e+00
7.213096846428862818e+01 6.062943634271780269e+01 6.539259213566760431e-01 2.573556957595368733e-01 2.290769961754194526e+02 1.606411331867324099e+00 4.563674320849647970e+00 -9.463328202910692433e-01 2.004981857850845817e+00 1.465730509068696730e+00 3.983231604573084894e+00
7.085358601335532569e+01 6.184665770122521167e+01 5.698983330705289507e-01 3.390638595481649253e-01 2.715053396819739078e+02 1.650751785692204932e+00 5.204253029114655149e+00 -9.602788796681626105e-01 1.346522990223386618e+00 1.541926494575487139e+00 3.988254104433684777e+00
6.897964557907793903e+01 6.359762119931171753e+01 6.683830346113508458e-01 3.181016871713853722e-01 2.427372914361571361e+02 1.649220464678851528e+00 4.456257154795125075e+00 -9.565892276913879888e-01 2.081337928462459796e+00 1.594621682661125028e+00 3.982727347967734755e+00
7.121832827371262908e+01 6.143067010455499144e+01 5.581500379264181522e-01 3.099780797506065944e-01 2.636341720904898693e+02 1.599769531242797083e+00 4.456527858740751746e+00 -9.313583946700774163e-01 2.061932845104483825e+00 1.525113272489297733e+00 3.982462557739456344e+00
7.032530016358295200e+01 6.285424670805969782e+01 6.693580710356560326e-01 2.985197490820895583e-01 2.674586791650430087e+02 1.586969554405190053e+00 4.651200254359184605e+00 -9.843699301205761643e-01 1.882153911663526413e+00 1.151275911207424008e+00 3.983897387866637718e+00
6.979674062510073895e+01 6.350055270129775664e+01 7.187024969990596368e-01 3.095865150951857547e-01 2.885530757368521222e+02 1.570441043703362460e+00 4.536047034967384484e+00 -9.178382892240252167e-01 1.984006102122631399e+00 1.037324947783913265e+00 3.982878923083660538e+00
7.124557457113392900e+01 6.182112501782560798e+01 6.573495125907560244e-01 2.951778130811618106e-01 2.629889687454005411e+02 1.611734086054476878e+00 4.491688066404886825e+00 -9.288896034747062824e-01 2.034631714722984430e+00 1.305345332617941390e+00 3.982614650844252591e+00
7.075707002940579571e+01 6.220938903328239888e+01 7.212795634517455978e-01 2.800945746455120178e-01 2.284446729432660845e+02 1.639258116136776966e+00 4.820824611873885779e+00 -9.917778055067588694e-01 1.760628042226248358e+00 1.312845563936168025e+00 3.985132187747927102e+00
7.130486119320276828e+01 6.204403638028284718e+01 6.792355005320603878e-01 3.204745389018622825e-01 2.704152689163507262e+02 1.616859892199427051e+00 4.965112315543223076e+00 -9.698083270718935722e-01 1.565180705184872068e+00 1.031685813425531340e+00 3.986139937137311406e+00
6.880646430215357157e+01 6.397869477866571941e+01 5.975056244386780513e-01 3.452833121926386917e-01 2.395951714343608501e+02 1.605976279230020509e+00 4.909187517610869911e+00 -1.006737636703975980e+00 1.671306841502527618e+00 1.386188307883769122e+00 3.985787930305203286e+00
7.098341055037002434e+01 6.202901239701409963e+01 6.001943611591915584e-01 3.917077363988457628e-01 2.832897932618796517e+02 1.650629432229482996e+00 5.115438834965704729e+00 -9.780713331045581826e-01 1.431103802436749284e+00 1.287276607780118987e+00 3.987460550902647949e+00
7.173311676071317322e+01 6.107586182576974210e+01 4.664633399205447284e-01 3.612156731709022517e-01 2.382820148064504338e+02 1.573862217711929912e+00 5.082621154843558031e+00 -1.001460556610700658e+00 1.514814702356964693e+00 1.330323869944306958e+00 3.987216669708087302e+00
7.332690511595919247e+01 5.958274983107013867e+01 5.606787641478460094e-01 2.945238215920604197e-01 2.296386362406218780e+02 1.619743147464478117e+00 4.471122514175303486e+00 -9.152977499060943600e-01 2.082777188823978776e+00 1.356540343671331472e+00 3.982480941318223611e+00
7.125705737186487454e+01 6.178937095692154458e+01 5.381096029731770036e-01 3.496687223802721345e-01 2.899437293896668848e+02 1.625348388823507850e+00 4.618032263320476005e+00 -9.829186864072223528e-01 1.909728744821150181e+00 1.235012299750918086e+00 3.983672888804472123e+00
6.992622448864986495e+01 6.301299410191382577e+01 5.777264418207922470e-01 3.405614489623768892e-01 2.604177262342391828e+02 1.595750300696800350e+00 5.274624245725373584e+00 -9.330731516670796033e-01 1.290277778010230358e+00 1.264968220554854472e+00 3.989098281890634645e+00
7.025282401261956977e+01 6.282807314441815549e+01 6.823779637438772694e-01 2.690410162342792844e-01 2.720156917477112302e+02 1.569920100864902857e+00 4.587107346437577782e+00 -9.757127812421275692e-01 1.947756982033840512e+00 1.201519878620110893e+00 3.983480845028742223e+00
7.071964070550284021e+01 6.246998527207642837e+01 6.445523116437210653e-01 3.309828056855171896e-01 2.703167133078829352e+02 1.638885742080485208e+00 4.582920365628258885e+00 -9.520597234203785897e-01 1.944262875433449445e+00 1.187103885665925729e+00 3.983347222091538686e+00
6.978456180482773163e+01 6.296973537692912259e+01 5.130781300112944310e-01 3.771355201803136548e-01 2.691002377264634333e+02 1.659275832955257268e+00 4.874151318572963021e+00 -1.010090996736069391e+00 1.674519022161105486e+00 1.423129704132802598e+00 3.985627033245951356e+00
7.089800349851357453e+01 6.202940622778384494e+01 5.142380021887467123e-01 3.575894967950253855e-01 2.260923504463831080e+02 1.670465421626906366e+00 5.426041051786890002e+00 -9.657779087176442401e-01 1.158541739730050146e+00 1.337860520020071053e+00 3.990534494721653225e+00
7.027021004871708953e+01 6.274544646130425463e+01 6.917220346002774800e-01 3.123855664184544967e-01 3.091502320292772765e+02 1.571103180428718105e+00 5.057036908082943150e+00 -9.754070966513140872e-01 1.453419340959397621e+00 1.267135985703351730e+00 3.986926079390446631e+00
7.054446242239578169e+01 6.223132185500053737e+01 5.208651275425448812e-01 3.582272683601267493e-01 2.607790252420359138e+02 1.676424063949087051e+00 5.466240785054516493e+00 -9.498404460595942789e-01 1.047465648994758913e+00 1.381435788863556668e+00 3.991056565518180665e+00
7.073665905172204305e+01 6.226325020762078566e+01 6.638887344071524588e-01 2.393606854861467792e-01 2.502716350140036639e+02 1.606377095534254229e+00 4.745994615804816519e+00 -9.802092104196958866e-01 1.793787867123129098e+00 1.295064870025451231e+00 3.984500361504348831e+00
7.205211620323619570e+01 6.090020295837674524e+01 5.608283779544077641e-01 3.187729826598941218e-01 2.142228642116011486e+02 1.594337723502358806e+00 4.656271688711345114e+00 -9.689888311979679703e-01 1.936955990744149370e+00 1.289660206230929917e+00 3.983881247931861047e+00
6.907034810994767327e+01 6.390269747306474102e+01 7.096258135746257301e-01 2.703865995281123369e-01 2.387925549551366089e+02 1.618881002060123864e+00 4.604124268681498044e+00 -9.624001906742436496e-01 1.959403146123319228e+00 1.306736671672581007e+00 3.983534509367437249e+00
7.121745429536026961e+01 6.176010415135155540e+01 6.303007722945498381e-01 2.773444314919539244e-01 2.297439878810400273e+02 1.581426193753743714e+00 5.162515214795428520e+00 -1.005312422402816708e+00 1.407071051087819047e+00 1.270311218250425700e+00 3.987885299169411812e+00
7.095214521622204984e+01 6.222709965021146417e+01 7.368796819844777302e-01 2.687973021878533042e-01 2.249172029901349958e+02 1.641716678133539942e+00 5.177767673738810750e+00 -9.886826331821011449e-01 1.412494780014550422e+00 1.205893025349320080e+00 3.988004486645665647e+00
7.031380635149376701e+01 6.265987029383880014e+01 6.980506418239624811e-01 2.569250880467246478e-01 2.395047963108432043e+02 1.631323100272581428e+00 5.122782159468112440e+00 -1.004136021395618528e+00 1.431714057358945746e+00 1.262043515177323050e+00 3.987628408938375113e+00
7.035190900100829481e+01 6.268412787016007570e+01 7.134011332878790190e-01 2.441826577526548803e-01 3.346515930288032905e+02 1.515445589047495822e+00 4.630712849922226759e+00 -9.729997964054433179e-01 1.834204477833067948e+00 1.174488634037246904e+00 3.983788458813462441e+00
7.261059144825557610e+01 5.998893013602364732e+01 4.673296880019083277e-01 3.578293581937367351e-01 1.906584922656534786e+02 1.645991865094556639e+00 4.447174953962536037e+00 -9.933148227952156573e-01 2.131717869481212446e+00 1.578703122961111482e+00 3.982952873582244813e+00
7.139043133290709875e+01 6.137689515787634065e+01 5.776408064382576590e-01 2.867622261789519178e-01 2.422622665911103468e+02 1.567847874731952862e+00 5.254236119453800313e+00 -9.554694827678535951e-01 1.311953739535239416e+00 1.414408054219027600e+00 3.988865522678747055e+00
7.097877087234456894e+01 6.176873275719865575e+01 5.032164978235348363e-01 3.161139974424036492e-01 2.892667073089303358e+02 1.590280229708604942e+00 5.135597852161522425e+00 -9.720775779661455784e-01 1.357041741786559008e+00 1.386048442442703976e+00 3.987622709357280915e+00
7.150447976561484609e+01 6.138124607564366642e+01 5.798463858577261876e-01 2.956017077611707844e-01 2.979098000022640917e+02 1.620760796415559035e+00 5.226926550054529663e+00 -9.615728033337566094e-01 1.294007180741497898e+00 1.336768996158717027e+00 3.988520367907161024e+00
7.150782861621571840e+01 6.167757184623864930e+01 6.772225173763157802e-01 3.124352318526051886e-01 2.566048375107453694e+02 1.651017118291443930e+00 4.567459668064087985e+00 -9.578144876510017447e-01 1.972970826716024195e+00 1.197536293063645951e+00 3.983325120545616826e+00
7.162399173127664653e+01 6.132941907891931521e+01 5.737620072577126473e-01 3.527801375632683700e-01 2.778542673478403913e+02 1.645633553628748080e+00 5.309787623434871762e+00 -9.318938899121109731e-01 1.217533538929688630e+00 1.270057189732463954e+00 3.989444626792320037e+00
7.049053309564020253e+01 6.270049104326151479e+01 6.723706861728144801e-01 3.436860307507191847e-01 2.373762873418398271e+02 1.657519447632571197e+00 4.864261670214494515e+00 -9.994013959970610150e-01 1.724955162550093846e+00 1.188168732304723196e+00 3.985452974686130467e+00
7.121832827371262908e+01 6.143067010455499144e+01 5.581500379264181522e-01 3.099780797506065944e-01 2.636341720904898693e+02 1.599769531242797083e+00 4.456527858740751746e+00 -9.313583946700774163e-01 2.061932845104483825e+00 1.525113272489297733e+00 3.982462557739456344e+00
6.905322415722365292e+01 6.381609295063925202e+01 7.245045050614822291e-01 3.002970082127013329e-01 2.485418843052306386e+02 1.622732587813811023e+00 5.216339072317031977e+00 -9.726979918909649525e-01 1.367083471898844937e+00 1.357568749225039451e+00 3.988412131113439063e+00
7.002942692144237924e+01 6.266161289344060492e+01 7.347848438313903108e-01 2.441665745156235690e-01 2.364073994234198892e+02 1.615241633524708842e+00 4.552926731867813714e+00 -9.532808868188457074e-01 1.994764492710459525e+00 1.516335115001428147e+00 3.983192263338778627e+00
7.218527829745774227e+01 6.038814240852001802e+01 5.606861361644474018e-01 3.187544883062555234e-01 1.798902544170146882e+02 1.607695541879506695e+00 4.187065855056637531e+00 -8.198891277547722956e-01 2.380196765227066358e+00 1.647470802244454635e+00 3.980816938642513847e+00
7.088128448938704196e+01 6.229363237355775595e+01 8.029963981374687032e-01 2.315393349200299267e-01 2.171390796040260511e+02 1.567587258257169713e+00 4.270256056084896557e+00 -8.525825528681911791e-01 2.295786137774042945e+00 1.211774433840851595e+00 3.981300901257518454e+00
7.076183748336278256e+01 6.248764981776570693e+01 7.215273973273116370e-01 2.938818869387987420e-01 2.298302423859003625e+02 1.639819462003656358e+00 4.832301061615888571e+00 -1.007516317232138414e+00 1.738580404113590383e+00 1.109061384971080200e+00 3.985233423190706503e+00
6.945733619370990652e+01 6.358353993632702839e+01 5.546590896679589600e-01 3.856385601057890078e-01 3.341529858479157156e+02 1.704242995455709231e+00 4.938023270746716875e+00 -1.006238584267293401e+00 1.501780170863184161e+00 1.193282686202433718e+00 3.986057838565125522e+00
7.047344636694455744e+01 6.254134924541816076e+01 6.825271818004579050e-01 3.145429073886608085e-01 2.149594961550646701e+02 1.676512155936348503e+00 5.499218846566263252e+00 -9.533406832027528921e-01 1.129083023449382939e+00 1.281641445500343757e+00 3.991384098425133864e+00
7.119941901236391857e+01 6.170990424010931719e+01 6.571075623898853246e-01 2.919337255539274367e-01 2.865804121477420949e+02 1.624868892380053165e+00 5.265380363527710550e+00 -9.638528117436917508e-01 1.310429698962803036e+00 1.342032828302253789e+00 3.988912577921427616e+00
7.188209865989144021e+01 6.090917078550223351e+01 4.771419878398908687e-01 3.442738368724451714e-01 2.544107169543394775e+02 1.631207508089173697e+00 4.718374158364645687e+00 -9.875017583518324038e-01 1.830847316876076158e+00 1.424413701432042378e+00 3.984392882753768017e+00
7.078247667896299333e+01 6.234332910484555157e+01 5.752463964745394565e-01 3.584263199717198090e-01 2.577046798869057511e+02 1.639063216018310953e+00 5.004632959972805217e+00 -1.000038029805710549e+00 1.554512473130834183e+00 1.142134859365236066e+00 3.986536195698485940e+00
7.094323496658473971e+01 6.231240824873626138e+01 7.000413709903803294e-01 3.257487122811394409e-01 2.386644857107560540e+02 1.686448922364640168e+00 5.232002423799491098e+00 -9.879847053481484176e-01 1.334963952500933138e+00 1.134917335553143891e+00 3.988562233242450183e+00
7.118988739389287446e+01 6.129300530935249469e+01 5.377426130024159923e-01 3.064868725078987999e-01 2.398951201872002343e+02 1.674871582068433451e+00 5.156845085380981963e+00 -9.836441276381453491e-01 1.425461697972396635e+00 1.626862625377234695e+00 3.987961614438648272e+00
6.940723093570318269e+01 6.336065945969219371e+01 7.335559822156686449e-01 3.276688336206936003e-01 2.302517222481641852e+02 1.693685820862635749e+00 5.333982710725340581e+00 -9.810077384488042895e-01 1.281886900401130402e+00 1.463668678011755153e+00 3.989623300270399575e+00
7.082022465629820829e+01 6.206921329739321891e+01 5.594020290109346094e-01 3.317386847370154546e-01 1.996810126606048357e+02 1.637386696233352090e+00 5.040775366461936358e+00 -1.043512167164196036e+00 1.583926742597859594e+00 1.350458356313360531e+00 3.986991507165514648e+00
7.018775453414939136e+01 6.255356747265420836e+01 6.560786240093793298e-01 2.850726740662527514e-01 2.028383175715405571e+02 1.589201656407908114e+00 4.431899947494853720e+00 -9.232589875337683383e-01 2.159627751142202179e+00 1.455128482207152407e+00 3.982333404573632496e+00
7.094575199403999477e+01 6.204048770032125759e+01 5.654717911882169989e-01 3.609836697232110536e-01 2.879267838624011802e+02 1.589359377684995911e+00 4.647544736143776944e+00 -9.565086897292830459e-01 1.896683468081776347e+00 1.284430280316696704e+00 3.983673823956232152e+00
7.123834107396666582e+01 6.168004138248829094e+01 6.910023695980944680e-01 2.626404798341560043e-01 2.497352042983616798e+02 1.655366638203314533e+00 5.448943492082153561e+00 -9.290450248535152555e-01 1.134934760937102105e+00 1.342414619089870920e+00 3.991009968501282756e+00
6.995211663930227530e+01 6.273616756917924420e+01 6.066091968077461649e-01 2.907010593026278511e-01 2.522969389411521206e+02 1.579319809703545685e+00 4.354049490891386043e+00 -8.680748405935406753e-01 2.200892097586508278e+00 1.469253134304255637e+00 3.981656467690892764e+00
6.974173615200338361e+01 6.316678526887179146e+01 6.510828927734848559e-01 3.224748098630518256e-01 1.791569136435033158e+02 1.592728957692042258e+00 4.307105012148316092e+00 -9.291236080203614245e-01 2.261911893532924100e+00 1.338324275441643785e+00 3.981906221942323576e+00
6.859349023899797260e+01 6.420518713534944766e+01 5.918092423600984642e-01 3.124021048609413875e-01 2.621377868336808774e+02 1.546551998783846971e+00 4.931990345242946994e+00 -9.936618033180951715e-01 1.631684116238574900e+00 1.346945527204215010e+00 3.985900714484558627e+00
6.897155357414347066e+01 6.351511295193179052e+01 7.671983929841755812e-01 2.441003272341747687e-01 2.390758045070727462e+02 1.634734370443459595e+00 5.000193656320748303e+00 -1.037506964496124118e+00 1.557121725706904991e+00 1.637809565704466008e+00 3.986686125995310359e+00
7.265555078677517997e+01 6.020715320473386356e+01 6.174812610520917788e-01 2.385765907265771646e-01 2.383421936981822569e+02 1.548932596994492039e+00 4.939356734345492939e+00 -9.445627979195261315e-01 1.653878306098223172e+00 1.366472799539978800e+00 3.985938504048843978e+00
6.986677024522248303e+01 6.292165598770665014e+01 6.207226021410913175e-01 2.989276669062533309e-01 2.347074965488808687e+02 1.620189215210492417e+00 4.962712264686092389e+00 -9.978640585744735780e-01 1.623829260934410490e+00 1.428217842790124870e+00 3.986245504284373631e+00
7.176689882814835642e+01 6.072456087075535436e+01 4.874081231488209820e-01 2.867063167307793980e-01 2.729169864358849509e+02 1.587760761085486250e+00 4.958950068248500820e+00 -9.515312478159081433e-01 1.619950556606980951e+00 1.582563083530470260e+00 3.986135495836123699e+00
7.084957393437072426e+01 6.213434519167978465e+01 6.062339526289287628e-01 3.698412422651033427e-01 2.673174104179449273e+02 1.665375709042345553e+00 4.569855937332645723e+00 -9.975552384588930455e-01 1.979256753857724815e+00 1.337183697778412172e+00 3.983477313697453059e+00
7.053424726574493775e+01 6.215246929112564089e+01 6.326057274211345227e-01 2.857264998118037580e-01 2.818103955948142811e+02 1.617336339640315090e+00 4.913847228083064955e+00 -9.844900312338578097e-01 1.616831935598647352e+00 1.457637598605175278e+00 3.985748064113244116e+00
6.932822286387717270e+01 6.376332556205292690e+01 6.772246935728843953e-01 3.121594840032818619e-01 2.831942217414888319e+02 1.606237661701929609e+00 4.757013295037023859e+00 -9.939428685361352267e-01 1.781299548715979508e+00 1.164424479162116333e+00 3.984724264063659760e+00
6.686854840928906185e+01 6.603717886404956516e+01 7.247062136042092817e-01 3.352342429197186502e-01 2.405932762068673014e+02 1.595995746317092401e+00 4.804283685852509755e+00 -1.015205693319391811e+00 1.761883207970678100e+00 1.250516864282747553e+00 3.985167124001212535e+00
6.966764221771045129e+01 6.325568681405741245e+01 6.357258596797427108e-01 3.843590839394014358e-01 2.961438602675689253e+02 1.676967682735094334e+00 4.426853527075851780e+00 -9.205983710171288248e-01 2.077712981996981956e+00 1.350690605166454450e+00 3.982364487894074934e+00
6.843591084570364558e+01 6.440014362513620938e+01 7.383853822953773127e-01 2.623696760517304494e-01 3.338487957205972521e+02 1.627400529547197827e+00 4.494414689899981497e+00 -9.569298552004631420e-01 1.974502780899596743e+00 1.365692324371995392e+00 3.983013913125847516e+00
7.318208227585060399e+01 5.970766874473786601e+01 5.933408673514688481e-01 2.622036822673127765e-01 2.744699418864209406e+02 1.644835288515425598e+00 4.864333698378533022e+00 -9.967885460379709572e-01 1.668591919613174657e+00 1.432955545049010126e+00 3.985476482751860505e+00
7.255970228972344671e+01 6.054874840925270973e+01 7.082109676034743506e-01 2.192723954567058486e-01 2.603370976690404177e+02 1.622309710708762287e+00 5.155280445862739924e+00 -9.840364246910254797e-01 1.419521691056484292e+00 1.304714582054078864e+00 3.987826986794529294e+00
7.155525216672383237e+01 6.181241473856823632e+01 6.073631932017937718e-01 3.129029003702530343e-01 3.298472261017566893e+02 1.616516114025795536e+00 4.754955649553454400e+00 -9.961256513029699278e-01 1.727652948551050560e+00 1.017710607809152679e+00 3.984620112677153436e+00
7.069290170497929182e+01 6.199771484674757716e+01 5.570055099866949577e-01 3.729754707680904002e-01 2.186665415278337150e+02 1.598801927763614295e+00 4.384874563793103697e+00 -9.027510584825451101e-01 2.202712958546734434e+00 1.492562664926819327e+00 3.981964186729138433e+00
7.091373807499068960e+01 6.175831758371275981e+01 5.526948454618363371e-01 3.513224182033568010e-01 1.646737315286077319e+02 1.595360959161038927e+00 4.226106899363721858e+00 -8.554381483711198664e-01 2.363544018371073197e+00 1.546038720918288867e+00 3.981116897171816049e+00
7.238185657314876664e+01 6.065508663350681928e+01 6.140168583395660962e-01 2.409824552026169076e-01 2.891381142255395389e+02 1.558040146187035235e+00 4.795932057470007059e+00 -9.883341830690107743e-01 1.727593511343109789e+00 1.228802080949390696e+00 3.984852299476353554e+00
7.073804333361806584e+01 6.211590975058835085e+01 6.930554183437351856e-01 2.474248123485588147e-01 2.441547408981587068e+02 1.618261589836034853e+00 4.914589520749489182e+00 -1.008832911798070109e+00 1.667676790330762993e+00 1.452710439125498798e+00 3.985804711654756805e+00
6.985092581411655033e+01 6.324810061462651589e+01 6.205434564041748535e-01 3.184227577013645782e-01 2.365767281256141530e+02 1.675342224572551997e+00 5.073801754404780873e+00 -1.079801107448474351e+00 1.483719615324099461e+00 1.214410759298216957e+00 3.987275015571511982e+00
7.101667995329701455e+01 6.148903913734778115e+01 4.322108921545221860e-01 3.923713932760662937e-01 3.498975529680082559e+02 1.700405706574604325e+00 4.547676659229323626e+00 -9.881528571686089002e-01 1.937336121873480810e+00 1.648232690501399977e+00 3.983363429067100725e+00
7.182734165903343637e+01 6.143852227681748701e+01 6.798683911409664216e-01 2.896598313881298958e-01 2.596385192026237405e+02 1.631867668364004986e+00 5.285081101881555554e+00 -9.511356568602671313e-01 1.277112182276754604e+00 1.094322444074834255e+00 3.989118450685238848e+00
7.234986914391454604e+01 6.054229402922419467e+01 6.128084780222534667e-01 2.968455803878917165e-01 2.559767209627363229e+02 1.650872162159117806e+00 4.803656046979403627e+00 -1.009900297427098526e+00 1.726564498434223660e+00 1.356139036760393823e+00 3.985090682824935282e+00
7.011504358062134656e+01 6.284836345129135537e+01 6.920000074307207649e-01 2.871740468592577367e-01 2.687391066224504925e+02 1.596969171902198337e+00 5.083498770981048409e+00 -9.685226438249974201e-01 1.450182449685356145e+00 1.262223290166602618e+00 3.987217220454994049e+00
7.042435866726232518e+01 6.246442179712834530e+01 6.668629772550644930e-01 3.320163405503385734e-01 2.713550971450327438e+02 1.645768676497311622e+00 4.607722636793405435e+00 -9.560519212192795102e-01 1.915015447445335584e+00 1.396863704759197855e+00 3.983538535477492371e+00
7.155495229795444345e+01 6.151343844774127234e+01 6.639072987029840389e-01 2.552389582622937581e-01 2.067042303328346122e+02 1.563259043536224580e+00 4.723335863961278136e+00 -9.745969242855874182e-01 1.879736676990485078e+00 1.231773987953323601e+00 3.984264903593020435e+00
6.936700928091769924e+01 6.338510930566215507e+01 6.577572670150119150e-01 3.128904195960234280e-01 2.742623772654092136e+02 1.649525556120023273e+00 4.877852154627936088e+00 -1.000263824315771322e+00 1.668132099126459877e+00 1.467664831517999202e+00 3.985600124764778318e+00
6.909859931689675250e+01 6.387579017526284986e+01 5.819935040599756304e-01 3.470654341441827828e-01 2.555889349997967486e+02 1.616325719994039067e+00 4.786227362893351156e+00 -1.014032901565719236e+00 1.752396236144179165e+00 1.260200587760132995e+00 3.984978004828283904e+00
7.090525089940544490e+01 6.192622308560579825e+01 5.966434624836797207e-01 2.986713074859680406e-01 2.614409580986239803e+02 1.592500641852615528e+00 5.106255666194929432e+00 -9.608856096253288737e-01 1.430466201492065714e+00 1.370797219844336334e+00 3.987485443612877933e+00
7.238185657314876664e+01 6.065508663350681928e+01 6.140168583395660962e-01 2.409824552026169076e-01 2.891381142255395389e+02 1.558040146187035235e+00 4.795932057470007059e+00 -9.883341830690107743e-01 1.727593511343109789e+00 1.228802080949390696e+00 3.984852299476353554e+00
7.150447976561484609e+01 6.138124607564366642e+01 5.798463858577261876e-01 2.956017077611707844e-01 2.979098000022640917e+02 1.620760796415559035e+00 5.226926550054529663e+00 -9.615728033337566094e-01 1.294007180741497898e+00 1.336768996158717027e+00 3.988520367907161024e+00
7.129212205232560962e+01 6.145287932569708289e+01 6.098324089046492924e-01 3.534223201001474024e-01 3.281056656515445979e+02 1.660201911156457211e+00 4.686524283211229047e+00 -9.549512719640492753e-01 1.792645826341575876e+00 1.502298834835011254e+00 3.983965429455645246e+00
7.022786745674167719e+01 6.301376746437798460e+01 6.890341162934250363e-01 2.612661209629829062e-01 2.163422131416050433e+02 1.534104698466773442e+00 4.580627569903569452e+00 -9.363904915574710053e-01 2.005539324228054809e+00 9.947979677001886900e-01 3.983295995980218773e+00
7.027538635971366432e+01 6.276231476867770454e+01 7.068394529611348176e-01 2.643874644601680868e-01 2.662321949559864720e+02 1.618397508071289792e+00 4.745421948297095405e+00 -9.952172937890064741e-01 1.774690949338672441e+00 1.270959743441949286e+00 3.984523884936328475e+00
6.919830713981276915e+01 6.379671317549023257e+01 7.119201256271608935e-01 3.291193269841651281e-01 2.208501186355088066e+02 1.607799312366226863e+00 4.947317274709300605e+00 -1.007047735282734058e+00 1.683572723567136720e+00 1.296409234418506751e+00 3.986124751860988802e+00
7.201316519064430111e+01 6.092342898487356706e+01 7.046571816719514603e-01 2.465641427455364798e-01 2.730399437214513796e+02 1.628557747209756990e+00 5.057139763184008707e+00 -9.918702544450492820e-01 1.494001393861067006e+00 1.364543402951442053e+00 3.987045612334690237e+00
7.155122980819162137e+01 6.130140271056433221e+01 5.785745372682911114e-01 2.752739328434622990e-01 2.269318759141219743e+02 1.596663770758129486e+00 5.151463869963465392e+00 -9.731989375814782406e-01 1.435145463736263949e+00 1.292854909830854826e+00 3.987954428481627733e+00
7.064710167574658328e+01 6.214544022921793953e+01 7.720478775461955268e-01 1.918448467721283190e-01 2.900566328901999782e+02 1.638142944880358609e+00 4.819664461558486934e+00 -1.010757309303575546e+00 1.671772075583402684e+00 1.517288068891011310e+00 3.985142716560387655e+00
6.890003624478450206e+01 6.401733004917576864e+01 6.693657997213540156e-01 3.011097258222443784e-01 2.720069093601018722e+02 1.618273997557128974e+00 4.913896330807689949e+00 -1.000271086599855197e+00 1.601879739649450407e+00 1.316641073678460838e+00 3.985858875151094161e+00
7.206053025154156444e+01 6.084672764850206761e+01 5.486603420879087034e-01 2.948195628548187508e-01 2.723461267129918042e+02 1.600651760148094960e+00 4.683768919540159281e+00 -9.581432051624310109e-01 1.860262917645543190e+00 1.315652978276798279e+00 3.983989129896349457e+00
7.014160502074970793e+01 6.274919159281947145e+01 6.735773812979112263e-01 2.790632866717923655e-01 2.728000614799311165e+02 1.626391922774558907e+00 5.187451097438146697e+00 -9.760896351463471676e-01 1.374668578515498396e+00 1.316258407289482069e+00 3.988186918293559202e+00
6.894361118045799230e+01 6.378176948484004072e+01 6.400619661594352250e-01 3.262057761874569972e-01 2.262984256640966123e+02 1.607517519283957474e+00 4.449434750561157337e+00 -9.486646002611468509e-01 2.119528793573468128e+00 1.425530391103982497e+00 3.982625967556711721e+00
7.048557117612647005e+01 6.211009912804513533e+01 4.670577216192784431e-01 3.699989655429868907e-01 2.453396093913495122e+02 1.589285899251671408e+00 5.210004842758504395e+00 -9.756729364577346741e-01 1.379411711469862301e+00 1.479905768215778794e+00 3.988386386091768543e+00
6.837291850714538555e+01 6.400107613607436008e+01 5.761895653591163624e-01 3.283629933398654055e-01 2.559339232306392660e+02 1.653170757518422462e+00 4.850584302130160452e+00 -1.037097455231370535e+00 1.720899162201411592e+00 1.708649804041298514e+00 3.985554685052903778e+00
7.036019284507611360e+01 6.236907675256359340e+01 4.652427057121195086e-01 4.122195010194441012e-01 2.605844704453984946e+02 1.620011711275009203e+00 4.610630394192663850e+00 -9.525983530872078608e-01 1.962046612752741170e+00 1.439295345821146599e+00 3.983452440823437968e+00
7.060831243863202644e+01 6.278507786518009937e+01 8.280431179335278058e-01 2.441641607677366155e-01 2.718627732220264761e+02 1.594050613585189735e+00 5.239034141672264333e+00 -9.663343511297218802e-01 1.270508618071613860e+00 9.885141320793570108e-01 3.988711812216140906e+00
6.832250612042713556e+01 6.492683566310519439e+01 7.593786499906592935e-01 2.544689751336307038e-01 1.964040297571622204e+02 1.544710188903729575e+00 4.356122834125222276e+00 -8.743614801085825006e-01 2.233612086276061781e+00 1.037775286339805980e+00 3.981684436120457526e+00
7.010177266158403597e+01 6.264808525400900407e+01 5.367328276656420094e-01 3.321558104977591075e-01 2.933008479605035745e+02 1.620423618275312228e+00 5.144774164218037349e+00 -9.726384615449285009e-01 1.366308507261240868e+00 1.400898391480287275e+00 3.987722219892509301e+00
6.888320585571430854e+01 6.379209853215643022e+01 5.248674528520633764e-01 3.389193728611107903e-01 2.140820756158391021e+02 1.587393293799604921e+00 4.590662147562070139e+00 -9.657321060669790125e-01 1.976389750252999233e+00 1.423599062375506374e+00 3.983506486551512626e+00
7.219054191187994718e+01 6.107915370626623996e+01 7.037752001458427165e-01 2.839518020812391574e-01 2.169449409153213821e+02 1.607838264836634723e+00 4.940904129308809623e+00 -9.965484054456020813e-01 1.659910581701077525e+00 1.154042901321846282e+00 3.986054552916399096e+00
7.061276655788017820e+01 6.235819091471714870e+01 6.185107341392469538e-01 3.200567284491108722e-01 3.243906471442784323e+02 1.762394056697625500e+00 4.835015298868778899e+00 -1.021391988137129614e+00 1.658105882083715787e+00 1.363526654289584306e+00 3.985358118369219049e+00
6.905509409029332346e+01 6.383265141184804747e+01 6.206084741586765929e-01 2.845430498124622010e-01 2.138514558510809138e+02 1.643920440078847411e+00 4.646547906100177094e+00 -1.005075085727942685e+00 1.947617791923518249e+00 1.390594387837505552e+00 3.984127590426376209e+00
7.176361510844455438e+01 6.132383163717783248e+01 5.890732588765786870e-01 3.832112996910919112e-01 2.359158604888763762e+02 1.686151404320520575e+00 5.140057019327653798e+00 -1.022199331254795229e+00 1.475087319793144891e+00 1.242566675321613134e+00 3.987743771901491652e+00
7.071662179184956187e+01 6.191594044306101807e+01 6.153054495588707873e-01 2.730535731859014548e-01 2.612173094749200004e+02 1.606552765493195700e+00 5.141352516818468388e+00 -9.961107501936029562e-01 1.423183037337844015e+00 1.552932345073519738e+00 3.987775972259418822e+00
7.173555771151211502e+01 6.134422358930043373e+01 6.656717172789934356e-01 3.050974790263010217e-01 2.602826761051302924e+02 1.588233772566826740e+00 4.558576906637717308e+00 -9.660777710610279900e-01 2.002882166576489098e+00 1.225910272208065477e+00 3.983294090415068656e+00
7.068022143903785093e+01 6.209448337149503061e+01 6.349009118626457449e-01 3.592313314581626060e-01 2.067436196556690788e+02 1.675320056544362668e+00 4.794777944547247372e+00 -1.071994459136287992e+00 1.811092645785608246e+00 1.515029298828978632e+00 3.985411538151434119e+00
6.972417466398233898e+01 6.308244985056187204e+01 5.082798347970767239e-01 3.705327263019594364e-01 2.590535756779142957e+02 1.633466167397633839e+00 4.978153370022477375e+00 -9.902826298388990311e-01 1.592522900993692314e+00 1.358433780014278724e+00 3.986345797039676064e+00
7.187215621457863790e+01 6.117434554537138780e+01 5.760165209976491063e-01 3.168131278455343369e-01 2.172603895874292448e+02 1.625589145790165668e+00 4.977393048478363724e+00 -9.948126485071893121e-01 1.639187311631155719e+00 1.231479587672112741e+00 3.986365813863711693e+00
7.121832827371262908e+01 6.143067010455499144e+01 5.581500379264181522e-01 3.099780797506065944e-01 2.636341720904898693e+02 1.599769531242797083e+00 4.456527858740751746e+00 -9.313583946700774163e-01 2.061932845104483825e+00 1.525113272489297733e+00 3.982462557739456344e+00
7.236066686543118465e+01 6.072466535028715384e+01 5.614126691753492659e-01 3.074941069599220200e-01 2.594981495958259643e+02 1.612122432664132576e+00 4.849362724089649745e+00 -9.841609700536881888e-01 1.716177558900154665e+00 1.234795898156401117e+00 3.985250994980307215e+00
7.080841567078591936e+01 6.222565749541551128e+01 6.382764304646819653e-01 2.697638906556191207e-01 3.202316075205912966e+02 1.573410649197334532e+00 4.689611363008513223e+00 -9.760965439253250775e-01 1.795507313736539157e+00 1.224428347616351553e+00 3.984142456280566513e+00
7.077827422670208080e+01 6.212293689377327865e+01 7.454067337634303625e-01 2.358063304588546849e-01 2.650336223219938461e+02 1.604521833961844779e+00 4.949573980934392381e+00 -9.757291820255349357e-01 1.620316424134226274e+00 1.352025657073165466e+00 3.986122807820180025e+00
6.999803806806403372e+01 6.271942139063580868e+01 6.418270011882079018e-01 3.346440869613820923e-01 2.415802985680904840e+02 1.695661016374961028e+00 5.175286537954619348e+00 -9.949935245162165875e-01 1.403247522484928789e+00 1.544175031667095688e+00 3.988090174786910413e+00
7.083051409640000884e+01 6.220288150907749980e+01 6.021950890228823239e-01 2.911143398007313698e-01 2.545246103978896031e+02 1.547527748835545003e+00 4.832337183068498021e+00 -9.798462935917524597e-01 1.730127810919479758e+00 1.184647469681626708e+00 3.985142981300582754e+00
7.348505394543900593e+01 5.933340735276350841e+01 4.870360108498453799e-01 4.160204502312766506e-01 2.604174006255149152e+02 1.722259215269192678e+00 4.978444879993423555e+00 -1.093485692006114895e+00 1.589302363014302610e+00 1.436862238100337308e+00 3.986773907961659980e+00
7.140289306186923568e+01 6.163897491490405400e+01 7.734699897265959745e-01 2.164844817031124913e-01 2.293302491179641720e+02 1.633168210605449699e+00 5.250846295566729438e+00 -9.714471016084340604e-01 1.324896580910532196e+00 1.267941668438249181e+00 3.988755678545873540e+00
6.948988111614036711e+01 6.270342337409470446e+01 5.598371417263094951e-01 2.753476359577152754e-01 1.866537989506900317e+02 1.574788264077885414e+00 4.323250809550930995e+00 -8.701708638460140532e-01 2.256122867270121901e+00 1.786961455637919416e+00 3.981599958816638196e+00
6.960875998568062073e+01 6.331972653876446344e+01 7.658020440636722492e-01 2.841205431331852438e-01 2.607167183650283846e+02 1.594536534924339666e+00 4.554751396757403370e+00 -9.557621475871722616e-01 2.003830857048881864e+00 1.328896996188099866e+00 3.983133602857144240e+00
7.032473369811987141e+01 6.260914033493421016e+01 6.912974764851067544e-01 2.397298495896825199e-01 2.365840523951370358e+02 1.636719012909385373e+00 5.244442569846068380e+00 -9.951073364801843457e-01 1.330958633037171213e+00 1.295380650950702206e+00 3.988778248224064793e+00
7.167117323332708168e+01 6.162859677651662338e+01 8.396304602806412554e-01 1.910000564336937212e-01 2.473292745167164526e+02 1.593279464477070473e+00 4.792404382032962040e+00 -9.846367310929977634e-01 1.731520828951805591e+00 1.094309762015170051e+00 3.984883115738480974e+00
7.008336920796858749e+01 6.306329772054431260e+01 7.006306137314529670e-01 2.810823580011266309e-01 2.387993482059751784e+02 1.595227638063684505e+00 4.780043598903056079e+00 -9.893010772850814316e-01 1.797456464088203587e+00 1.170990984610369434e+00 3.984722455177992284e+00
7.097330551768017415e+01 6.195489056950791706e+01 6.382134035947479855e-01 3.153517396285652752e-01 2.638612304532354074e+02 1.615206690454971339e+00 5.052605723900541079e+00 -9.696738846967156711e-01 1.514704090012045423e+00 1.274104070014710377e+00 3.986929720502993213e+00
7.097330551768017415e+01 6.195489056950791706e+01 6.382134035947479855e-01 3.153517396285652752e-01 2.638612304532354074e+02 1.615206690454971339e+00 5.052605723900541079e+00 -9.696738846967156711e-01 1.514704090012045423e+00 1.274104070014710377e+00 3.986929720502993213e+00
7.083485391147765142e+01 6.231136612976127509e+01 5.570412748330592079e-01 3.304673442374056469e-01 2.441187788716628688e+02 1.595332850382946033e+00 4.494772969308498567e+00 -9.141671694461762643e-01 2.057994914979771384e+00 1.176356298557975855e+00 3.982596910530020295e+00
7.018619379838982297e+01 6.309468703177415705e+01 7.307748769561049906e-01 2.713462184296000501e-01 2.494296746702618748e+02 1.612023850656031820e+00 5.304269873526702206e+00 -9.554170958468389818e-01 1.272492988572728967e+00 1.075511680105168733e+00 3.989354580015703533e+00
7.142957488630987939e+01 6.123491720384760129e+01 5.041869524093556265e-01 3.662276619147888379e-01 2.498733764651352374e+02 1.669579237284243289e+00 4.911068497308341385e+00 -1.008768826985407374e+00 1.659865317318900191e+00 1.507528189669120611e+00 3.985896160878066752e+00
6.645432195168143608e+01 6.615636238511198997e+01 7.394306792658166261e-01 2.618444446371902545e-01 2.394266740873480046e+02 1.617298755431423318e+00 4.896407318423169563e+00 -1.028496260647848271e+00 1.673077185760912799e+00 1.523262369611586564e+00 3.985849270441361725e+00
7.083485391147765142e+01 6.231136612976127509e+01 5.570412748330592079e-01 3.304673442374056469e-01 2.441187788716628688e+02 1.595332850382946033e+00 4.494772969308498567e+00 -9.141671694461762643e-01 2.057994914979771384e+00 1.176356298557975855e+00 3.982596910530020295e+00
6.998511583023227445e+01 6.308682148948781787e+01 7.164598433700475333e-01 3.389315898827192086e-01 1.759528145603228779e+02 1.638981812765130108e+00 4.332159616528539203e+00 -9.161428700746970799e-01 2.265936290156659538e+00 1.344561324981714545e+00 3.981932775882671915e+00
7.095278360904681847e+01 6.209737018357456151e+01 6.329515268741140455e-01 3.057212474748057240e-01 2.291467108712627407e+02 1.566874540892246648e+00 4.671208458098808691e+00 -9.351325005076310815e-01 1.921022024638679992e+00 1.158127877017647744e+00 3.983839000697608324e+00
7.223577377665647248e+01 6.071846097782284346e+01 6.428705613614174030e-01 2.729436764621492317e-01 2.014525633593897851e+02 1.636851625687552048e+00 5.273158129420260742e+00 -9.939899795917106484e-01 1.356387888615797621e+00 1.378088821938246333e+00 3.988991900124923884e+00
7.139936497865325293e+01 6.143518809027732175e+01 7.426759372922890901e-01 2.206298441227827478e-01 2.633511535422156271e+02 1.681782955884812525e+00 5.242985740132231065e+00 -9.838801835823640651e-01 1.339296204451699390e+00 1.516690025466516545e+00 3.988613400860720137e+00
7.130486119320276828e+01 6.204403638028284718e+01 6.792355005320603878e-01 3.204745389018622825e-01 2.704152689163507262e+02 1.616859892199427051e+00 4.965112315543223076e+00 -9.698083270718935722e-01 1.565180705184872068e+00 1.031685813425531340e+00 3.986139937137311406e+00
7.148733234521527891e+01 6.150766171700191620e+01 5.040164601582143300e-01 3.597345970878237931e-01 2.634069935336223693e+02 1.613951921386871824e+00 5.213226055528486391e+00 -9.717690091925936802e-01 1.340099441251468404e+00 1.190406626877184015e+00 3.988412560400255824e+00
6.939229136939695763e+01 6.365210450114286544e+01 7.588185403271020535e-01 2.220761596879684274e-01 2.379432377590246688e+02 1.616433121442078846e+00 5.188774653783303492e+00 -1.010269345054282786e+00 1.368117814974862734e+00 1.250683751031242741e+00 3.988183243072279005e+00
6.899938455293452932e+01 6.406187520273313396e+01 6.131977959118640742e-01 3.567934542038471712e-01 2.867910027286581567e+02 1.644364004694166548e+00 4.794738896054300703e+00 -9.990253894858470707e-01 1.700491933910253550e+00 1.177332142346521948e+00 3.984942525820728498e+00
7.132268484633293326e+01 6.165243830431217731e+01 6.070997188462807781e-01 2.853954137967471549e-01 2.997058921831556972e+02 1.615572034859961148e+00 4.479663492378630707e+00 -9.447693014972016190e-01 2.018164109559070329e+00 1.275769777076304123e+00 3.982769363440608945e+00
7.118719413540702590e+01 6.166634783999238323e+01 5.338071494550706841e-01 3.419181788459436655e-01 2.507403842226708264e+02 1.594295748665752299e+00 5.146443916556864728e+00 -9.812367945163944505e-01 1.451118404810119555e+00 1.319911554607417603e+00 3.987792825891418147e+00
7.179669603935677458e+01 6.099428689612972931e+01 4.357709088656382401e-01 3.925817885851164424e-01 2.303694618767006546e+02 1.634574648386972751e+00 4.370779664595020542e+00 -9.189300009101754041e-01 2.188017613521126226e+00 1.414939205449052828e+00 3.982061172323480669e+00
7.143952481008456346e+01 6.162259208510060660e+01 5.691922556158615087e-01 3.805318370947686768e-01 1.914133223155402277e+02 1.627596299415640990e+00 4.324737930057703572e+00 -8.998330191860697269e-01 2.244655593335294963e+00 1.251643197625878612e+00 3.981823601767145338e+00
7.165263424930593317e+01 6.113422068122217468e+01 6.130519751788682248e-01 2.476189957181484658e-01 2.628695866059828177e+02 1.531617701241409391e+00 4.919542224820474985e+00 -1.005527367816787310e+00 1.669143521137041342e+00 1.420782126873159745e+00 3.985815740558112275e+00
7.291651612939004679e+01 5.996709176394742258e+01 4.402620955715829676e-01 4.020836759901822988e-01 2.468767277507730853e+02 1.667921953036309635e+00 5.278215084838668858e+00 -9.930551827293917500e-01 1.309899384453927729e+00 1.314478392321338340e+00 3.989041471255828863e+00
6.947976176590208297e+01 6.339865128729819332e+01 6.759740862915116777e-01 2.539282499813769189e-01 2.380106382923814294e+02 1.592442831632547628e+00 5.331817050100136512e+00 -9.507252534238063157e-01 1.247285669704814692e+00 1.324640106706292730e+00 3.989617522507550085e+00
7.319564345233686709e+01 5.947609985629171803e+01 5.766276411750379527e-01 3.127107417789791732e-01 1.676626721771348514e+02 1.671375063946589856e+00 4.681358205141858519e+00 -1.089267543364758284e+00 1.932222577646066197e+00 1.682689146611674236e+00 3.984907204160289762e+00
7.182906306135434704e+01 6.078465774845429337e+01 6.173787619542415728e-01 3.235513716678766749e-01 2.732801829543125791e+02 1.607084518294388920e+00 5.036442590077568227e+00 -9.777381875677785272e-01 1.534808276676846495e+00 1.582275367406638322e+00 3.986768441935769847e+00
7.016555203476529812e+01 6.264458056153495846e+01 6.903052260870603529e-01 2.769468665235584881e-01 1.769447393769712562e+02 1.608983592650679473e+00 4.656728545236286543e+00 -9.937725055384806216e-01 1.960654730572790827e+00 1.461495908373519725e+00 3.984032093210819081e+00
7.033728667093991760e+01 6.263043769515029169e+01 7.199136884041223983e-01 2.467510677506661032e-01 2.562987625026839282e+02 1.570953657708695772e+00 4.800213796543197020e+00 -9.960942614315611010e-01 1.751147986784982402e+00 1.324468061347024994e+00 3.984983247465515799e+00
7.135347548498991443e+01 6.138071203273343457e+01 6.022171580499434684e-01 2.756675349183318469e-01 1.887965682264094482e+02 1.620296577085874157e+00 5.419806119149355617e+00 -9.835837108782727878e-01 1.228053342976960005e+00 1.464110081563142929e+00 3.990508680464567082e+00
7.210915920292367787e+01 6.078350465955030302e+01 5.988746746319612013e-01 2.822077085169021338e-01 2.675842417522904384e+02 1.660371680744816114e+00 5.238954303535353851e+00 -1.002834116745022763e+00 1.274742886469002023e+00 1.342679900244829305e+00 3.988671805214171417e+00
7.207769705566411744e+01 6.121532847398071908e+01 7.178425273648207927e-01 2.469737959357835300e-01 2.206017142717929858e+02 1.601854527160707642e+00 5.286651519226960083e+00 -9.465936915279842268e-01 1.338279597629822959e+00 1.101263190334710318e+00 3.989190066961074699e+00
6.919575058931039280e+01 6.383629435469577373e+01 7.144301105395345353e-01 2.846634256190895829e-01 2.621889242063701886e+02 1.611279143634976929e+00 4.502326552089590983e+00 -9.629183323073012835e-01 2.004094593394154522e+00 1.222245454000176590e+00 3.982966359694170233e+00
7.112894749936408800e+01 6.190438321796826671e+01 6.345766803785479748e-01 2.796325738021616103e-01 2.267438079635983286e+02 1.599056202536579763e+00 5.420265074095410363e+00 -9.216387780767559823e-01 1.209963773497466644e+00 1.266687825545433910e+00 3.990588875256294354e+00
7.137603104653750563e+01 6.149054624911795486e+01 6.608240133516284365e-01 2.533486588277991114e-01 2.472865294511253467e+02 1.597016197546244687e+00 4.406467380102695230e+00 -9.288234904002941050e-01 2.121194106711498328e+00 1.364386654317769620e+00 3.982346507718663275e+00
6.864039551364355418e+01 6.434178757777500834e+01 7.519331231519013059e-01 2.234055063808443042e-01 2.782253828204040360e+02 1.561782559844333118e+00 4.989304585395237801e+00 -9.777375010141028389e-01 1.563110953692218752e+00 1.259041260830118247e+00 3.986386034430576153e+00
7.176057542259563604e+01 6.111780967318839686e+01 5.851966069747710497e-01 3.471345262377453778e-01 3.355569128441744056e+02 1.645981991282858825e+00 4.845120103079203489e+00 -9.817360123588384502e-01 1.620968292174173486e+00 1.356705098783821395e+00 3.985285210792925970e+00
7.036880563654821685e+01 6.253835061380958393e+01 5.947126624696595920e-01 3.098532411240964013e-01 2.789585054946919627e+02 1.557235093089421429e+00 5.087087142291524700e+00 -9.896737855422259589e-01 1.452295810382616015e+00 1.264512321868449085e+00 3.987237121297637188e+00
7.234109833201692652e+01 6.060880113440759231e+01 4.662781532859847644e-01 4.272543517561574467e-01 2.614643907338445956e+02 1.725680178119882502e+00 5.302696665866792003e+00 -9.825652449898951701e-01 1.298803562068891138e+00 1.389139745269801551e+00 3.989219507687865374e+00
7.006281773590143302e+01 6.317852845218302349e+01 7.752887222568208836e-01 2.856207954326623333e-01 1.934800972910380494e+02 1.625849585360045424e+00 5.391739267285337256e+00 -9.634428238612752216e-01 1.238420606327664153e+00 1.105898471320846621e+00 3.990132478217381262e+00
6.956669907486123350e+01 6.356468364143364624e+01 6.769283482556390785e-01 2.800271609785878191e-01 3.025134051960571355e+02 1.677241953000890184e+00 5.075245464468152612e+00 -1.003776672545317217e+00 1.390001102736337923e+00 1.182704035914670548e+00 3.987128014850052526e+00
7.150422466152760137e+01 6.136997447063356503e+01 5.524277176526216637e-01 3.427889613190084894e-01 2.289718981539943456e+02 1.656089137820690116e+00 5.384063956125101136e+00 -9.478613257956425286e-01 1.221594250947505511e+00 1.430036542051453141e+00 3.990094547175470741e+00
7.138005439979201583e+01 6.168008937229542710e+01 6.401978709527340605e-01 2.925301075235340331e-01 2.380928639327761971e+02 1.597495260933621930e+00 4.503116305685296972e+00 -9.308741101625159775e-01 2.037108461679130844e+00 1.207926371450898984e+00 3.982773342269574357e+00
7.045808400423398155e+01 6.230598587608781003e+01 4.925293079054420819e-01 3.544262381058132516e-01 2.448825422252744488e+02 1.590181885173839849e+00 4.260199041808347076e+00 -8.430714586714231906e-01 2.275115696580461311e+00 1.383780174278259611e+00 3.981243321429458693e+00
7.120911703126377290e+01 6.184512148353060468e+01 6.954073946887746605e-01 2.909957890627298260e-01 2.577622316595785605e+02 1.545386757286357993e+00 4.601396409212303418e+00 -9.384870482006764103e-01 1.946619516101782965e+00 1.188718837440995157e+00 3.983346959151354394e+00
7.031593525611910422e+01 6.274987468619579545e+01 6.524026693385409637e-01 2.944915165678612667e-01 2.664193635262249700e+02 1.633768310930450829e+00 5.383774661776754122e+00 -9.304703810374603812e-01 1.188515482657018119e+00 1.187495816626687573e+00 3.990311169119937773e+00
7.266951466680959015e+01 6.007255619576403660e+01 5.310872249430442782e-01 3.030039314333950462e-01 2.817818550755337128e+02 1.645563505977544194e+00 5.087958249026112156e+00 -9.772687222290392661e-01 1.434000408897462275e+00 1.485973809634872689e+00 3.987262939383838134e+00
7.010173731376823980e+01 6.280914359874300601e+01 6.499349796549349634e-01 3.320975652509366993e-01 2.470654107971525661e+02 1.646049762434832697e+00 4.784468587449117294e+00 -1.029869287208845963e+00 1.782019844181738533e+00 1.326555218169331418e+00 3.985051807344194508e+00
6.952791571081580457e+01 6.334631871579852458e+01 6.826118715180595764e-01 2.649865614029182637e-01 2.359309969052544886e+02 1.516049220366426864e+00 4.696429730478170583e+00 -9.502671894161518473e-01 1.873373866032849167e+00 1.234324443991186238e+00 3.984005737750143439e+00
7.393970669398710527e+01 5.881607011741262170e+01 5.278785774097056738e-01 2.622141323817798186e-01 2.827960967389233247e+02 1.597086248875905889e+00 4.567532405807258833e+00 -9.727202794105206385e-01 1.940447050606935342e+00 1.499489558593861682e+00 3.983309064369742636e+00
7.004930095745390872e+01 6.311942276654663431e+01 7.659767571788800300e-01 2.695239894577172168e-01 3.242980131319621364e+02 1.683376228373360650e+00 5.253566111282256479e+00 -9.649940065271149781e-01 1.209772743281000595e+00 1.174865457296172089e+00 3.988808293178126352e+00
7.063959110217653858e+01 6.215084645645085004e+01 5.114162357296992978e-01 3.840881433531302958e-01 1.375629177759613526e+02 1.623443748677245058e+00 4.165772912109686921e+00 -8.531451521464417098e-01 2.434326316749444441e+00 1.507796108207935637e+00 3.980964317180930134e+00
6.911360589930704634e+01 6.354810183065058737e+01 5.679475354969669709e-01 3.860900266768676481e-01 2.929907137182744918e+02 1.713507992148851189e+00 4.967910996630672038e+00 -1.009502584916647683e+00 1.577293377953113529e+00 1.552277940149516811e+00 3.986317630476752250e+00
6.869080510835955522e+01 6.406153419363513990e+01 5.991168997684805930e-01 3.192010214112033228e-01 2.654858822160622935e+02 1.633502782941806508e+00 5.121781873718774136e+00 -9.934627702536414917e-01 1.434814136494611425e+00 1.388561459189881386e+00 3.987587166889926316e+00
7.278828877567573841e+01 6.001606420029088440e+01 7.032874671693466473e-01 2.461079569179846493e-01 2.762288765589951822e+02 1.598072328797528696e+00 4.715766493102965917e+00 -9.749710813404480758e-01 1.809460542384377923e+00 1.463056450678948739e+00 3.984251905173954889e+00
7.138356911224464341e+01 6.161972821122303401e+01 6.392761176785770605e-01 3.025401453227524740e-01 2.696678818130598643e+02 1.624003052411711945e+00 4.455671987365716014e+00 -9.861324538173334986e-01 2.050865788697097347e+00 1.229901409164521064e+00 3.982923740945846003e+00
7.176361510844455438e+01 6.132383163717783248e+01 5.890732588765786870e-01 3.832112996910919112e-01 2.359158604888763762e+02 1.686151404320520575e+00 5.140057019327653798e+00 -1.022199331254795229e+00 1.475087319793144891e+00 1.242566675321613134e+00 3.987743771901491652e+00
7.085012177067092409e+01 6.177774437886964876e+01 5.966192365846395562e-01 3.028069089171197548e-01 3.165555619504905849e+02 1.656845940965891106e+00 4.551176216516719997e+00 -9.855698439954981849e-01 1.928043421363831778e+00 1.500794625320615472e+00 3.983475166385892940e+00
6.855944369527365723e+01 6.466311727693333467e+01 7.375221539353215006e-01 3.241378660809732803e-01 2.453157784833153414e+02 1.590616286506289168e+00 4.657995739074751285e+00 -9.656120701607027179e-01 1.900647689708721444e+00 1.125342891173255033e+00 3.983880500461904450e+00
7.216952448539403520e+01 6.066916139157396515e+01 5.075779388722216900e-01 4.086715142798006961e-01 2.561897927139376065e+02 1.649335625813515449e+00 4.356596212689477277e+00 -8.962607662408271780e-01 2.178874350096073886e+00 1.386173779592060784e+00 3.981853068990727884e+00
7.084208787974172594e+01 6.183140321528939864e+01 5.378410809741501764e-01 3.527937036160928574e-01 2.454105821932705283e+02 1.681906003894441115e+00 5.223476299380821253e+00 -9.795934836165203219e-01 1.362135910245685144e+00 1.516762891934163804e+00 3.988418996286532181e+00
7.027079289149330066e+01 6.243467080155237880e+01 6.999218436744424343e-01 2.384803858370404261e-01 2.393276514983711820e+02 1.621730513916355809e+00 5.224783899948238997e+00 -9.780163073886567471e-01 1.354909881591364051e+00 1.486483957230257502e+00 3.988555437905043188e+00
7.275633909983004344e+01 6.015176790970752307e+01 6.073314807609442312e-01 2.788288453250502563e-01 2.124891148879081015e+02 1.670320207073539898e+00 4.738643145174401994e+00 -1.034163704010524487e+00 1.845916952414815126e+00 1.533954935811104647e+00 3.984780801181604382e+00
7.205612273698022818e+01 6.086606473033688047e+01 5.348313961022120866e-01 2.863510078795239999e-01 2.558239701420032475e+02 1.607201601937775504e+00 4.464670001129706911e+00 -9.283672336919551737e-01 2.068285498255706845e+00 1.315585489898946747e+00 3.982546853608963211e+00
6.911810062981376745e+01 6.375216047349643844e+01 7.209205420385669250e-01 2.926796236898024928e-01 2.562158878244654261e+02 1.604854440175729424e+00 4.807497911993878326e+00 -1.019406482282591009e+00 1.737148308751501391e+00 1.293265838006849133e+00 3.985195156688068341e+00
6.938637261156900138e+01 6.332794882396526503e+01 6.365596139740031800e-01 2.952261920271802009e-01 2.883587683502356072e+02 1.659928254692256022e+00 4.457578295565245874e+00 -9.397725750863661354e-01 2.043131884524425956e+00 1.476329350463055912e+00 3.982616759894084257e+00
7.056454018231026737e+01 6.292652106696615988e+01 6.616107984567770606e-01 3.508153232904103747e-01 2.570355682983530414e+02 1.624348747458067788e+00 4.470839512652068137e+00 -9.375894506823192476e-01 2.059132965131563076e+00 9.661088137916103991e-01 3.982561427288736855e+00
6.772994548949057503e+01 6.512085718190344608e+01 7.370905284849149641e-01 2.679867076650482294e-01 2.664255609905504798e+02 1.573911802031748630e+00 4.975383813483602147e+00 -1.004193463706550160e+00 1.555272650125541611e+00 1.297717565664167294e+00 3.986378851872319995e+00
7.244779472546419186e+01 6.075179474975281124e+01 5.281035951737470535e-01 3.485130929463066130e-01 2.736142195077947008e+02 1.686840920145470601e+00 5.124475845678137631e+00 -9.924912812231921899e-01 1.434355483599952130e+00 1.119791656884083997e+00 3.987624313062128945e+00
7.069290170497929182e+01 6.199771484674757716e+01 5.570055099866949577e-01 3.729754707680904002e-01 2.186665415278337150e+02 1.598801927763614295e+00 4.384874563793103697e+00 -9.027510584825451101e-01 2.202712958546734434e+00 1.492562664926819327e+00 3.981964186729138433e+00
7.184295308896740551e+01 6.113212821082214532e+01 6.634454230632618188e-01 3.158637123773757049e-01 2.104724847850564800e+02 1.698345036713258205e+00 4.944552315763258044e+00 -1.083641039602000866e+00 1.668213535189669194e+00 1.435285223167221735e+00 3.986336568726577045e+00
7.140212639791936056e+01 6.173780250421845750e+01 5.506731336304131474e-01 3.078143767877493109e-01 2.220330139464542469e+02 1.608295696521834461e+00 4.518062139191814097e+00 -9.515442717533458827e-01 2.031366006569526039e+00 1.192767475552109158e+00 3.982968482578768565e+00
7.000037779108744473e+01 6.288859271766885684e+01 6.344003021827662181e-01 3.516308303972382476e-01 2.495886789225410496e+02 1.641330822198320938e+00 5.236437530802198204e+00 -9.798736399721639234e-01 1.376798289250515950e+00 1.344223655847427423e+00 3.988613123422121820e+00
7.020325137605468058e+01 6.277777336740092551e+01 5.537122471590849582e-01 3.960687654247023737e-01 2.537111862637839863e+02 1.657064873558345308e+00 5.067193235344854330e+00 -9.869653690255552059e-01 1.498619113022849891e+00 1.270534446614382640e+00 3.987114456812887120e+00
7.034131816942141313e+01 6.264550920984618188e+01 5.852569033218003591e-01 3.516680528530494731e-01 2.621224192149193186e+02 1.642759211781874784e+00 5.046181246609410920e+00 -1.009649567626328626e+00 1.491267199132638721e+00 1.232229110023298047e+00 3.986947565253367465e+00
7.039153767919259508e+01 6.265298921716980374e+01 6.470131846751783211e-01 2.741567034359267407e-01 3.129936020502535712e+02 1.601551435895358866e+00 4.922497987859900448e+00 -9.889142299550485182e-01 1.554706914424836439e+00 1.228528924867638761e+00 3.985896599287288122e+00
7.045400069422070999e+01 6.240589918033030870e+01 6.658547261700790143e-01 2.423719281143816295e-01 3.099778636799889000e+02 1.598621121558454705e+00 4.704733622620812739e+00 -9.800270911749591196e-01 1.775802555576170505e+00 1.391712195357208248e+00 3.984210786177801555e+00
7.107145272356774512e+01 6.155385854170388882e+01 5.236455075270116666e-01 4.133153346669947714e-01 1.666411232488278245e+02 1.672633663344495147e+00 4.427468256179721173e+00 -1.099595310665804071e+00 2.162466516588048560e+00 1.544654413367592349e+00 3.983872962731018763e+00
7.042602588328978186e+01 6.280875621952863952e+01 7.087312859909377094e-01 2.757077298726832715e-01 2.679892873942716278e+02 1.636368764105039508e+00 4.854228590621480599e+00 -9.907245969259111940e-01 1.687192604257022444e+00 1.107774679281126051e+00 3.985366711352769098e+00
7.156515366389852772e+01 6.116041992601041954e+01 4.008784402615547249e-01 4.276170800573196318e-01 2.728820430727544135e+02 1.631065996286527708e+00 4.486867345643505089e+00 -9.542864679609177614e-01 2.063368045298524134e+00 1.409975315153663367e+00 3.982811366811351839e+00
7.241998641784289248e+01 6.060533826458568996e+01 5.975237834331613707e-01 3.238621042856033583e-01 2.538900425505232761e+02 1.690588552442396919e+00 4.975563613879779190e+00 -1.037574777732695352e+00 1.582437152949193626e+00 1.338807076223470505e+00 3.986454587398335025e+00
7.076609101818429792e+01 6.211485128915032305e+01 6.736939085337032562e-01 2.308076595726152591e-01 2.497568047385537398e+02 1.599761080510227584e+00 5.060961836203829556e+00 -9.983147831842802411e-01 1.518469261892354094e+00 1.343664726442104218e+00 3.987067701032113831e+00
6.974473526212591423e+01 6.292375060689752786e+01 6.855356885924255295e-01 1.856428262426512710e-01 2.719114580848448668e+02 1.579043090937621407e+00 5.055488778777445624e+00 -9.921013456300257216e-01 1.508445694874495979e+00 1.462567062101296500e+00 3.987032811857315728e+00
6.863461076244199432e+01 6.467539574969279670e+01 7.376970665306830099e-01 3.159292750940388417e-01 2.509320471842466702e+02 1.580000861329902806e+00 4.639475251287289659e+00 -9.768624750867475059e-01 1.901280909760775684e+00 1.016804351109863447e+00 3.983817330087566333e+00
7.077845552110365190e+01 6.201935400413279353e+01 6.342945588521898825e-01 3.679554793838478721e-01 2.262991205770559873e+02 1.655630909514900218e+00 4.803814263325018707e+00 -9.994233069988432971e-01 1.790462051857829362e+00 1.459746951703292828e+00 3.985022358189478808e+00
6.982791005789898975e+01 6.330049151077917458e+01 5.839222301556236117e-01 3.811721432982914104e-01 2.888742008927868028e+02 1.633921731711814651e+00 4.887811317835725866e+00 -1.004521019188612474e+00 1.633036220762705826e+00 1.132961977066120118e+00 3.985677833125574665e+00
7.030781684030964129e+01 6.261139088628731031e+01 6.073534507595315102e-01 2.975486801799158698e-01 2.048264836662850996e+02 1.561677949994112691e+00 5.388826124159050046e+00 -9.237210399585892295e-01 1.277722865002463459e+00 1.259415634917462778e+00 3.990345245169210298e+00
6.956988958026147429e+01 6.351592473723366794e+01 6.620543428334726421e-01 3.120178010461599483e-01 2.386214880167926538e+02 1.548849455674986109e+00 4.793251861763851984e+00 -9.783226764267130005e-01 1.775915085888209566e+00 1.198023085727321302e+00 3.984735697980647640e+00
6.984763206398262980e+01 6.289273003869821110e+01 5.314185331020488956e-01 3.351493508418127987e-01 1.743599353474176041e+02 1.614101682645033620e+00 4.282667967272512755e+00 -9.066703889961412743e-01 2.299217728533166749e+00 1.435651663623452645e+00 3.981667492906722838e+00
7.276479110452424948e+01 5.971175509016170935e+01 3.819262153243741520e-01 3.965019153464531820e-01 1.869078021504074911e+02 1.633748449100559608e+00 4.232993914805984303e+00 -8.844737000210244338e-01 2.341157489180833551e+00 1.677592377799686174e+00 3.981322579573483900e+00
7.205368645049286158e+01 6.077667638398356331e+01 5.570249345657937168e-01 3.256329608702822620e-01 2.381607193885768652e+02 1.671109826837111401e+00 4.916059866721347760e+00 -1.003919107164270130e+00 1.638535408378677172e+00 1.456670281590106253e+00 3.985833480682765106e+00
7.019025664452465207e+01 6.262956005461165887e+01 5.131651127534424539e-01 3.581071168073904354e-01 2.737749645322749643e+02 1.732654153992941426e+00 4.974382498983715095e+00 -1.010506611142020006e+00 1.530038282095048219e+00 1.446045046649645949e+00 3.986336060980358198e+00
7.125939443662558404e+01 6.148510979725419645e+01 4.820344471439210743e-01 3.337447509617252339e-01 2.006139417096313196e+02 1.599351716636287613e+00 4.232754929828200119e+00 -8.466586498391203142e-01 2.340818438580945404e+00 1.438178541884222117e+00 3.981110927762795626e+00
7.097780168318384142e+01 6.180891434670533613e+01 5.591263701101070183e-01 3.408378960711540007e-01 2.468106062400580072e+02 1.591674437845276291e+00 4.566721838229391928e+00 -9.485334067030445349e-01 2.005327913099781423e+00 1.413377016035603617e+00 3.983185624602965103e+00
7.016432234292891224e+01 6.292236652773809169e+01 7.028395019576080260e-01 2.572986695875329466e-01 2.689304015811296154e+02 1.579899335663488724e+00 5.007451799723011021e+00 -9.702217485777216988e-01 1.502914318706183083e+00 1.188536424303776595e+00 3.986535231871820795e+00
7.185907789316273409e+01 6.111937275352256904e+01 5.933286744001831092e-01 3.013137143916223004e-01 2.308900378830590512e+02 1.580534406736085806e+00 4.879248028167172180e+00 -1.007610295977730885e+00 1.692994399466412281e+00 1.270348927372940251e+00 3.985580537078864172e+00
7.030922234149176120e+01 6.264096955048780302e+01 6.278927693910756336e-01 3.265317615879764768e-01 2.392271617521840312e+02 1.654180148204345002e+00 5.236307872437267363e+00 -9.771301482891507906e-01 1.324635636519574389e+00 1.278471359914561845e+00 3.988699923525201196e+00
7.088307681510774216e+01 6.207524791408479103e+01 5.572208521576850204e-01 3.410314341063541699e-01 2.340506692601682346e+02 1.611079552083425126e+00 4.804107856506828256e+00 -9.846673053744097182e-01 1.757454467730581227e+00 1.304621352142530721e+00 3.984892220307146182e+00
7.215539883249441289e+01 6.061417775241355343e+01 5.493277425076299458e-01 3.960330106907215542e-01 2.997843631173306562e+02 1.694708813157187244e+00 4.988138899539010573e+00 -1.005487513525507248e+00 1.573138534654006104e+00 1.453274606869431773e+00 3.986505330150871718e+00
6.884363903412591412e+01 6.381123859137042587e+01 6.447543628439619257e-01 2.325733675367750442e-01 2.605361415876185447e+02 1.556687358443410218e+00 4.854667894983813348e+00 -9.648626559874436959e-01 1.728727380146343862e+00 1.448585123126586272e+00 3.985273237661160817e+00
7.101649853836309489e+01 6.198097317838731612e+01 5.683676442698012421e-01 3.310631169866645740e-01 2.645653842248634078e+02 1.625298094424005635e+00 4.844104960265308790e+00 -1.009520569190220929e+00 1.700614157837032403e+00 1.280366652437557429e+00 3.985357382624343803e+00
7.293441936530305725e+01 6.000506421234521071e+01 4.782285712899128627e-01 3.785822417598775913e-01 2.720011791098974641e+02 1.655188617030006970e+00 4.763779781792358392e+00 -1.008492883402160034e+00 1.787100956200530000e+00 1.362450831107414606e+00 3.984774167136603040e+00
7.072862519027772521e+01 6.221528220832858125e+01 6.615644406522381837e-01 2.515039727925573176e-01 2.047726759389355493e+02 1.523783897225689410e+00 4.663980934767526065e+00 -9.680387575064984818e-01 1.940130451519044064e+00 1.166743430760936562e+00 3.983955500025552432e+00
7.148529672425810588e+01 6.122119997170888439e+01 5.313158020437316331e-01 3.572742254741588241e-01 2.863634450555060766e+02 1.594229183951369588e+00 4.881099258388409190e+00 -9.802114619322394029e-01 1.638307741275447205e+00 1.426010690728781061e+00 3.985464991583614669e+00
6.937172062616156154e+01 6.341761907944406573e+01 7.054019371806963257e-01 2.449070235542628871e-01 1.712108866800718090e+02 1.623795057002484610e+00 5.447083877323718681e+00 -9.992650601533542565e-01 1.207939517234999149e+00 1.412939996839203127e+00 3.990657799593732680e+00
7.012196386920079760e+01 6.253687378905579664e+01 6.136479045247738018e-01 2.852858769163794106e-01 2.528863338683311497e+02 1.592209716646080242e+00 5.053558202309940128e+00 -9.820284120482545287e-01 1.501459233511835523e+00 1.477546092636472741e+00 3.986956910734104742e+00
7.178567454164753769e+01 6.112672414534912235e+01 7.163493315009868967e-01 2.802952227871370883e-01 1.906817148835856415e+02 1.607096917952297588e+00 4.324319147361242344e+00 -8.746087411840873793e-01 2.260575340175725145e+00 1.409008922226027138e+00 3.981598649348564667e+00
6.953605215161482533e+01 6.317487972628499904e+01 5.953038458449950721e-01 3.402436338458030840e-01 2.223399264904794563e+02 1.614601182226903298e+00 5.346568083825897766e+00 -9.654108477058472859e-01 1.286318671489760534e+00 1.454542752977451503e+00 3.989702501160519166e+00
7.128764643524790756e+01 6.128415762722628557e+01 5.447648609951597498e-01 2.527079169934866587e-01 2.457780389954255611e+02 1.553531928845006016e+00 5.096099124040295969e+00 -9.846340477503249256e-01 1.484232850254497915e+00 1.479453057356865608e+00 3.987436716174830309e+00
7.207014189033175455e+01 6.075319508252642464e+01 4.865391628648410016e-01 3.657013491087148793e-01 2.145305504272809856e+02 1.628183623713749695e+00 4.384327664834733795e+00 -9.033127585370019919e-01 2.194534739753134733e+00 1.403521756771422435e+00 3.982051970504523641e+00
7.008430951869596015e+01 6.284189745821878859e+01 5.524293012263298275e-01 3.641161883377637132e-01 2.301153122673376004e+02 1.610163526990535887e+00 4.855878527959765378e+00 -1.018389421258435235e+00 1.718079328191890687e+00 1.303727591692574350e+00 3.985441022248310539e+00
7.092114205410304351e+01 6.176287076889989436e+01 5.126449563433184142e-01 4.059200849505590347e-01 2.412035051510330277e+02 1.662838861246221933e+00 4.755718696250812449e+00 -9.852499890033227237e-01 1.828165429736340997e+00 1.547598245600461997e+00 3.984467153057877020e+00
7.362848163186036743e+01 5.931365832344349798e+01 6.595275301881559082e-01 2.497584968455759946e-01 2.401722821244893851e+02 1.619513979871829656e+00 4.928919728125830346e+00 -1.029556973287474531e+00 1.673877391347332155e+00 1.394370644623257993e+00 3.986084260637600352e+00
7.085375264820262942e+01 6.204531705284560417e+01 6.451747518656892888e-01 2.863308800196394110e-01 2.536104240058361086e+02 1.590228729895857951e+00 4.724726652471022526e+00 -9.809913328886239459e-01 1.813941871344741719e+00 1.364102556001001165e+00 3.984322430639804846e+00
7.254849013241508260e+01 6.021643221156327996e+01 6.677019628629030645e-01 2.009045577055754705e-01 2.443480866282824309e+02 1.589989738543167164e+00 4.552347078845393469e+00 -9.546050757775378370e-01 1.985445219894819147e+00 1.475833748946837387e+00 3.983189346372618012e+00
7.151969622610675970e+01 6.126473811790712176e+01 5.968315121158337400e-01 3.346152635117939367e-01 2.268308603041160438e+02 1.671102659373837396e+00 5.497762230398927308e+00 -9.193361989763288999e-01 1.140362177640765307e+00 1.469084724528621155e+00 3.991513014099263845e+00
6.889230684378480873e+01 6.389905803143015817e+01 5.588764346398262806e-01 3.297835377997669348e-01 2.606017655756527915e+02 1.613056896435151266e+00 4.954222444618364918e+00 -1.001933682181435081e+00 1.584620486537958950e+00 1.350384413780209236e+00 3.986128773046806906e+00
7.132949401971595194e+01 6.184742392281381740e+01 6.695016555929177438e-01 2.848719972920568111e-01 2.798385103120188546e+02 1.658601485116924623e+00 4.989884768651303482e+00 -1.006845543021028355e+00 1.516915355405181076e+00 1.155754989665439325e+00 3.986532754519903410e+00
7.159657703174558208e+01 6.126798214522329999e+01 6.401042316739753435e-01 3.423854462285316202e-01 2.520760342696133591e+02 1.620805505680893432e+00 4.531330036434370712e+00 -9.564701080143271916e-01 2.021658764158482224e+00 1.368342261372860635e+00 3.983160251525497575e+00
6.996287545222720894e+01 6.338090402934944478e+01 7.424065122593110910e-01 2.793748231060476650e-01 2.927925059084633972e+02 1.587008633391089107e+00 5.237599734551401376e+00 -9.720474090271277179e-01 1.290627472252626751e+00 1.070507518754087561e+00 3.988601693734278086e+00
7.093410647540643765e+01 6.195387098393002390e+01 7.094024367500121331e-01 2.055717342463696251e-01 2.338881363641742155e+02 1.575226975672372687e+00 4.307447400399505355e+00 -8.661319691707753954e-01 2.233077609638503436e+00 1.352884015956670183e+00 3.981518950617051633e+00
7.039153767919259508e+01 6.265298921716980374e+01 6.470131846751783211e-01 2.741567034359267407e-01 3.129936020502535712e+02 1.601551435895358866e+00 4.922497987859900448e+00 -9.889142299550485182e-01 1.554706914424836439e+00 1.228528924867638761e+00 3.985896599287288122e+00
7.146032000140060347e+01 6.153168001061091275e+01 5.843519298019163033e-01 3.145910387551476006e-01 2.422912217368086942e+02 1.635249945822779383e+00 5.166057643965356938e+00 -9.585229160535623238e-01 1.412750048965434102e+00 1.265856209006846367e+00 3.987954017643003279e+00
7.013016514804481005e+01 6.266054585015162814e+01 5.362885991352158710e-01 3.531948070333337242e-01 2.385510598434568692e+02 1.634040169899021677e+00 4.496292976721628420e+00 -9.723080265367032293e-01 2.044751728198794360e+00 1.446339273599272390e+00 3.983002569830565331e+00
7.082571739835387348e+01 6.216573384424611959e+01 6.184119263783047771e-01 3.275712882150981220e-01 2.875580253807626150e+02 1.650766844381298171e+00 4.543954256426007809e+00 -1.000389695490278452e+00 1.953527410222895888e+00 1.277568494932879162e+00 3.983466904452767299e+00
7.022387715908591588e+01 6.277450044688049502e+01 6.754145106852358360e-01 2.459073764304527399e-01 2.406808143075121222e+02 1.560622647789441153e+00 5.309335158637383145e+00 -9.602654842718180150e-01 1.276620271419914188e+00 1.241089028336877398e+00 3.989392753473046227e+00
7.091489249472176937e+01 6.185452754494431105e+01 5.855972672609767171e-01 2.416642374162937534e-01 3.052405866604347580e+02 1.537991582477128860e+00 4.330397051882589388e+00 -8.673784500240935280e-01 2.164105730496839186e+00 1.358700534831492668e+00 3.981615856194398173e+00
7.280517172229259870e+01 6.021725411558412588e+01 6.250580945721656567e-01 2.531852982213859682e-01 2.783168878481557726e+02 1.632611028302565437e+00 5.246131371523892639e+00 -9.415280409133944817e-01 1.300249362028188527e+00 1.344031416870107076e+00 3.988784236298797303e+00
7.124604707986827634e+01 6.153619101559071680e+01 6.183694685647050937e-01 3.083806214212835295e-01 2.308849106124098967e+02 1.647621588420327798e+00 5.151715069133342872e+00 -1.007817287090626568e+00 1.432576153536392782e+00 1.412857375556239026e+00 3.987867182608495931e+00
6.721161708589679051e+01 6.570680611900907309e+01 6.698024035209200200e-01 4.059245724952056378e-01 2.936405611371885698e+02 1.659179420467607802e+00 4.558101643988600848e+00 -9.372984382307646412e-01 1.958692715763191261e+00 1.362116289072239361e+00 3.983088663751832570e+00
6.950361973816657724e+01 6.346780452532848216e+01 7.349063876981353216e-01 2.945462831451485242e-01 2.718086834571797112e+02 1.665724439422435088e+00 5.139761256856431260e+00 -9.812603564178067339e-01 1.416390042725420573e+00 1.329550795735708668e+00 3.987682917707625396e+00
7.152968041231387986e+01 6.134387867502285729e+01 5.225660361625386052e-01 4.326819760388349589e-01 2.638133377867345075e+02 1.622441115233839826e+00 4.649457170022529340e+00 -9.611562714013011099e-01 1.916363008918555488e+00 1.356098668468768587e+00 3.983817917097184580e+00
7.006003004856407301e+01 6.273896231827923486e+01 7.572968514857986166e-01 2.406358889860152062e-01 2.156980579763093999e+02 1.632697717003484650e+00 5.503213127443799202e+00 -9.154562227454481338e-01 1.105645372417282557e+00 1.418353535270858501e+00 3.991651963557237170e+00
7.057187518339611643e+01 6.211305163977068133e+01 5.089850418915615737e-01 3.815594792121606016e-01 2.578557929817239938e+02 1.635787886813048653e+00 4.546677468107249709e+00 -9.594364120970845233e-01 1.994081534440652614e+00 1.478045645922190676e+00 3.983237066529500492e+00
7.008696762517315904e+01 6.284327463067486974e+01 5.913604049384003636e-01 3.338942133229712006e-01 2.398136022767523343e+02 1.638718082079668736e+00 5.323265143290541346e+00 -9.610583583828197218e-01 1.252309946039638078e+00 1.291749253485538595e+00 3.989516086864852706e+00
7.027290352615442259e+01 6.265372590897217719e+01 6.330257500897130685e-01 3.486382354151142393e-01 2.443413985594222595e+02 1.660603564040634694e+00 4.301156970167649085e+00 -9.268360269016913122e-01 2.245626926236112819e+00 1.359914208219246579e+00 3.981946999922057362e+00
6.851057201193427204e+01 6.454709327476416547e+01 7.234916482437879770e-01 2.971806938807524667e-01 2.111994813214994622e+02 1.558651717727940422e+00 4.398308754317130642e+00 -9.436814648286484530e-01 2.165419722572522243e+00 1.178941228968449551e+00 3.982368284432090899e+00
6.997789808818789936e+01 6.297708192833449203e+01 6.472878985624082038e-01 3.347494214716741356e-01 2.604257954965459021e+02 1.668295237954140919e+00 5.360537410179487594e+00 -9.429737129135549178e-01 1.214497191589508862e+00 1.345773366272373872e+00 3.989893129516803416e+00
6.938803925347649226e+01 6.342107660970813754e+01 6.388423367629577632e-01 2.938639194942939681e-01 2.145508510786488898e+02 1.585035202613942262e+00 4.395552580015013255e+00 -9.669624533117336940e-01 2.156713385219146684e+00 1.341626125111295087e+00 3.982501709329872686e+00
7.139429354414271245e+01 6.157801795815969115e+01 5.816128266030655691e-01 2.847268347161831525e-01 2.002295883074714595e+02 1.601751649737927163e+00 5.546381659591005153e+00 -8.675660948649918103e-01 1.111918845394942457e+00 1.233093369748111900e+00 3.992427812079925253e+00
7.086902738345543185e+01 6.176287879690877958e+01 5.127998158196119816e-01 3.626587198150325597e-01 2.384365914760402347e+02 1.641577454876434139e+00 4.591165151837865110e+00 -1.003788448967530389e+00 1.980696160958938856e+00 1.534493651523862745e+00 3.983692298687568911e+00
6.957342972935911973e+01 6.322501238839451077e+01 6.805883122971754240e-01 2.685394306153023880e-01 2.811836274413143997e+02 1.604038706158667615e+00 4.658477687144077173e+00 -9.825033144921815342e-01 1.845779700707759874e+00 1.410587894346620796e+00 3.983916504472121201e+00
7.234868874003399242e+01 6.042410914468299410e+01 4.923400528640119456e-01 3.481336363219179053e-01 2.156679061163947324e+02 1.651158540067710678e+00 4.843550154605892999e+00 -1.059478022932949459e+00 1.723395505378010784e+00 1.419086449196098609e+00 3.985625210379216021e+00
7.224785755866616910e+01 6.064223842959165012e+01 5.104838200704296947e-01 3.810843393213682040e-01 2.184492699976694041e+02 1.641486489050259845e+00 4.252575675876942185e+00 -9.087773796937721471e-01 2.290125886657750964e+00 1.373953686098624782e+00 3.981582518840026896e+00
7.058131715079173318e+01 6.239926581322039567e+01 6.827410680929397735e-01 3.288613839806078243e-01 2.111509080664897056e+02 1.638666706142004159e+00 4.377911020750320681e+00 -9.295778860164118917e-01 2.190624259783288341e+00 1.357707093995652814e+00 3.982129432049702711e+00
7.210267613060021574e+01 6.079195908381329616e+01 4.798288463475208765e-01 3.635051524175251791e-01 2.546452350971260330e+02 1.647037625125277183e+00 5.474279441927985879e+00 -9.220422265532594031e-01 1.089739998044805258e+00 1.306918631854974144e+00 3.991231419966424276e+00
7.050312071786262891e+01 6.230285344706836526e+01 6.687782319340199733e-01 3.259923331937566449e-01 2.360261356885208102e+02 1.646477164990250319e+00 4.548435240387961542e+00 -9.956952832638061857e-01 2.022301333279014290e+00 1.504430885812140017e+00 3.983426671396028684e+00
7.200423960950388391e+01 6.083061200693008175e+01 7.007452053724763097e-01 2.814246375203791617e-01 2.042402802534109867e+02 1.630889766298924348e+00 4.398793281515120057e+00 -9.080893864834479468e-01 2.179442285060237960e+00 1.473983434366960665e+00 3.982118135940549752e+00
6.989698572527460385e+01 6.283052951812750564e+01 6.397633699474217783e-01 2.967015729209379615e-01 2.165753206753680047e+02 1.631555101625936866e+00 5.478777121903873670e+00 -9.129227911718511557e-01 1.152552137841100777e+00 1.483379385911454129e+00 3.991390997643151639e+00
7.159868617806542090e+01 6.126078783400990346e+01 6.196024709193763691e-01 3.639418123453438958e-01 2.564582366264395432e+02 1.667868227196529718e+00 5.221864080081887849e+00 -9.471646232574502111e-01 1.345061895617630343e+00 1.367292687044195709e+00 3.988583362487980732e+00
7.078346636227540500e+01 6.237046582079381807e+01 6.672835168694039032e-01 2.947203604030103063e-01 4.056049044895577822e+02 1.668083510088085752e+00 4.721848825452959808e+00 -1.011402695632559467e+00 1.630341949025977621e+00 1.184587372446698206e+00 3.984522328839919858e+00
7.222194485557872667e+01 6.074110871807248202e+01 5.449808638036843789e-01 3.195076146059036004e-01 2.870580905986898301e+02 1.648444088242958960e+00 4.628861417338203665e+00 -9.912698821702721208e-01 1.872756403844064499e+00 1.331309955191733341e+00 3.983851369020052768e+00
7.149668642521957906e+01 6.115842686367841452e+01 5.800931154113161403e-01 2.803227464556526383e-01 2.519735869508232327e+02 1.627868910041840422e+00 4.624747814193964857e+00 -9.602021888851038911e-01 1.930127306360696071e+00 1.519307488960616848e+00 3.983668512865623068e+00
7.042268489599022985e+01 6.237661886328888272e+01 5.398492983374858500e-01 3.149144611052556164e-01 2.842283602181695414e+02 1.604807430232320975e+00 5.039292253339796801e+00 -9.744845165427291622e-01 1.469132014977980960e+00 1.380661249417409309e+00 3.986805402035848545e+00
7.022853447477174882e+01 6.277437286404302341e+01 6.853924226159711086e-01 2.768539140478838978e-01 2.594339268529002425e+02 1.615049876744656165e+00 4.887098103382503389e+00 -9.567910806009048974e-01 1.674036763334344258e+00 1.314237694164442027e+00 3.985464154230594414e+00
7.051616744160855887e+01 6.207330500655537264e+01 5.835298671521397251e-01 3.153593610255727153e-01 2.388862206364237295e+02 1.623055450800194865e+00 5.253174464445873326e+00 -9.648793581890175997e-01 1.333138605104355445e+00 1.569266155786908312e+00 3.988766255568754637e+00
7.109859072440849559e+01 6.220493041186831817e+01 6.342960409835080027e-01 2.684709870598109283e-01 2.365352215245418108e+02 1.544199939268046995e+00 4.735025968846872324e+00 -9.622202342583529022e-01 1.832909152482896875e+00 9.928889686731499076e-01 3.984411650656972892e+00
7.155196618746053616e+01 6.154187507324917306e+01 5.598425547106864464e-01 3.682169114030518497e-01 2.292080568549449424e+02 1.653020832233683013e+00 4.855174087511165304e+00 -9.965375037572603567e-01 1.736667185806127778e+00 1.225485494886264126e+00 3.985396566392219952e+00
6.810627415598072787e+01 6.483833620677665976e+01 6.314990439653185295e-01 2.835433738645407598e-01 2.772196953524695004e+02 1.556516091691694026e+00 5.038812774849082743e+00 -9.721775162850293528e-01 1.522771062695421618e+00 1.231574003649749116e+00 3.986776048054190724e+00
7.082331626428243965e+01 6.207403239942528472e+01 5.168454445688972498e-01 3.443246472757347520e-01 2.868154268708163954e+02 1.601755991443588822e+00 4.833534171825395021e+00 -1.006793342271573133e+00 1.659239525840002338e+00 1.284317387811656497e+00 3.985195029847660386e+00
6.983715639398002395e+01 6.358593632986592326e+01 7.769048113695568025e-01 2.873162632833592967e-01 2.492039271837025183e+02 1.632865553746412735e+00 5.473607288023756290e+00 -8.984916075598315954e-01 1.090093850082821225e+00 9.750084928768303350e-01 3.991374071625002795e+00
7.068146422589724409e+01 6.222322201878705528e+01 6.401715759751146484e-01 3.016798619577051865e-01 2.354386179907369296e+02 1.613642343370981669e+00 5.001141239486806889e+00 -9.861778535047786010e-01 1.574497304827391142e+00 1.322290368399283933e+00 3.986501695261540412e+00
6.889230684378480873e+01 6.389905803143015817e+01 5.588764346398262806e-01 3.297835377997669348e-01 2.606017655756527915e+02 1.613056896435151266e+00 4.954222444618364918e+00 -1.001933682181435081e+00 1.584620486537958950e+00 1.350384413780209236e+00 3.986128773046806906e+00
6.877500183672626122e+01 6.407754711754670041e+01 7.551493588561628556e-01 1.883264321066641378e-01 2.685996242052991647e+02 1.538886436225657794e+00 5.047452368878985851e+00 -9.732304400168703129e-01 1.495496997559785601e+00 1.298864502594402115e+00 3.986906801059963978e+00
7.066859607103494056e+01 6.225328846455510501e+01 5.480514691004744199e-01 3.753577208652870700e-01 2.334890952128558013e+02 1.689804543589795705e+00 4.924481361231198839e+00 -1.013317517034614923e+00 1.641296715061834721e+00 1.323310228177262182e+00 3.985958221828356685e+00
6.847679149485766459e+01 6.468615967490393359e+01 7.369350149629025903e-01 3.355280651169623707e-01 2.262796086374240190e+02 1.628631820507817407e+00 4.929853204074355233e+00 -9.969055365908747746e-01 1.643441139833267561e+00 1.167053127927822009e+00 3.985934545385823036e+00
7.176689882814835642e+01 6.072456087075535436e+01 4.874081231488209820e-01 2.867063167307793980e-01 2.729169864358849509e+02 1.587760761085486250e+00 4.958950068248500820e+00 -9.515312478159081433e-01 1.619950556606980951e+00 1.582563083530470260e+00 3.986135495836123699e+00
7.044926861669085838e+01 6.220009129307653950e+01 5.489909902133769393e-01 3.648054585966282182e-01 2.742086739343812383e+02 1.641863993361506902e+00 4.740448189997043649e+00 -1.000413396173191805e+00 1.802550338437505895e+00 1.485729012468478771e+00 3.984637707804347784e+00
7.077770506085207103e+01 6.236236636054854188e+01 6.788871260300296528e-01 2.549829449905849366e-01 2.445710714829241681e+02 1.564570239283975983e+00 4.433153349117083586e+00 -9.424143717232942308e-01 2.098683196475020107e+00 1.119993560306360880e+00 3.982509552317416102e+00
7.163339891773321710e+01 6.095815496606230255e+01 4.620182528000694733e-01 3.763908203819388842e-01 2.064344375316295270e+02 1.635584141322605989e+00 4.360771414530142387e+00 -9.118518244897991787e-01 2.215282900581169390e+00 1.592450327940689414e+00 3.981985205258312455e+00
7.129515091137956517e+01 6.181357546297292060e+01 6.672436311347412774e-01 2.936725182877374940e-01 2.943344370456549655e+02 1.644906736509652134e+00 5.194891239093974100e+00 -9.649884429915098760e-01 1.314082286804706179e+00 1.202933601593516588e+00 3.988248117785487157e+00
6.982791005789898975e+01 6.330049151077917458e+01 5.839222301556236117e-01 3.811721432982914104e-01 2.888742008927868028e+02 1.633921731711814651e+00 4.887811317835725866e+00 -1.004521019188612474e+00 1.633036220762705826e+00 1.132961977066120118e+00 3.985677833125574665e+00
6.755568722346758648e+01 6.500263692407469307e+01 7.142631620914674517e-01 2.825709877323362984e-01 2.509781314185618442e+02 1.596520087002750499e+00 5.363758361986297629e+00 -9.552109410289288949e-01 1.194816143802983399e+00 1.514831220886120988e+00 3.989977183737962729e+00
7.130621121683935826e+01 6.172400840198664440e+01 6.447184185265874001e-01 3.310873443212238865e-01 2.777866420763675137e+02 1.699920685980202739e+00 4.959387773629842400e+00 -1.005337559194278585e+00 1.600284705338516078e+00 1.326308187220954782e+00 3.986225499615163592e+00
7.138873595156751151e+01 6.142808629670616227e+01 6.078194142561663682e-01 3.044684636033447300e-01 2.777178170168269276e+02 1.652891965267227148e+00 5.046564964849993729e+00 -1.019466650254317264e+00 1.465049427463766873e+00 1.383192960591187459e+00 3.986927125516738002e+00
7.158049332824694488e+01 6.141823204198740171e+01 6.688467597317914182e-01 2.713671636803674514e-01 2.783502755614840112e+02 1.577906630902237151e+00 4.915132604265254557e+00 -9.634086689431419215e-01 1.658047175796506956e+00 1.249840370701731596e+00 3.985772441070128291e+00
7.039537367431908876e+01 6.283196659629911807e+01 7.177770276566317609e-01 2.727833100410233524e-01 2.975607239754530156e+02 1.537220124479589556e+00 4.599769489513624521e+00 -9.350336176156800461e-01 1.920975639905158738e+00 1.092299665540595877e+00 3.983385068004889451e+00
7.269452236216162078e+01 6.021749325870220559e+01 5.222336511402263515e-01 3.799667849329826930e-01 2.861605800413497604e+02 1.687517614824870504e+00 4.803365651959341065e+00 -9.963111180480479501e-01 1.703443519709400666e+00 1.398548834821087716e+00 3.984942037921691327e+00
7.042658731500168301e+01 6.248291383204954030e+01 5.660581971654459199e-01 3.161022159800846998e-01 2.015050329580376740e+02 1.620408103006078182e+00 5.442576008501202267e+00 -9.123395629400002926e-01 1.206480493554923594e+00 1.292040228518878564e+00 3.990968409121224525e+00
6.746410096545255897e+01 6.508702680260061868e+01 6.514003211103219781e-01 2.858546362094390170e-01 2.209093511773932903e+02 1.561295389103029452e+00 5.008128518143858621e+00 -9.847375406413857446e-01 1.609602644099025204e+00 1.503444777147009193e+00 3.986510470403394013e+00
7.071720575918804741e+01 6.215727314745850407e+01 7.782887585607559666e-01 1.523535802747958412e-01 2.708633348630686442e+02 1.524753670574930275e+00 5.023709639980672215e+00 -1.004025024395512222e+00 1.538119815602144724e+00 1.345578850435007245e+00 3.986683482280498403e+00
7.028278475365350175e+01 6.288327467223607670e+01 6.777162201358489790e-01 2.683950690681301543e-01 2.668148750075575890e+02 1.583055842095343557e+00 4.779633081234420544e+00 -9.637016932489728127e-01 1.760372595908238802e+00 1.149056840367991050e+00 3.984655303898091194e+00
6.921426433300791814e+01 6.326847164221769759e+01 5.279907621559510877e-01 3.617756766414013114e-01 1.714473156182689877e+02 1.606403025301047505e+00 4.303416131005221246e+00 -8.877616180085046160e-01 2.291619159216785828e+00 1.655088016262088013e+00 3.981630479667479960e+00
7.204085278499314882e+01 6.074166237820870862e+01 5.020292213035264517e-01 3.601144357128711060e-01 2.509009085347799157e+02 1.660029643400068977e+00 4.992445303549391866e+00 -1.023949752994260276e+00 1.570880817614378033e+00 1.465329794381977857e+00 3.986465474142237397e+00
7.093322720216737309e+01 6.172678963042421429e+01 5.606892573578113881e-01 3.297199416143130613e-01 2.546725236552122169e+02 1.651106737462292529e+00 5.203795127409258647e+00 -9.899497725206518606e-01 1.354868454905666431e+00 1.512906115781017080e+00 3.988299122449189049e+00
7.092012400470864009e+01 6.166482728262430868e+01 5.094972301855410501e-01 3.473773628735505881e-01 2.307035170503457664e+02 1.622504105304900524e+00 5.291276435085316088e+00 -9.631078723619740378e-01 1.331779636165516534e+00 1.532163249448256881e+00 3.989178801523166396e+00
7.145033123150010113e+01 6.118656297827839552e+01 5.709395871386800936e-01 3.381476372573552491e-01 1.644641606899821795e+02 1.632809232176317904e+00 4.324147166980159440e+00 -9.109883710434154569e-01 2.274496750701058723e+00 1.587352687250450423e+00 3.981867077619995587e+00
7.124557457113392900e+01 6.182112501782560798e+01 6.573495125907560244e-01 2.951778130811618106e-01 2.629889687454005411e+02 1.611734086054476878e+00 4.491688066404886825e+00 -9.288896034747062824e-01 2.034631714722984430e+00 1.305345332617941390e+00 3.982614650844252591e+00
7.070314375162678289e+01 6.208816255893471947e+01 4.910525411907943338e-01 4.071088443064082574e-01 2.767273925198830966e+02 1.638818479764307279e+00 5.012562544243711393e+00 -1.001811872351034971e+00 1.540824764029417926e+00 1.405941656745206769e+00 3.986631808238051633e+00
6.895886187318072302e+01 6.359387064542345058e+01 6.552040971581316597e-01 3.168932772686611776e-01 1.874369211064787351e+02 1.627786627194757862e+00 4.304171377882721750e+00 -9.039784077271981744e-01 2.259791809034836341e+00 1.624381274600621872e+00 3.981798891014238784e+00
7.126426786961930304e+01 6.179135440892606113e+01 5.603578328021500132e-01 3.832818230730437037e-01 2.856044174556711823e+02 1.655028454483569611e+00 5.028963045868816373e+00 -9.676493214309249691e-01 1.519730581043990281e+00 1.274316785479910674e+00 3.986657938540518309e+00
7.200976612292743084e+01 6.085202884208622010e+01 5.967986682619107475e-01 3.274782991561133172e-01 2.247803515471091202e+02 1.644292094260414006e+00 4.458611204558037500e+00 -9.830528056249421276e-01 2.096294407915506586e+00 1.350046778530691105e+00 3.982949603431479524e+00
7.095278360904681847e+01 6.209737018357456151e+01 6.329515268741140455e-01 3.057212474748057240e-01 2.291467108712627407e+02 1.566874540892246648e+00 4.671208458098808691e+00 -9.351325005076310815e-01 1.921022024638679992e+00 1.158127877017647744e+00 3.983839000697608324e+00
7.245955273279730591e+01 6.041377561520236839e+01 4.804762007930177270e-01 3.595887335005348295e-01 2.575432471067994697e+02 1.582473550370067317e+00 5.145631553718634343e+00 -9.822864776459552250e-01 1.408859153567204370e+00 1.302420236089039784e+00 3.987754362766029015e+00
7.340326305877916013e+01 5.947430608004660257e+01 4.794920352785813078e-01 3.453545828355148450e-01 2.424688111620258724e+02 1.621617199159040679e+00 5.255722801441947034e+00 -9.854581807497670987e-01 1.347170718205159545e+00 1.309095458370913123e+00 3.988903614094404304e+00
7.056393173400739727e+01 6.221999581589492578e+01 6.572481105563811044e-01 3.082752942614635505e-01 2.782452608012137603e+02 1.603439457132452395e+00 4.360095563230731663e+00 -8.805964327315380924e-01 2.138409644429693390e+00 1.412671039222649583e+00 3.981806025865740395e+00
7.041421004326487321e+01 6.217744627798416701e+01 5.703119140642908258e-01 2.674731584977660392e-01 2.765111482273293859e+02 1.597888156431731099e+00 4.335254443949838610e+00 -9.028763137859795451e-01 2.182938914101776540e+00 1.491100399583049407e+00 3.981848020703590230e+00
7.192130883923609019e+01 6.112183648692057858e+01 5.982439165168782491e-01 3.186879190334417356e-01 2.261786135453075417e+02 1.660150227797982492e+00 4.954864284514440165e+00 -1.002332972211526174e+00 1.627133541144392570e+00 1.316817791520299652e+00 3.986124581026587954e+00
7.244352371884360764e+01 6.066721565617324075e+01 6.436856458355939559e-01 3.099025983659317030e-01 2.602264691530459118e+02 1.623788163393594886e+00 5.270389445895435010e+00 -9.431457165944769905e-01 1.314035537265108911e+00 1.181504249080780999e+00 3.989052419781982994e+00
7.119367585913369112e+01 6.148536412912719840e+01 5.430726960487880506e-01 3.515259516402057249e-01 2.808328149207024467e+02 1.714134774133289740e+00 4.804770141953216722e+00 -1.014767676597832624e+00 1.757691697001729336e+00 1.601336392757219063e+00 3.985041795266394793e+00
7.088747329181863677e+01 6.197616988242299385e+01 4.776710169857778521e-01 3.358516827024091156e-01 2.449737297114493515e+02 1.571888063717108208e+00 5.048816722823461056e+00 -9.942239579068342659e-01 1.527901800645154795e+00 1.293048652918045160e+00 3.986944014850192008e+00
6.974473526212591423e+01 6.292375060689752786e+01 6.855356885924255295e-01 1.856428262426512710e-01 2.719114580848448668e+02 1.579043090937621407e+00 5.055488778777445624e+00 -9.921013456300257216e-01 1.508445694874495979e+00 1.462567062101296500e+00 3.987032811857315728e+00
7.002190261787400516e+01 6.347823470649223054e+01 7.165642759827463015e-01 3.397533305571832085e-01 2.011230668031026028e+02 1.612388350016179750e+00 4.512369635974734727e+00 -9.900689204363003482e-01 2.059193893069031223e+00 9.279234355638473764e-01 3.983165003221648348e+00
7.121745429536026961e+01 6.176010415135155540e+01 6.303007722945498381e-01 2.773444314919539244e-01 2.297439878810400273e+02 1.581426193753743714e+00 5.162515214795428520e+00 -1.005312422402816708e+00 1.407071051087819047e+00 1.270311218250425700e+00 3.987885299169411812e+00
7.300935842322715530e+01 5.980877893858978211e+01 4.963575371741618669e-01 3.597289610783804270e-01 2.963108518763727375e+02 1.720682123901613236e+00 5.084411312839913322e+00 -9.989035261134193711e-01 1.449302267646709108e+00 1.475661056315966890e+00 3.987205488572547196e+00
6.798995694186211836e+01 6.484705273575309548e+01 6.533706413427859960e-01 3.201018528486899717e-01 2.465784603403869824e+02 1.660240895322753651e+00 5.342864598799820008e+00 -1.051139346967579380e+00 1.207713920233582261e+00 1.295182514287348541e+00 3.989572748335052932e+00
6.976533191246974752e+01 6.342599167663082227e+01 6.792833113717761107e-01 2.980340580373460058e-01 2.729289641348560167e+02 1.622094621946659432e+00 5.303983852647197850e+00 -9.426599582266713684e-01 1.268093289003789037e+00 1.051661204266931549e+00 3.989439020689382609e+00
7.164959461555811515e+01 6.118072093973154324e+01 7.079786832332148894e-01 2.509421389018526849e-01 2.140008809376094234e+02 1.574368830805674246e+00 5.037215027812636414e+00 -9.820092612144033506e-01 1.576617045438563069e+00 1.380509508353014114e+00 3.986884590659301342e+00
7.014143879700483808e+01 6.274909354124906713e+01 5.878174377177020071e-01 3.283689543349108120e-01 2.520171227269940744e+02 1.589556001422472553e+00 4.302956559527793878e+00 -8.383059941098209844e-01 2.207004837502236416e+00 1.355595915327905798e+00 3.981320474800063014e+00
6.738595690353547241e+01 6.565824456136888898e+01 6.566803277938690897e-01 3.007302165326027343e-01 3.180327287596244332e+02 1.618987950334078718e+00 4.769131477845098388e+00 -1.022860909592746337e+00 1.682295415450535847e+00 1.191043449387042541e+00 3.984933039217413597e+00
7.068698831066666344e+01 6.266827857111048417e+01 5.969373723609515681e-01 3.788366752184486042e-01 2.811435705334099566e+02 1.650306370956273749e+00 4.905177553341214747e+00 -1.005195994183546215e+00 1.596421110648775565e+00 1.028770740398248229e+00 3.985796058689112353e+00
7.003015650824532656e+01 6.330553077584234956e+01 7.237345466856168752e-01 2.693131297944797442e-01 3.043721526350004183e+02 1.589526026563603756e+00 4.448243277723558542e+00 -9.419988121081173116e-01 2.033043001312242470e+00 1.086562666246580822e+00 3.982567399841423494e+00
7.103564738202480555e+01 6.186234538969830510e+01 6.184652203548395288e-01 2.415012818542199291e-01 2.364049928406892036e+02 1.536191510054083942e+00 5.237093906178251324e+00 -9.701157970401050878e-01 1.375483404385042130e+00 1.277588102530340386e+00 3.988696702346567147e+00
7.191309446060972732e+01 6.119574335759729422e+01 5.161832616760663184e-01 3.395467116713669076e-01 2.899630621322296520e+02 1.612305876920246295e+00 4.509320206346258075e+00 -9.617351167063787898e-01 2.000921925889731057e+00 1.152234321872223521e+00 3.982954224651699349e+00
7.013811242846750815e+01 6.282963627210755675e+01 6.434705901528817718e-01 3.376813470375388815e-01 1.988526497527428489e+02 1.687239534026764742e+00 5.459354508207918677e+00 -1.034068518793903602e+00 1.143490126717462640e+00 1.311135271242626743e+00 3.990675178208131335e+00
6.991192296454747179e+01 6.339517568838920170e+01 7.161636265888365882e-01 2.920042267710048489e-01 2.392518665989222484e+02 1.606419758669156428e+00 5.070949847699010249e+00 -9.698221022689823556e-01 1.511681979713263457e+00 1.093793915865381328e+00 3.987073878272136884e+00
6.935418282606056550e+01 6.380339166652160543e+01 5.957613472187581749e-01 2.799793513442330184e-01 2.374062246875157030e+02 1.546100178936908431e+00 4.364210836079545963e+00 -8.724805371835542278e-01 2.170752186293746888e+00 1.035791286606193573e+00 3.981685949867613594e+00
7.053949492362049511e+01 6.254843980843437379e+01 7.097900470615025048e-01 2.753737737806871699e-01 2.125087207488634249e+02 1.691393954058616700e+00 5.293229816590690362e+00 -1.044686880009718877e+00 1.311205354831305847e+00 1.254730788264084573e+00 3.989143084814018358e+00
6.776401946438043922e+01 6.507254506377323366e+01 6.570649144256123231e-01 3.258005632881488811e-01 2.755275461429191637e+02 1.561975332877979072e+00 5.151501510616723678e+00 -9.843130843345514469e-01 1.381863392061948970e+00 1.310792704481491544e+00 3.987839894887935444e+00
7.023411906353790357e+01 6.282789056539031947e+01 7.698539533253292433e-01 2.965863872755985509e-01 2.529867805427836061e+02 1.687618673312168749e+00 5.289080973351187431e+00 -9.703742091660734204e-01 1.274569706026605465e+00 1.307588668457173142e+00 3.989127364218872707e+00
6.904758752051714055e+01 6.373068051971235093e+01 5.702033592141793061e-01 3.278982609689776173e-01 2.073662688927817328e+02 1.596940387805606543e+00 4.288832515958751479e+00 -9.109249507820457170e-01 2.260178260624862823e+00 1.381718661274155879e+00 3.981715311929070467e+00
7.015479687873468606e+01 6.296388769786921102e+01 7.428668588121821736e-01 2.193536547526990788e-01 2.912990869670831557e+02 1.524044857109581264e+00 4.809338965283360245e+00 -9.757177547926662031e-01 1.698378410453129872e+00 1.123879644346060136e+00 3.984979368603024596e+00
6.982278120358125761e+01 6.305988084004059147e+01 5.293050833411637734e-01 3.369723542289118634e-01 2.658820219774195266e+02 1.587232744088908465e+00 5.186510392345899945e+00 -9.820777361730562705e-01 1.351167939963097142e+00 1.290802951987794822e+00 3.988179910122708005e+00
7.005532318889571286e+01 6.284087562861995480e+01 6.110309809687637372e-01 3.549054616754656055e-01 2.551595061219103115e+02 1.652379824353721105e+00 4.882109921548689613e+00 -9.954945802900253549e-01 1.675283498919864389e+00 1.364915669135693399e+00 3.985542844360527859e+00
7.048861312625396636e+01 6.213171543782507911e+01 5.691115012926053485e-01 3.277395898079383252e-01 2.422520189176712222e+02 1.657810307209454548e+00 5.021736075437566171e+00 -1.019064426466000928e+00 1.549269396431328438e+00 1.573216144673338590e+00 3.986811606628916760e+00
7.033728667093991760e+01 6.263043769515029169e+01 7.199136884041223983e-01 2.467510677506661032e-01 2.562987625026839282e+02 1.570953657708695772e+00 4.800213796543197020e+00 -9.960942614315611010e-01 1.751147986784982402e+00 1.324468061347024994e+00 3.984983247465515799e+00
7.096510510773002522e+01 6.210446397364787430e+01 6.422443415530725286e-01 3.265088133054746544e-01 2.339364127626280947e+02 1.664170110796849844e+00 4.607846099309373500e+00 -1.062994368373583631e+00 1.919233956089477333e+00 1.185721737332022796e+00 3.984228785180500054e+00
6.995739196779517499e+01 6.272428074261090813e+01 5.846037845284077772e-01 3.375706773604057465e-01 2.425479711696461322e+02 1.643990583394861149e+00 4.868762893710727013e+00 -9.988349008815994301e-01 1.715126147374153254e+00 1.506243902243522781e+00 3.985464894411725023e+00
6.969659329838553674e+01 6.326722938866114276e+01 6.020952159716790320e-01 3.184971663402507702e-01 1.977496898647934529e+02 1.599979815680935502e+00 5.459025664286249580e+00 -9.003262140794098256e-01 1.218378363062492475e+00 1.248412533194235507e+00 3.991187411774757443e+00
6.853186762839254698e+01 6.410024502913128686e+01 6.728939141525004386e-01 2.628256046919095201e-01 2.709733733844596486e+02 1.618027030488570217e+00 4.857433563155008294e+00 -1.019976622857230675e+00 1.671976041342079000e+00 1.584947086022068907e+00 3.985467873099121761e+00
7.022786745674167719e+01 6.301376746437798460e+01 6.890341162934250363e-01 2.612661209629829062e-01 2.163422131416050433e+02 1.534104698466773442e+00 4.580627569903569452e+00 -9.363904915574710053e-01 2.005539324228054809e+00 9.947979677001886900e-01 3.983295995980218773e+00
7.101308398637411301e+01 6.173683537436712498e+01 5.296060278187574299e-01 3.339643341749646832e-01 2.916497097254198252e+02 1.676455228862702596e+00 5.065531070794427215e+00 -9.997408178150916092e-01 1.449428608498126270e+00 1.473431500598417765e+00 3.987023116384845522e+00
7.201009797989354411e+01 6.077874965709794708e+01 7.071907647003576880e-01 2.482219174030528275e-01 3.680980663283299918e+02 1.651009127197307080e+00 4.780375029014737542e+00 -9.648061042324437286e-01 1.660843901070021777e+00 1.526774617451701399e+00 3.984720754305174140e+00
6.975475529407620456e+01 6.322428840875503653e+01 7.962683532162415645e-01 2.232531641709971926e-01 2.183031997116438845e+02 1.641793610138075676e+00 5.290945982061574959e+00 -9.432034289651887171e-01 1.332891568096489010e+00 1.359737528008508223e+00 3.989231431069641509e+00
6.882038993661392112e+01 6.415224302244054400e+01 6.789012448222022655e-01 3.853981779625502146e-01 2.996253412886475189e+02 1.662019051119724145e+00 4.899564386373964631e+00 -1.015060114634832811e+00 1.617929608965851696e+00 1.262893335434712050e+00 3.985829111936256997e+00
6.905792854764619904e+01 6.390531499680034244e+01 7.951937064885374884e-01 2.222857627645400957e-01 2.831933371392639742e+02 1.522733716049113006e+00 4.491353473931829932e+00 -9.125563578949016375e-01 2.035155483912042040e+00 1.255677204967484029e+00 3.982564511524045336e+00
7.015479687873468606e+01 6.296388769786921102e+01 7.428668588121821736e-01 2.193536547526990788e-01 2.912990869670831557e+02 1.524044857109581264e+00 4.809338965283360245e+00 -9.757177547926662031e-01 1.698378410453129872e+00 1.123879644346060136e+00 3.984979368603024596e+00
7.050543462713010001e+01 6.263481020206926786e+01 6.231526284324011566e-01 3.949213913986077129e-01 2.139593304438199652e+02 1.653748270420695166e+00 4.739615688744459376e+00 -9.899040527944681367e-01 1.854540001472555488e+00 1.229105908056656649e+00 3.984499453937755398e+00
6.838000615585704622e+01 6.482882811801111700e+01 6.273639394313217377e-01 3.400844223029461655e-01 2.603331254280666940e+02 1.606983458900022255e+00 4.791298932418271761e+00 -1.007450584381456293e+00 1.764938625292011842e+00 1.076730180368681733e+00 3.985006836396433272e+00
6.897874935332760060e+01 6.413545104982306100e+01 7.872891757738921248e-01 2.465834834842373091e-01 2.660103045918459657e+02 1.590434410880330329e+00 5.093160296199970460e+00 -9.787731235714519640e-01 1.458887504747600206e+00 1.147324682946561314e+00 3.987334258756687788e+00
7.323224566410253544e+01 5.993660215841416772e+01 6.221031904829327219e-01 3.268768635247703003e-01 2.833861347710874838e+02 1.696052332541575947e+00 4.848525825249262233e+00 -1.020690287583535305e+00 1.686673605337870141e+00 1.295047043825015898e+00 3.985444422452332436e+00
6.930601384441908408e+01 6.341937621100635880e+01 6.057156158600923712e-01 3.542658393394367278e-01 2.355803574570180956e+02 1.617188662138025146e+00 5.088582538005344880e+00 -1.009085732962862192e+00 1.519368407421637368e+00 1.443530333948139566e+00 3.987273546996469076e+00
7.165424803945606413e+01 6.088396805361848863e+01 4.634734745315826632e-01 3.513317660906845052e-01 4.099229928540974583e+02 1.762292384678251445e+00 4.840040232023516964e+00 -1.054104338685722730e+00 1.534378676037179368e+00 1.652029871592591403e+00 3.985552110397561520e+00
7.290126779272368651e+01 6.022618247184998097e+01 5.796104702732270963e-01 3.143641938660944879e-01 2.190836873342941544e+02 1.656713253220273740e+00 5.421650964947878570e+00 -9.323346047755691757e-01 1.195974073248542879e+00 1.226941604863081459e+00 3.990647115282857982e+00
6.780375675148209780e+01 6.494882064952020073e+01 6.982104091380501032e-01 2.682108486807577297e-01 2.674220200568868222e+02 1.577825179809732914e+00 4.901390321174358355e+00 -9.969387544960860437e-01 1.634563220703684649e+00 1.397004565250312469e+00 3.985763818856501661e+00
7.213313472101114598e+01 6.101009050336880790e+01 6.100331613621484683e-01 3.440420178202699408e-01 3.147128513070481404e+02 1.580129165482049736e+00 4.708938247700189983e+00 -9.748132407555539780e-01 1.795435649598341676e+00 1.144279597045235741e+00 3.984200552027032050e+00
7.132065065523605085e+01 6.151869598071230172e+01 6.169634042803185947e-01 3.558534953145888191e-01 2.682699097080112551e+02 1.611182179169788231e+00 5.326799169790247923e+00 -9.437771678745715542e-01 1.216845554077054636e+00 1.401260352387706076e+00 3.989596799256532211e+00
7.037683938847585807e+01 6.268255264677279825e+01 6.640407617273418328e-01 3.012261126066570482e-01 2.822215553278971356e+02 1.606707814557921221e+00 5.086892734946135697e+00 -9.529550099826901155e-01 1.455294889371750777e+00 1.251084508618071078e+00 3.987260726198808669e+00
6.933615110141879256e+01 6.356315215456580603e+01 5.599442370765038701e-01 3.026604716389752481e-01 2.621201052633637687e+02 1.622927060805081423e+00 5.113471343157205418e+00 -9.714290178716561419e-01 1.460273153551959968e+00 1.309552277189104164e+00 3.987520219728507342e+00
7.206018078172792229e+01 6.072135930884523702e+01 6.250844292177932804e-01 3.257876356668548135e-01 2.773635508968978343e+02 1.672432619268996001e+00 5.140946536940631084e+00 -9.848865139964335658e-01 1.410996137033871056e+00 1.459868594260595120e+00 3.987756926528048140e+00
7.100584243915933769e+01 6.190149905333389313e+01 5.968353919188870149e-01 2.807383312752272930e-01 2.752449622076848073e+02 1.551751269479314743e+00 5.248815270264976185e+00 -9.758699700344268813e-01 1.298878181743614135e+00 1.248306010715271031e+00 3.988766512681799714e+00
7.081866489623565997e+01 6.215863999315688204e+01 5.285379086746072597e-01 3.482353283233177166e-01 2.758376890809041129e+02 1.669726742523863772e+00 5.115506601806836251e+00 -9.909649632066671598e-01 1.424299348197207493e+00 1.280972291817080944e+00 3.987470830148191148e+00
6.932090828672814098e+01 6.345339127018073100e+01 6.497296422846985386e-01 3.607413324541789978e-01 1.665410475385993152e+02 1.631799547449660714e+00 4.356950519224978002e+00 -9.279438044953601805e-01 2.241861295780240404e+00 1.430193610068485555e+00 3.982103274384799718e+00
7.230091161703826685e+01 6.083246080969773573e+01 5.391980204242158292e-01 3.589721377532834601e-01 2.868945712138039426e+02 1.637607527558848863e+00 5.126808781888661848e+00 -9.607279139440821902e-01 1.423479322398859326e+00 1.204948554512980552e+00 3.987610347570959668e+00
6.871399838340813915e+01 6.397210527343441555e+01 5.461513854490768205e-01 2.796505522752621986e-01 2.248243201647581202e+02 1.612473011668949185e+00 5.228845608052726135e+00 -1.043959755734110040e+00 1.332092059976124343e+00 1.438616527234408471e+00 3.988541350978531241e+00
7.058652529306070278e+01 6.239364169083219025e+01 5.569287055332262648e-01 3.777645929422072113e-01 2.499217637490475852e+02 1.649480425551559382e+00 5.175147369731738500e+00 -9.774864483185572439e-01 1.394956007910994833e+00 1.269252339271141006e+00 3.988034226129880011e+00
7.061207654248535448e+01 6.230107860362475236e+01 6.775370446401218771e-01 3.257005056095216289e-01 2.165781734782057129e+02 1.597296560308910873e+00 4.790746358920400461e+00 -9.904755299340242125e-01 1.796318057306803606e+00 1.344341111286643908e+00 3.984889070306074643e+00
7.055640776215565779e+01 6.211377795679211289e+01 5.869311086460508031e-01 3.090660507170865379e-01 2.371504562791124044e+02 1.603438425609273521e+00 5.014842320031507761e+00 -9.744483424209946509e-01 1.584956417080957802e+00 1.472822907865513287e+00 3.986662528804974848e+00
7.392108572010874923e+01 5.931210001129251452e+01 5.238147963539859786e-01 3.708081428306154725e-01 2.681831987096375087e+02 1.639976488357884232e+00 4.711475409950026894e+00 -9.688416725173610855e-01 1.827516222527321599e+00 1.117007833087384050e+00 3.984265085807030982e+00
7.045348833459735260e+01 6.213965944558561461e+01 5.883868069372740761e-01 2.922155723525907689e-01 2.233805964273419704e+02 1.623853700234920927e+00 5.170718177101551127e+00 -9.925704110803437175e-01 1.426829856287591847e+00 1.557103501357215869e+00 3.988030841061170673e+00
7.054326440301343837e+01 6.204357249726981394e+01 6.137882867600283898e-01 3.054406989628870028e-01 2.651930709812335181e+02 1.621590359635975753e+00 5.020918419996784010e+00 -1.004171902730470078e+00 1.541358557219535408e+00 1.573621972792641932e+00 3.986703721638138020e+00
7.168282917698446965e+01 6.087195629667414210e+01 5.029722488787414791e-01 3.156834820252402141e-01 1.658484341446595067e+02 1.603436700725417108e+00 4.245739233843972116e+00 -8.931206452951604424e-01 2.328325864950310908e+00 1.582386867052830270e+00 3.981462431253249168e+00
6.970042929355561512e+01 6.339795565313234249e+01 6.611905654552092670e-01 3.503325548383525723e-01 2.398722907944302847e+02 1.573266930577767120e+00 5.306974846112460398e+00 -9.457096013254241429e-01 1.284842258687538541e+00 1.117825975018457152e+00 3.989374041469579080e+00
7.152589099739002165e+01 6.121403401310461589e+01 5.163555589076990193e-01 4.089557972691074683e-01 1.565353859320354672e+02 1.633769845891212880e+00 4.226926622307905390e+00 -8.441885931486625694e-01 2.369782690986131257e+00 1.575881127312098950e+00 3.981162982871447653e+00
7.010209053268526702e+01 6.279021637436098757e+01 6.306888310445428747e-01 2.800761874145630270e-01 2.604472293438283828e+02 1.606522824862119725e+00 5.119873521464127109e+00 -9.869380614667140339e-01 1.448889104378863202e+00 1.358260405188836506e+00 3.987543678453749685e+00
7.074269157219814019e+01 6.222893893725869674e+01 6.475416426747944154e-01 3.184314709913167452e-01 2.729064844408766817e+02 1.584880882409288372e+00 4.667386951959864305e+00 -9.592884146012606861e-01 1.854071864583220375e+00 1.224124679087168932e+00 3.983842188342073154e+00
6.972493055779482063e+01 6.306298259612049861e+01 5.803576637669859428e-01 2.802070295056589000e-01 2.213456641233882181e+02 1.630190456377455410e+00 5.569537981063941601e+00 -8.679194210347870309e-01 1.054606813731973736e+00 1.411678421435686559e+00 3.992671865769543693e+00
7.000064309601121693e+01 6.302655940615108676e+01 6.735461389891957973e-01 2.479185512652711532e-01 2.141511187014421864e+02 1.554232801756080473e+00 4.435122107691610083e+00 -9.113802009790311631e-01 2.137346457878845030e+00 1.202453492567138627e+00 3.982256496898023190e+00
6.985096189151779811e+01 6.330778703991521894e+01 8.612222117523309350e-01 2.659897953315932817e-01 3.331339338010747610e+02 1.685297646648846737e+00 4.784005396796411347e+00 -1.003050504542140953e+00 1.652679432357577749e+00 1.222988269338394884e+00 3.984891639719555290e+00
7.020828734710941887e+01 6.279077741340856278e+01 5.791125818281258608e-01 3.654041694477703772e-01 2.572892620199941121e+02 1.666238587378004343e+00 4.952076166939899160e+00 -1.001242722004452634e+00 1.603397431593828859e+00 1.317604995503441678e+00 3.986125436675822087e+00
7.158103501531155644e+01 6.091369861374998607e+01 4.166842084405505964e-01 3.823832548642729923e-01 2.354171280182076202e+02 1.678147589934414485e+00 4.623600093634649966e+00 -9.938893744384426077e-01 1.927293231721771027e+00 1.685507342599758429e+00 3.983798338829793728e+00
6.857883941918541382e+01 6.409042266617917960e+01 5.961344473851941661e-01 3.021707398218995699e-01 2.890857855654911646e+02 1.663521425951866473e+00 5.141348849160203294e+00 -9.848562171290308198e-01 1.373709421138608722e+00 1.480069201646615706e+00 3.987776652328979932e+00
7.109797691718010526e+01 6.182243054647000235e+01 6.608416303241997358e-01 3.212228965238477230e-01 2.073868812662746564e+02 1.721442080913542672e+00 5.488062152156358842e+00 -1.022549833500016714e+00 1.126839840303756723e+00 1.339033201653067939e+00 3.991009370690998370e+00
7.146031053100179520e+01 6.130898988253406401e+01 5.294738235441095453e-01 3.849746551975338216e-01 2.147182421718023306e+02 1.709692950046290738e+00 4.595093710817364396e+00 -1.025552580637209221e+00 2.004020461763386329e+00 1.533766148297534881e+00 3.983890485529576697e+00
7.381275250736452165e+01 5.886231797308020219e+01 5.617666859181383865e-01 2.653582917805921704e-01 2.377877868033935158e+02 1.660938788758093532e+00 5.308279855839060701e+00 -9.797999493352227418e-01 1.256796171548620888e+00 1.576212798824591532e+00 3.989356427907854830e+00
6.905322415722365292e+01 6.381609295063925202e+01 7.245045050614822291e-01 3.002970082127013329e-01 2.485418843052306386e+02 1.622732587813811023e+00 5.216339072317031977e+00 -9.726979918909649525e-01 1.367083471898844937e+00 1.357568749225039451e+00 3.988412131113439063e+00
7.128538144647720287e+01 6.154163660295387217e+01 5.384479578589657089e-01 3.362224963499001462e-01 2.218489261698878749e+02 1.651647479077750225e+00 5.166882736609316851e+00 -1.003191985503155470e+00 1.445432044342137345e+00 1.360087975554110207e+00 3.988017017914927020e+00
6.970061595944368094e+01 6.309567625703279958e+01 5.355768370779002696e-01 3.410465805972051623e-01 2.188309289106719007e+02 1.612786205324450162e+00 5.048886311986689357e+00 -9.869518776415611150e-01 1.524979966852880064e+00 1.388372882164168987e+00 3.986932832072782595e+00
7.075753070414430113e+01 6.208715473314039457e+01 5.062199592242124790e-01 3.793067500900992317e-01 1.953266116509490189e+02 1.639424175310117970e+00 4.878595923585390182e+00 -1.046026575764022803e+00 1.740248209135432100e+00 1.349210726920574643e+00 3.985773216538333941e+00
7.401600909271877526e+01 5.908925370048284975e+01 5.955269964574292363e-01 3.199907316924042733e-01 2.761383566586064262e+02 1.590190597690692265e+00 5.112667279407566490e+00 -9.679332889407142870e-01 1.425287715381149845e+00 1.231156207973332695e+00 3.987500941481971317e+00
7.039612138500716298e+01 6.244026758672151800e+01 6.171804864071526175e-01 2.917184477659834352e-01 2.462004366387054404e+02 1.626076024252539165e+00 5.300039693673536334e+00 -9.614836592713675856e-01 1.300549438995779905e+00 1.394764115434938390e+00 3.989282167701353909e+00
7.189944843204629876e+01 6.076790642188755953e+01 5.522447686004573475e-01 2.753479756116671839e-01 2.505672495616125843e+02 1.650678074006127982e+00 5.085666138408747372e+00 -9.792914246397014244e-01 1.502312579364980971e+00 1.557010796980286216e+00 3.987298755666822014e+00
7.076000986550235439e+01 6.196224242172451824e+01 5.296583962506996590e-01 3.488535239014478040e-01 2.665905928426677747e+02 1.618623092292607701e+00 4.938183385356423649e+00 -1.016682709010316321e+00 1.614666687685825108e+00 1.409506568666217596e+00 3.986114476914226046e+00
7.135857212260657434e+01 6.157039055408833406e+01 6.069081425400241203e-01 2.998606728528170895e-01 2.300648141700656595e+02 1.650343678065064656e+00 4.976797608564516473e+00 -1.026958040773141123e+00 1.603150439801197980e+00 1.333991245149658500e+00 3.986512219745063756e+00
7.111604986471584766e+01 6.173346298709673619e+01 6.358257400206144272e-01 3.120383346990487361e-01 3.519012927549249525e+02 1.719024227842569807e+00 4.865630484822887070e+00 -9.937374299634781361e-01 1.600154732441565919e+00 1.407378906984903644e+00 3.985459081753633725e+00
6.978564340347628558e+01 6.301072656631540525e+01 6.872859005668835453e-01 2.792288871158401520e-01 3.344393785970685258e+02 1.621813279632166482e+00 4.663641379815354426e+00 -9.674791068976822395e-01 1.808887652188017503e+00 1.398379606220366833e+00 3.983924774652065182e+00
7.041558711391638781e+01 6.249129105389998529e+01 7.124588426839144617e-01 2.664747595625946985e-01 2.200150846392665756e+02 1.606122691937221125e+00 4.450410734430411352e+00 -9.643532938837835466e-01 2.112175030600795811e+00 1.378819129805881838e+00 3.982717792413915436e+00
6.842577718941444687e+01 6.444705411243997162e+01 5.678723767401925304e-01 3.979293443878944014e-01 2.788273905973140359e+02 1.658918409437928121e+00 4.785174576277027469e+00 -9.949823247120701541e-01 1.761666216842416643e+00 1.421734565621416202e+00 3.984806546559834572e+00
7.085874637245046870e+01 6.242762793066825111e+01 7.830816218652171257e-01 2.438259273552304540e-01 2.595624450506322205e+02 1.635509575286641093e+00 4.894234061044838491e+00 -9.978861994475672903e-01 1.636716258145448855e+00 1.094513486785831935e+00 3.985683813932261010e+00
6.876844264141466567e+01 6.416830024099769503e+01 6.632362565316742842e-01 2.096832975761585838e-01 2.077286993545736493e+02 1.529669467057477084e+00 5.027519618829035863e+00 -9.947682668350982249e-01 1.579416908449760459e+00 1.213460547774423359e+00 3.986719674997351692e+00
7.052819639831379561e+01 6.241771517352751886e+01 5.778357276641219453e-01 3.356581111106317628e-01 1.912931668973351691e+02 1.637394564371399630e+00 5.454052794272477911e+00 -9.446225630263199724e-01 1.213824515160764284e+00 1.315349593154312879e+00 3.990883189311961399e+00
6.928071325150351356e+01 6.339994518123626221e+01 5.656530499562680836e-01 3.896628896654703023e-01 3.416870622295066937e+02 1.596392816789299784e+00 4.353737599922908430e+00 -8.812510725341003992e-01 2.119030388950831068e+00 1.419431638912733940e+00 3.981739041765437026e+00
6.920567863328460589e+01 6.361825389049971591e+01 6.318875251838953488e-01 2.882548710408733283e-01 2.151167143624332141e+02 1.599390052900795167e+00 4.418911839404324304e+00 -9.537718110429518337e-01 2.153015807218062516e+00 1.418248609678300909e+00 3.982410426083635713e+00
7.020973600394418668e+01 6.268932789799933403e+01 7.224906702588020924e-01 2.036625640658015490e-01 2.257993029233997788e+02 1.571273224824627945e+00 4.557931289104138806e+00 -9.739091361445645356e-01 2.018052501162049595e+00 1.304592314515154561e+00 3.983318966695907903e+00
7.163704419337651075e+01 6.120834512827909180e+01 5.365353945517135070e-01 3.040506858924259537e-01 2.711671389072108695e+02 1.640122862648526247e+00 5.113334570132987977e+00 -9.764800764750416473e-01 1.426061895045078520e+00 1.392292101238138180e+00 3.987474933172568292e+00
6.973012651111794469e+01 6.293799754757093012e+01 6.455084481863648804e-01 3.045514818293384995e-01 2.999716668771391710e+02 1.631922192670582028e+00 5.053534739664701014e+00 -9.753475487210055972e-01 1.430331766209605782e+00 1.478405417837728386e+00 3.987070634557818405e+00
6.839779324341424172e+01 6.465134822672666814e+01 7.032770765464472218e-01 3.057177016461072872e-01 1.865693079456444821e+02 1.590260629329160125e+00 4.243563532558467521e+00 -8.516186998599656333e-01 2.326011709911645742e+00 1.233530949269824317e+00 3.981212276015743345e+00
7.006373446090566404e+01 6.246464907353815477e+01 5.700483737444212995e-01 3.038699460790629248e-01 2.415021477125876288e+02 1.589919684277475875e+00 4.415656205013859470e+00 -9.308750539177815808e-01 2.126180284429601830e+00 1.568310613762585071e+00 3.982381844696629702e+00
7.039915708831770758e+01 6.284074349195124398e+01 7.390255453598456592e-01 2.333442789041592635e-01 2.702476068431451495e+02 1.554015556902579975e+00 4.868171814774181705e+00 -9.955021366704088770e-01 1.656194264370736136e+00 1.104019011721695920e+00 3.985456910715991174e+00
7.235910407185609472e+01 6.047778893961959312e+01 5.331871177097231573e-01 3.433536954744186853e-01 2.106547521386135315e+02 1.609244604295809511e+00 4.289431768826374558e+00 -9.112429931391587967e-01 2.261011924685471630e+00 1.379319068839129248e+00 3.981767219957953685e+00
6.972470811616398123e+01 6.351609506090015600e+01 6.855988989287896684e-01 3.232857275036518097e-01 2.736408319448366342e+02 1.598461827809554814e+00 5.111605715287310225e+00 -9.964717317213325209e-01 1.437974943537472905e+00 1.080044082825411200e+00 3.987483386321095669e+00
7.129009505384338752e+01 6.174357789979973177e+01 6.257896587946367717e-01 3.491452755872331837e-01 2.294408558961834217e+02 1.683273643950075282e+00 4.937289042475943468e+00 -1.045183802722353894e+00 1.654012125062854777e+00 1.323169293109968114e+00 3.986145536223030028e+00
6.798722800414194012e+01 6.497661662163505980e+01 7.346727222914427591e-01 2.487573406002635823e-01 3.216137018443235434e+02 1.555131648080537721e+00 4.633187948035985215e+00 -9.607867886069691998e-01 1.822966179537899967e+00 1.247721539672479230e+00 3.983678449254255405e+00
7.043219724324491438e+01 6.245694555989658880e+01 7.259155523728521020e-01 2.244967007143203741e-01 2.709723310814911770e+02 1.540030275561250717e+00 5.022097812684445550e+00 -9.564302283595652598e-01 1.513042043234644529e+00 1.293891143304253699e+00 3.986646586523798330e+00
7.080510333829330705e+01 6.189522207979908330e+01 5.362590204124173532e-01 3.366400855934773007e-01 3.096611072315644719e+02 1.684841425132304948e+00 5.240614064297678176e+00 -9.843195626457522662e-01 1.269168573513695497e+00 1.437475462380642277e+00 3.988739234118214405e+00
7.039915708831770758e+01 6.284074349195124398e+01 7.390255453598456592e-01 2.333442789041592635e-01 2.702476068431451495e+02 1.554015556902579975e+00 4.868171814774181705e+00 -9.955021366704088770e-01 1.656194264370736136e+00 1.104019011721695920e+00 3.985456910715991174e+00
6.710667612056234077e+01 6.572467322374603782e+01 8.532544926148876163e-01 1.349052994574973241e-01 2.790996334420962626e+02 1.545381971348212646e+00 4.541859538629998916e+00 -9.579557504833382531e-01 1.964543466248547476e+00 1.365626815869558364e+00 3.983189060365933010e+00
7.046703383028366829e+01 6.280141693527461655e+01 7.225981627230874116e-01 2.635519094124390005e-01 2.290732920633311664e+02 1.591245623189007086e+00 5.313928077591636878e+00 -9.443006612172144543e-01 1.274123563625724875e+00 1.082324328501841348e+00 3.989495970695521976e+00
7.120259369526625903e+01 6.142146412379169362e+01 4.438987137843230513e-01 3.729841795516820047e-01 2.510540568029429380e+02 1.729873151655062280e+00 5.017491398135478065e+00 -1.011233689442863071e+00 1.557842840607521984e+00 1.558235310072158875e+00 3.986723554265628522e+00
7.164217090263529997e+01 6.134720614348634626e+01 6.025043928385468428e-01 3.066615585898609386e-01 2.081792672569595481e+02 1.643584669091294526e+00 5.225591993494067999e+00 -1.017195894709163939e+00 1.385397957555600135e+00 1.320313470136049716e+00 3.988524156196551651e+00
7.201441062130881221e+01 6.076838375046330043e+01 6.106526334655993926e-01 3.109516314911471291e-01 2.314431857805336961e+02 1.723243360014970804e+00 4.955016412656204849e+00 -1.106072301005275760e+00 1.609604170735958517e+00 1.473164970219548842e+00 3.986636313974084356e+00
7.052398678543471533e+01 6.194148686206911236e+01 6.106435281401809689e-01 3.022058298764451756e-01 2.603447688768300168e+02 1.613564783977691652e+00 4.876713416252804301e+00 -9.968617709246179182e-01 1.660860199380386870e+00 1.671046945243862325e+00 3.985575049593168107e+00
7.024460560794217656e+01 6.274855839412298053e+01 6.603371128390564948e-01 2.914917489015169672e-01 2.113833565809162849e+02 1.614139362505361053e+00 5.075741809311556274e+00 -1.032663260686797813e+00 1.530714047141983780e+00 1.260255242042183088e+00 3.987205636504774553e+00
6.945364581918435931e+01 6.356177881292294529e+01 6.180796397913536078e-01 3.545340243008801573e-01 2.834483877529092410e+02 1.607734851123375330e+00 5.029097724793701651e+00 -9.560183455534085883e-01 1.495096020645975354e+00 1.256278673024515680e+00 3.986678928050466197e+00
6.901691768203033917e+01 6.405995303982061273e+01 6.725798314542182910e-01 2.620351688445248795e-01 2.200336113775245508e+02 1.540004209432735749e+00 4.586621872607866912e+00 -9.252436145970716064e-01 1.991743865401383706e+00 1.132543459374504291e+00 3.983120454226949825e+00
7.036019284507611360e+01 6.236907675256359340e+01 4.652427057121195086e-01 4.122195010194441012e-01 2.605844704453984946e+02 1.620011711275009203e+00 4.610630394192663850e+00 -9.525983530872078608e-01 1.962046612752741170e+00 1.439295345821146599e+00 3.983452440823437968e+00
6.994473424490563218e+01 6.288469434261776314e+01 6.137426491967949982e-01 3.299782459882185659e-01 2.738256644706995644e+02 1.600424649829856438e+00 4.775294607480905285e+00 -9.592889308882196486e-01 1.783854162981656666e+00 1.323532852456231534e+00 3.984604393782329890e+00
7.160011230843535657e+01 6.130644963558032146e+01 5.535378472244244508e-01 3.293309514427582019e-01 2.367480259378966139e+02 1.740157249199976608e+00 4.948529138401396743e+00 -1.080279427431170225e+00 1.625701179708031852e+00 1.486977956139717394e+00 3.986414064885678066e+00
7.398434107125011394e+01 5.891254431662893865e+01 4.712317139172931824e-01 3.762169605607862954e-01 2.556650177365079344e+02 1.708139050525113500e+00 4.671505603246426830e+00 -1.017599461065208599e+00 1.893822705274003759e+00 1.504598893426014827e+00 3.984241189598034527e+00
6.882750846239127895e+01 6.426980746455407711e+01 7.188561870323189051e-01 2.670417764818091011e-01 2.274434610648848150e+02 1.577661032369406469e+00 4.913996419513603442e+00 -1.023103746343982268e+00 1.620744176782338064e+00 1.142462969121254002e+00 3.985984347591032595e+00
7.002382769867959666e+01 6.281863362486721769e+01 6.589578690376336478e-01 2.388093496148085970e-01 2.363083607106371744e+02 1.562927595183145391e+00 4.904118754564835925e+00 -9.699552599339357206e-01 1.688101638055972353e+00 1.289246186303559361e+00 3.985662544619463343e+00
7.261937928134447873e+01 5.982693224388891906e+01 4.450363604221375113e-01 3.782521484613175500e-01 2.493508102782877245e+02 1.677231037466238917e+00 5.375561084935920775e+00 -9.436785624728772914e-01 1.220036786543819973e+00 1.669051873850522449e+00 3.990127763456755794e+00
7.009602521723405744e+01 6.288902297672846231e+01 7.031922011871247769e-01 2.629772339419453875e-01 2.229251253729645157e+02 1.600601140983156867e+00 4.739916550259915873e+00 -9.825564616398871909e-01 1.840046563864854434e+00 1.250518423714412242e+00 3.984582267732582839e+00
7.212704712623275327e+01 6.064422276639771070e+01 4.736809083008090560e-01 4.208286722582176287e-01 2.728822631703243928e+02 1.690690170315563678e+00 4.781123147514287020e+00 -9.719200293091420084e-01 1.793230518346095259e+00 1.533651720371048688e+00 3.984716081746165983e+00
7.206053025154156444e+01 6.084672764850206761e+01 5.486603420879087034e-01 2.948195628548187508e-01 2.723461267129918042e+02 1.600651760148094960e+00 4.683768919540159281e+00 -9.581432051624310109e-01 1.860262917645543190e+00 1.315652978276798279e+00 3.983989129896349457e+00
6.996994162168991238e+01 6.330912727129940265e+01 7.888496564898181962e-01 2.854086895061422879e-01 2.749409393525201040e+02 1.696051342318209088e+00 5.302577709675472484e+00 -9.634122511439593417e-01 1.206801720755440233e+00 1.089872773711175080e+00 3.989270981730133059e+00
7.171107384957105069e+01 6.117397079894373491e+01 7.289367540656865874e-01 2.334360202902866777e-01 2.161537536283191514e+02 1.639854775837963574e+00 5.212195753778146035e+00 -9.680268706760994935e-01 1.400415617047216621e+00 1.408039000943514640e+00 3.988407659540102124e+00
6.941875325643790973e+01 6.346660050889852300e+01 5.169630160344005354e-01 3.948470940501674908e-01 2.904178044786872306e+02 1.665847229195650980e+00 4.575507766174863988e+00 -9.773687109517172900e-01 1.944020384374590460e+00 1.357947475807657733e+00 3.983445456543679875e+00
7.060093886414621522e+01 6.245079619104991053e+01 7.187294085944175848e-01 2.673291403968127145e-01 2.572008357167827057e+02 1.668247381388664241e+00 4.970377518622028923e+00 -1.019230092316355529e+00 1.578868698515176083e+00 1.279186184510597402e+00 3.986366508532811270e+00
6.974803874732029385e+01 6.337892230404017369e+01 8.362650196177283668e-01 2.230171780093792300e-01 2.669532243833054963e+02 1.568115202473725711e+00 4.871426655327592670e+00 -9.805896686342614466e-01 1.665242900872538012e+00 1.206921893625036324e+00 3.985415520791168564e+00
6.852703648086429666e+01 6.458102191475968823e+01 7.802417617526891114e-01 2.685638610826195372e-01 2.619670160131022953e+02 1.606510401566552781e+00 4.977904137911854932e+00 -9.943914642779583257e-01 1.555145633267477789e+00 1.244865792491226308e+00 3.986362088022189720e+00
7.084615500793628939e+01 6.221475463535623618e+01 6.381312857343511835e-01 3.126807719226679105e-01 2.852471854193145759e+02 1.619317873191265633e+00 4.598195260220398595e+00 -9.521842669736494402e-01 1.941375930671318972e+00 1.245332188810686302e+00 3.983454489733736725e+00
7.094143872531333272e+01 6.195658927342510935e+01 5.691004545776676693e-01 2.790560153583074299e-01 3.232468413559077476e+02 1.580267794124800895e+00 4.685134103412693207e+00 -9.541738535510770891e-01 1.811783813317648040e+00 1.280165820936104204e+00 3.983993428101659351e+00
7.077799409322408053e+01 6.196666711131620531e+01 6.111587726662954800e-01 3.297031028245575035e-01 2.154589942675294196e+02 1.630611149726052922e+00 4.606348080005560952e+00 -9.627966812214475700e-01 1.982429316995097945e+00 1.496754389418481823e+00 3.983549816802908428e+00
7.076124671592384630e+01 6.202885595117420792e+01 5.103294256847455967e-01 3.449647740471434298e-01 2.727017382581138918e+02 1.684239352019005098e+00 5.083941718623870010e+00 -1.024497094565093969e+00 1.459651594108282602e+00 1.412820260177471088e+00 3.987239453056341532e+00
7.218441394077440521e+01 6.087903145920375891e+01 6.025287460083363911e-01 2.806068020521539363e-01 2.311014413998432531e+02 1.596246004886115788e+00 5.294145152552483857e+00 -9.695645275710156330e-01 1.294608431806592463e+00 1.247216302025748735e+00 3.989148059872592800e+00
6.834271197316820690e+01 6.478935251634894144e+01 7.197708122769015393e-01 2.923621210105003532e-01 2.314484917674562610e+02 1.556826338345467020e+00 5.313630903614369849e+00 -9.585334715721296472e-01 1.278048988359234306e+00 1.091566215516202698e+00 3.989373016898770885e+00
7.194054932126987012e+01 6.083832546918317519e+01 5.322446789166844772e-01 3.296135282391656762e-01 1.648828784822465252e+02 1.695044203652606551e+00 5.658511984770961512e+00 -9.792937955980853815e-01 1.008822202156161030e+00 1.470074333135804157e+00 3.992801525529009687e+00
7.043107411060940137e+01 6.275419511274281348e+01 7.309543760723206107e-01 2.148622073225468498e-01 2.345912023395659389e+02 1.531380997058479965e+00 5.188758557212077349e+00 -9.815643338104811377e-01 1.395367185001130883e+00 1.090756408012164114e+00 3.988135607714977215e+00
7.103344095915495870e+01 6.196141734768289666e+01 6.121086808778434252e-01 3.136737555619377171e-01 2.973157250935483376e+02 1.638262026263187954e+00 4.391126672154141097e+00 -9.224483721397980229e-01 2.079803673991260649e+00 1.368967677283267070e+00 3.982121503629167947e+00
7.133185867542499636e+01 6.171629891131153300e+01 5.983892093788788502e-01 2.772441229849208488e-01 2.553875822767151931e+02 1.613107534665138898e+00 4.877874899246851470e+00 -9.798409561516591149e-01 1.674642941109573346e+00 1.284977406613489581e+00 3.985447068956170291e+00
7.000220748085951072e+01 6.257049471328961232e+01 5.938320192802623021e-01 3.986108153270038201e-01 2.073069711215246116e+02 1.667319384582485631e+00 5.136770646709272192e+00 -1.021892309399406784e+00 1.495591686749581095e+00 1.592208730755608759e+00 3.987775395061635475e+00
7.148967207363494936e+01 6.148338202644084305e+01 5.505135174263074971e-01 3.740784490986833188e-01 2.288919017086126075e+02 1.631302243035430477e+00 5.110020416351678030e+00 -9.816962303004754808e-01 1.505608535722844588e+00 1.273861806650413264e+00 3.987447847758431418e+00
7.147662432230913510e+01 6.138633415479388589e+01 5.186777105511246599e-01 3.493327059950820379e-01 2.580757210761070155e+02 1.659981927287343284e+00 5.153032925239228845e+00 -9.925137386304959675e-01 1.408013705736955279e+00 1.402851593073323855e+00 3.987793497249990882e+00
6.932131045795755142e+01 6.359065661459030849e+01 6.760403454969532433e-01 2.670744050862006724e-01 2.457515897634590374e+02 1.605504784716763611e+00 4.853123445193759267e+00 -1.002770183327928555e+00 1.700366511930763824e+00 1.250457324640225076e+00 3.985513811964099151e+00
7.128152311338007507e+01 6.173522908686184962e+01 6.681593010292425916e-01 2.711720167539324322e-01 1.768791356868723881e+02 1.573690245367945550e+00 4.363794343735925452e+00 -9.255325285393909418e-01 2.230390876618360441e+00 1.244966053900033565e+00 3.982107163787895310e+00
6.922198111768385331e+01 6.354610998660197652e+01 6.473827808482068846e-01 2.249474211433875326e-01 2.418485249162487492e+02 1.528245466052166268e+00 5.337260243208707067e+00 -9.378426858082753448e-01 1.282356446102917102e+00 1.351156873335392916e+00 3.989705155744069920e+00
7.230748176795982829e+01 6.072384686163673706e+01 5.427005298500371389e-01 3.106868813297026799e-01 2.143964950502761440e+02 1.595735816721616906e+00 5.444560968973513937e+00 -9.342019696040955168e-01 1.188967590536879504e+00 1.261366228172853488e+00 3.990840250526837885e+00
7.177513084817400113e+01 6.104237057539436506e+01 4.929681303031581696e-01 4.346806554545821211e-01 2.287644557409738297e+02 1.684668052985955455e+00 4.724558156844829604e+00 -9.858879316334986376e-01 1.865707828726547612e+00 1.491216032755067866e+00 3.984356419248137104e+00
7.252082584268545418e+01 6.011600985699346467e+01 5.356870517154317390e-01 2.649672803168601209e-01 3.000348677703811404e+02 1.626547490056689416e+00 4.567187778722366254e+00 -9.725300517988887394e-01 1.904641093889558379e+00 1.597988414446896988e+00 3.983354074929650324e+00
7.182426960827120865e+01 6.100597700092200881e+01 6.831780858102401988e-01 2.140111216566213947e-01 3.106627727444384846e+02 1.546703182208083893e+00 4.684048845263920846e+00 -9.589170727468571132e-01 1.820012868878868595e+00 1.333685442874934290e+00 3.984090771510998774e+00
6.986274328517549748e+01 6.273446601031820791e+01 6.295053629673150741e-01 2.577415056015582295e-01 2.538819044412595929e+02 1.605338868877866254e+00 4.696851629437098552e+00 -9.976569719315611096e-01 1.847573190436040846e+00 1.527112937859705477e+00 3.984298546120762285e+00
6.988667141105668179e+01 6.292768080887758231e+01 5.742895117792111703e-01 3.181105636283442784e-01 2.561530521268422262e+02 1.629318769114525001e+00 5.146862450613078899e+00 -9.939725154957534947e-01 1.445232970240527104e+00 1.425914563323716022e+00 3.987748371460589691e+00
6.953775508954359452e+01 6.334022493353336358e+01 7.330677017313935728e-01 2.425613348951983217e-01 2.718644365926494970e+02 1.647758648416321137e+00 5.289366606291139306e+00 -9.768745163965075751e-01 1.228987062707275646e+00 1.372482818563948381e+00 3.989172278061196231e+00
7.141662360583467262e+01 6.162409928385516622e+01 6.121074950659691760e-01 2.982654606436097589e-01 2.542631844071589740e+02 1.645341314091208540e+00 4.685076615796548438e+00 -9.895147208132279992e-01 1.857612341458697358e+00 1.269575320689271924e+00 3.984153474303975262e+00
7.170045573692334528e+01 6.129828330654208912e+01 6.258392711931101138e-01 3.095314485364518697e-01 2.480645834202821902e+02 1.595261491008312937e+00 5.002052317413999027e+00 -9.784255156985071089e-01 1.566274427561622717e+00 1.262749206309957906e+00 3.986540435806493310e+00
7.190843705816389786e+01 6.098507641320280470e+01 5.740561221948241588e-01 3.014767428775976810e-01 2.616734289868831524e+02 1.595558183986192091e+00 4.775416855914684788e+00 -9.894827472210900865e-01 1.752030890643397232e+00 1.314899262917740064e+00 3.984798496483963781e+00
7.455539075485118872e+01 5.840021199348473857e+01 5.584400133850474512e-01 3.552730925572240017e-01 2.274517824732271833e+02 1.680991365882670729e+00 4.478012434803024355e+00 -9.764414158702541258e-01 2.102429042903286582e+00 1.476199042386549642e+00 3.982887295779601100e+00
7.055876096721544855e+01 6.229770013270989892e+01 4.857176035147325321e-01 4.481605121925339996e-01 1.807673614142478300e+02 1.686529800768572063e+00 4.974300233315139153e+00 -1.121613009076061429e+00 1.639620885125494532e+00 1.352737808218457793e+00 3.986792358080803567e+00
6.954900856459467207e+01 6.355337081157377810e+01 6.733244226388791498e-01 2.905991697864331869e-01 2.582216022167079359e+02 1.598830057586886566e+00 4.846374633083833317e+00 -9.752238490865223763e-01 1.714381464027601609e+00 1.164517624936626028e+00 3.985193916570279438e+00
7.036631341039766596e+01 6.249180684963870647e+01 6.636360847229757498e-01 2.941132266835826403e-01 2.163989999020382413e+02 1.623923133208315939e+00 4.556734204948313049e+00 -9.555169201875881591e-01 2.020320240730332895e+00 1.441232175630459578e+00 3.983138551649394010e+00
7.135759081765087330e+01 6.156673038023570399e+01 5.503400910104577770e-01 3.123491103304329997e-01 2.639104124399137277e+02 1.605779064602215200e+00 4.874847465102232213e+00 -9.705948142852139915e-01 1.678829047400897778e+00 1.287941257604939382e+00 3.985446090365617255e+00
6.968266201828618023e+01 6.306621664418008777e+01 5.583296966720020515e-01 3.147839759300596896e-01 2.051416610473963829e+02 1.573596704460086704e+00 4.793620486080220289e+00 -1.002719124665369499e+00 1.818544877973481189e+00 1.341940531776320444e+00 3.984949859752731527e+00
6.853959910635450115e+01 6.445546761703491256e+01 6.325630389770419137e-01 2.171156451761226402e-01 2.373393045992633574e+02 1.543600682246407674e+00 4.633997164042526151e+00 -9.977253807781349959e-01 1.913136464949851234e+00 1.147592654452207039e+00 3.983890641742837246e+00
7.192634118141208432e+01 6.110428039952776658e+01 4.800701352744244921e-01 4.042360489621344977e-01 2.700910326391567082e+02 1.656870918386106117e+00 4.894340860857088416e+00 -1.003058864974346820e+00 1.647173525058247101e+00 1.279360440257605758e+00 3.985646736545517044e+00
7.049435245925630511e+01 6.244421027811804237e+01 6.418046695765202703e-01 3.621246115152426670e-01 2.610377801496946972e+02 1.688948781552325196e+00 5.281033894140429119e+00 -9.742227458169746557e-01 1.302751451913781278e+00 1.358139565576800711e+00 3.989126203646507385e+00
6.983564411518281645e+01 6.297844896511919188e+01 6.319975546365401708e-01 2.765884359132939063e-01 2.779513253317321642e+02 1.610510736710310420e+00 4.802754300025089407e+00 -1.004833318145914811e+00 1.729861010253650688e+00 1.402952582541558524e+00 3.985103013059158261e+00
7.150379647644972181e+01 6.093041247740899991e+01 3.888684614758545766e-01 4.168254438488309122e-01 1.624083394173588317e+02 1.611191128861437782e+00 4.197251825517492207e+00 -8.858620909803944787e-01 2.395721192463690752e+00 1.666106025582358541e+00 3.981311485534562156e+00
7.232696231330845649e+01 6.040612620413462963e+01 6.414536365911108762e-01 2.780650056926430858e-01 2.613182433049086626e+02 1.659880869295788264e+00 4.370079000805168867e+00 -9.451827243257846511e-01 2.143469196391421416e+00 1.553743968033840295e+00 3.982310109314653790e+00
7.179475795835085705e+01 6.101819444313350260e+01 6.007614692056421069e-01 3.181842812378984364e-01 2.388584811810495410e+02 1.632970312043747763e+00 4.780268057391881875e+00 -9.843997698570045030e-01 1.798120059229670886e+00 1.458159200468877925e+00 3.984762325168859753e+00
7.099112682354272863e+01 6.181057635248991033e+01 6.068382208425848745e-01 3.258172874614307379e-01 2.230516276673565415e+02 1.607667875594204210e+00 4.356792896116320257e+00 -9.065713412810909588e-01 2.202044095610902197e+00 1.384148250892089704e+00 3.982059035658470414e+00
7.187797425590724743e+01 6.068914536274862570e+01 5.453365735228440370e-01 2.775058347550291571e-01 2.690497994199018308e+02 1.555640168464386131e+00 4.774599903914758414e+00 -9.754539650566814712e-01 1.767771837302142046e+00 1.494945217093913703e+00 3.984748433987439498e+00
6.942455852247127268e+01 6.340753172337497290e+01 6.433814619892426201e-01 3.028414795945953419e-01 2.634112176112628276e+02 1.588600172723067860e+00 5.415883250185641096e+00 -9.263648726068953732e-01 1.130253524968909407e+00 1.339846141450955486e+00 3.990689830306694219e+00
6.943758627779149606e+01 6.348896014653188757e+01 7.085865321646804826e-01 2.703090078407012764e-01 2.365267388908799830e+02 1.547791656817142592e+00 5.243675214357626402e+00 -9.705727356567180886e-01 1.342467294852653481e+00 1.242554620400771581e+00 3.988739354144314131e+00
7.131209649147051266e+01 6.142502747916908845e+01 4.921325104157021624e-01 3.868867186324633223e-01 2.397339937355320671e+02 1.626557013711220856e+00 4.428804542654166454e+00 -9.302616561388072913e-01 2.114170700883152065e+00 1.429388833214871646e+00 3.982401583925382571e+00
6.965838276257689188e+01 6.331621179700987057e+01 7.563857370189571716e-01 2.467793858066013590e-01 2.416924310054531020e+02 1.598935477165833285e+00 4.768737007267902506e+00 -9.673513385075105386e-01 1.795411295292540510e+00 1.295989822285446236e+00 3.984678373636871829e+00
7.148824931062189592e+01 6.136878826902253792e+01 5.938772334679792708e-01 3.069623860596585319e-01 2.559759977326804119e+02 1.584846253511718039e+00 4.806348845804837566e+00 -9.931222199726237321e-01 1.750127253443198416e+00 1.366647620357228421e+00 3.984949964169927306e+00
7.168212347658078443e+01 6.110562481581161620e+01 6.309458625851391833e-01 3.322655058645038739e-01 2.866186174325892466e+02 1.671932070486390476e+00 4.933902086979422563e+00 -9.913190715093522787e-01 1.575509136437636570e+00 1.394928864649957800e+00 3.985988895326271653e+00
7.066442095049720251e+01 6.196540832550602573e+01 5.323894031052577303e-01 3.534672005030750075e-01 2.553757141412185376e+02 1.602499388699854421e+00 4.777399966517022811e+00 -9.986797386733947679e-01 1.780332817653068833e+00 1.516868158748703399e+00 3.984815818506613372e+00
6.865016024547017537e+01 6.415033753899622582e+01 5.209660143016878742e-01 3.246280570040033231e-01 2.140631652965902560e+02 1.609044319673414325e+00 4.702474240412015227e+00 -9.925269375490077817e-01 1.879672953951006198e+00 1.342117526411225947e+00 3.984327633053201811e+00
7.207700257405258526e+01 6.099165351903653942e+01 6.434481769311869437e-01 2.723322800627032692e-01 2.547475352785604912e+02 1.641939119865277741e+00 5.175775116453370295e+00 -9.959690059863500755e-01 1.384326271663867347e+00 1.291914292362647432e+00 3.988057201419709319e+00
7.194565649994656553e+01 6.104240743206112541e+01 6.629760232785537610e-01 2.812974363632522734e-01 2.770013577364201751e+02 1.630114613413315539e+00 4.800011767614872582e+00 -9.858409218719772493e-01 1.724211266795723230e+00 1.325461799032821242e+00 3.984915329792491079e+00
7.087913454867722862e+01 6.207247850562744418e+01 5.818384690035864892e-01 3.481162110449306235e-01 2.117349985418755409e+02 1.617091181099762132e+00 4.248930228369079742e+00 -8.730686248226018353e-01 2.301514869518714868e+00 1.318840715048599010e+00 3.981378994955507622e+00
7.135857212260657434e+01 6.157039055408833406e+01 6.069081425400241203e-01 2.998606728528170895e-01 2.300648141700656595e+02 1.650343678065064656e+00 4.976797608564516473e+00 -1.026958040773141123e+00 1.603150439801197980e+00 1.333991245149658500e+00 3.986512219745063756e+00
7.022697416282744598e+01 6.282545351764847652e+01 6.565544625334760465e-01 2.973217370412392091e-01 3.120591659334593828e+02 1.592815570549409809e+00 5.063100418904780575e+00 -1.013431083971840341e+00 1.405302181628483194e+00 1.257232538974262459e+00 3.987047875307463851e+00
7.011557649848688811e+01 6.298237693272169224e+01 6.916145457125615348e-01 3.175336303293834761e-01 2.454465516606292397e+02 1.645635303396084881e+00 4.330771922408461982e+00 -8.918901483978359801e-01 2.209237256559374085e+00 1.260729420864068473e+00 3.981734517161215070e+00
7.113407855439473337e+01 6.174734168269851864e+01 6.280733764980166445e-01 3.118336501776941549e-01 3.100953561458559307e+02 1.757755922228646073e+00 5.033686773372648027e+00 -1.007822072922757384e+00 1.450331819667687094e+00 1.445976778600567503e+00 3.986764596726558363e+00
7.040235558773339619e+01 6.249143647221578135e+01 4.739882936374286149e-01 3.816826154371749102e-01 2.470940778922536651e+02 1.618096339970155118e+00 4.545689524744889631e+00 -9.983963403812502468e-01 1.994942064324419784e+00 1.305805667410282256e+00 3.983382690167617923e+00
6.975911633618110841e+01 6.317173334278250252e+01 5.722628126605387999e-01 3.592847320767925123e-01 1.416970745863923185e+02 1.632765861203262503e+00 4.249786390967694061e+00 -9.488600979595076534e-01 2.337784060823179466e+00 1.379264327880035834e+00 3.981841215572542669e+00
7.191309446060972732e+01 6.119574335759729422e+01 5.161832616760663184e-01 3.395467116713669076e-01 2.899630621322296520e+02 1.612305876920246295e+00 4.509320206346258075e+00 -9.617351167063787898e-01 2.000921925889731057e+00 1.152234321872223521e+00 3.982954224651699349e+00
6.956669907486123350e+01 6.356468364143364624e+01 6.769283482556390785e-01 2.800271609785878191e-01 3.025134051960571355e+02 1.677241953000890184e+00 5.075245464468152612e+00 -1.003776672545317217e+00 1.390001102736337923e+00 1.182704035914670548e+00 3.987128014850052526e+00
6.928540681123665479e+01 6.353797741462618376e+01 7.995129254578782207e-01 1.996227763016250600e-01 2.877244792475004829e+02 1.591155217921241816e+00 4.597237937147742315e+00 -9.543554215987709588e-01 1.905025333662191622e+00 1.370697676811017507e+00 3.983570522103176970e+00
6.997072691120388299e+01 6.314940919210388870e+01 6.155064478409674189e-01 3.391152893901766552e-01 2.622502680907583681e+02 1.613961895023261706e+00 4.770097438182470562e+00 -9.775014660741917494e-01 1.792395216827266324e+00 1.189133872093175892e+00 3.984622391430719723e+00
6.918457332554828554e+01 6.349144599472562334e+01 6.048132266524041123e-01 2.863915511738701625e-01 2.645968932440200660e+02 1.611230916453765705e+00 4.596198223912858261e+00 -9.832427325554460307e-01 1.922626007619937738e+00 1.496143922497465750e+00 3.983599183094971519e+00
7.084108751269280901e+01 6.210031836868337507e+01 7.050931424996580432e-01 2.251496868344333990e-01 1.977358588564968613e+02 1.576037436150978133e+00 4.402194598779829882e+00 -9.168677267917313412e-01 2.171722060918832575e+00 1.279053439523427205e+00 3.982274114206895366e+00
6.869920821606093853e+01 6.430074472697633325e+01 6.868442906977466622e-01 3.108266580259603229e-01 2.445053486421355160e+02 1.617922621506001635e+00 5.083774458628550263e+00 -9.972598266661404365e-01 1.487177452400951561e+00 1.248529635853574460e+00 3.987253370643106365e+00
6.798722800414194012e+01 6.497661662163505980e+01 7.346727222914427591e-01 2.487573406002635823e-01 3.216137018443235434e+02 1.555131648080537721e+00 4.633187948035985215e+00 -9.607867886069691998e-01 1.822966179537899967e+00 1.247721539672479230e+00 3.983678449254255405e+00
7.062969104586707658e+01 6.189730128852482949e+01 6.469261590513768478e-01 1.823939618619912217e-01 2.443380385336688789e+02 1.564019122843017362e+00 4.559137768797672408e+00 -9.742982917875225857e-01 1.968828212296924507e+00 1.588214941688629755e+00 3.983418730792487317e+00
7.153505525909470464e+01 6.164019156117272757e+01 5.396642198060710438e-01 3.690167620728443953e-01 2.635926522919689887e+02 1.645011618233133577e+00 4.912231615685521469e+00 -9.832044693459008888e-01 1.654448833922048223e+00 1.171008469291805243e+00 3.985709997517161707e+00
7.165085059832355796e+01 6.139540487248566336e+01 6.501844373611138650e-01 2.965128148645206907e-01 2.560730879185138633e+02 1.595147974541235358e+00 5.053050353243000892e+00 -9.986750968367388293e-01 1.501825834085384725e+00 1.215933511766410735e+00 3.987061415955315269e+00
6.984202123768525894e+01 6.324535126337765689e+01 7.643257687136896239e-01 2.346709871891448917e-01 2.484065854475773563e+02 1.618976841396434718e+00 4.735277285648041179e+00 -9.891051963215736764e-01 1.797552602173137837e+00 1.260070435297512281e+00 3.984449418179273561e+00
7.000389007928762908e+01 6.262041201648249000e+01 5.610759092690325023e-01 2.879192151014446366e-01 3.374577072533859337e+02 1.583971489821575318e+00 4.819451484981214229e+00 -1.002243542479603677e+00 1.637264580548807746e+00 1.464521487285908030e+00 3.985176700146997764e+00
7.243675729979275957e+01 6.063778178335966373e+01 6.508774886012794747e-01 2.674730305413938747e-01 3.193728435410448583e+02 1.605926717564245543e+00 4.793964239260362525e+00 -9.521006762965027459e-01 1.703172314848306668e+00 1.256284603290544366e+00 3.984649897585776479e+00
6.847799914365556617e+01 6.446092720722914748e+01 7.121248889854540076e-01 2.935790313421867137e-01 2.596989194659346367e+02 1.626983154501673745e+00 4.923976665587636248e+00 -1.002365090055898689e+00 1.618081270384858605e+00 1.310226433943037394e+00 3.985940202650445574e+00
7.027556006503263575e+01 6.270599187676582176e+01 6.471339562513013233e-01 2.411284941237203661e-01 2.646736372460763960e+02 1.566747788015242504e+00 4.624713905453034180e+00 -9.771244037117199355e-01 1.912470805483140524e+00 1.236698270883195505e+00 3.983697933547421854e+00
7.064645435531006967e+01 6.228879235493167954e+01 6.919075294487812000e-01 2.843390870466493969e-01 2.928329214680168207e+02 1.638444431991172179e+00 4.940405913417103889e+00 -9.858960225153220458e-01 1.555355777847964305e+00 1.335109845829446806e+00 3.986000157946700817e+00
7.232132135802923756e+01 6.094961736243621431e+01 6.191451695804769395e-01 3.373216231551917077e-01 2.042823068056588625e+02 1.631917897749471047e+00 4.431122151634953710e+00 -9.286627507820678362e-01 2.126424135390228898e+00 1.181176476409936171e+00 3.982345182172975395e+00
7.275660202594211512e+01 6.020670021850425968e+01 5.523135841380382161e-01 2.871385012856010888e-01 2.133151954033305628e+02 1.602314477149839433e+00 4.710178586358623853e+00 -1.030614305630983552e+00 1.870476259952900566e+00 1.279948694492439865e+00 3.984592636974608748e+00
6.989787110633636757e+01 6.315341558472890426e+01 7.232201428330372606e-01 2.671488244789325672e-01 2.401349124764192311e+02 1.601936403002091946e+00 5.148039155115872845e+00 -9.682608703334106837e-01 1.426852180395810521e+00 1.280906511974456707e+00 3.987755107869278337e+00
6.797187123720232194e+01 6.477153514664217937e+01 6.734465494466944646e-01 2.777172984269483669e-01 2.536028561755603334e+02 1.603790575884396885e+00 5.209962915341145973e+00 -9.803429902012452679e-01 1.344621190879554007e+00 1.367313799486279402e+00 3.988410097806589949e+00
7.062899858958732580e+01 6.243056716522988125e+01 7.966005859620427509e-01 2.380819140393690136e-01 2.402663693638480140e+02 1.629709247829001617e+00 5.193238962130862113e+00 -9.631976996820373893e-01 1.371889125984159685e+00 1.258404073045725768e+00 3.988242503373101489e+00
6.966536069018160049e+01 6.323856075119606857e+01 6.822528513378172121e-01 2.102555799146507143e-01 1.956340837346081400e+02 1.543828975835412676e+00 4.708404951206737188e+00 -9.701623427945710310e-01 1.898634263844007686e+00 1.268960118691124572e+00 3.984245257510029337e+00
6.961228348864040072e+01 6.345069994814738124e+01 6.588619661119986537e-01 2.822076064152342911e-01 3.174824680627116891e+02 1.568672558691978747e+00 4.489097160616015714e+00 -9.397549265052751455e-01 2.001084401240877497e+00 1.141649929742916125e+00 3.982728828113997199e+00
7.227006665987600798e+01 6.082227694439438892e+01 6.167694012910972523e-01 2.734094520218685598e-01 2.202069368696196818e+02 1.592133428164669517e+00 5.257342409163971553e+00 -9.658843820475474518e-01 1.375762197187484048e+00 1.147530393911968538e+00 3.988863531712313115e+00
6.977171410073540869e+01 6.300221149882968064e+01 6.167539178982184289e-01 3.269053253755332400e-01 2.810241425815494267e+02 1.625157550759151581e+00 4.899166058979318450e+00 -9.542546940715644910e-01 1.626656346909421513e+00 1.425332167366962111e+00 3.985590176968888176e+00
6.899579940566620451e+01 6.432513597290582652e+01 8.239735659144938884e-01 2.461202451937355984e-01 2.224073730682873418e+02 1.577224142370654114e+00 4.809828657472173141e+00 -9.850562067273412881e-01 1.756739778974233168e+00 1.070455333770161443e+00 3.984983437869058509e+00
7.117062244736266052e+01 6.177586372998209896e+01 6.272200669113422444e-01 2.654580698535026206e-01 2.273956748425355272e+02 1.635514508131270306e+00 5.495994727352440989e+00 -8.834064413912074976e-01 1.122659984323332250e+00 1.325693987513818506e+00 3.991667999594656902e+00
6.939819733163859894e+01 6.379828431873067984e+01 7.800404437961433457e-01 2.772870809032220163e-01 3.377895762788141951e+02 1.660779682218795905e+00 4.868249756201639578e+00 -9.942777428148640295e-01 1.580018194603500126e+00 1.189581771728848159e+00 3.985449397496746649e+00
7.040859237416088945e+01 6.251661257013292072e+01 6.235148868965608715e-01 3.277782362825561457e-01 2.541435672480689334e+02 1.627559542192065445e+00 4.599891813191620216e+00 -9.446135232701026174e-01 1.960729637005215409e+00 1.333398915780852123e+00 3.983345214244966570e+00
7.088264249966547936e+01 6.225041511911291536e+01 5.951577834916326193e-01 4.122423291652173583e-01 2.482613715082098906e+02 1.655230372908481407e+00 5.255555058544318037e+00 -9.617113975225802802e-01 1.336576333709030395e+00 1.187799194894118671e+00 3.988851926918421498e+00
7.171093586102891493e+01 6.135151360939893550e+01 7.112314858161937758e-01 2.480104540553823289e-01 2.466921815145201720e+02 1.660811767707990771e+00 5.383387429673119229e+00 -9.610067881118459221e-01 1.164138850482886456e+00 1.264200335475122561e+00 3.990184178710709073e+00
7.042658731500168301e+01 6.248291383204954030e+01 5.660581971654459199e-01 3.161022159800846998e-01 2.015050329580376740e+02 1.620408103006078182e+00 5.442576008501202267e+00 -9.123395629400002926e-01 1.206480493554923594e+00 1.292040228518878564e+00 3.990968409121224525e+00
6.993296930410285484e+01 6.291663334245142636e+01 6.196053965124881380e-01 2.699463511680311179e-01 2.261408952248467301e+02 1.617623953757394872e+00 4.711753280260303711e+00 -1.003368659656926676e+00 1.853136351782733060e+00 1.370590525409944416e+00 3.984448614701447067e+00
7.306250328284367868e+01 5.983526534856403600e+01 6.085069988531033314e-01 3.145681554237702016e-01 1.220299609336728821e+02 1.607331568753842976e+00 4.180272958198598232e+00 -8.887822163278861209e-01 2.417011774795212897e+00 1.413485988396234516e+00 3.981333047307376027e+00
6.953736781880746776e+01 6.338284139067418010e+01 6.580522749223708390e-01 2.896099143222602423e-01 1.946760595602851254e+02 1.670249831622605763e+00 5.312388793661023456e+00 -1.027704840974499101e+00 1.278313072245376381e+00 1.314195314123878466e+00 3.989346586654747728e+00
7.138356911224464341e+01 6.161972821122303401e+01 6.392761176785770605e-01 3.025401453227524740e-01 2.696678818130598643e+02 1.624003052411711945e+00 4.455671987365716014e+00 -9.861324538173334986e-01 2.050865788697097347e+00 1.229901409164521064e+00 3.982923740945846003e+00
6.959050831763569533e+01 6.345174034399077101e+01 6.713083934935226704e-01 2.903559927153682163e-01 2.334500722556167034e+02 1.585000160225770616e+00 5.315046553813560060e+00 -9.475582468237512268e-01 1.279662574507830497e+00 1.215792228665966368e+00 3.989433369956827846e+00
6.687645376154480914e+01 6.608157636405890401e+01 7.363269795248563732e-01 2.358733280120393350e-01 2.397529362546363814e+02 1.534622126045804835e+00 4.719632168014234352e+00 -9.422559794290786828e-01 1.854261335616030237e+00 1.209133719734105217e+00 3.984219430215256263e+00
7.011655318863805064e+01 6.313938211300746417e+01 7.093610602956842426e-01 3.061145468846094286e-01 2.411793256814788151e+02 1.626112862812147952e+00 4.607506022141784285e+00 -9.374070714828413031e-01 1.960571065552214387e+00 1.099281610434049483e+00 3.983392891681042158e+00
7.201936821556253676e+01 6.087082543040601479e+01 5.404890494594182249e-01 3.335475420058007789e-01 2.498629113579751220e+02 1.561455255997917124e+00 4.263945182438958703e+00 -8.584619868586562674e-01 2.275001376292955513e+00 1.256337235895867765e+00 3.981316223495792617e+00
6.989195768375313378e+01 6.274888720231027150e+01 5.804173343799886586e-01 2.624250412885164030e-01 2.202755946852243198e+02 1.606099710562958860e+00 4.478009341242472630e+00 -9.557268345444174251e-01 2.073119777425557864e+00 1.487742193895189358e+00 3.982853352871509767e+00
6.926779792042219697e+01 6.382052875101733491e+01 7.926789715617900134e-01 2.464531542772082917e-01 3.166690934162218696e+02 1.606183149209472028e+00 4.829893703435102381e+00 -1.011682684510405217e+00 1.659992570971898118e+00 1.241406246637933419e+00 3.985236066325168469e+00
7.041706438113456556e+01 6.272702360503545549e+01 6.969768710110584298e-01 2.562187645500338395e-01 2.280075214969991748e+02 1.588008032068080944e+00 5.320314239812158341e+00 -9.448157784404875859e-01 1.268356830014883752e+00 1.171818292538450601e+00 3.989516944920699082e+00
7.159868617806542090e+01 6.126078783400990346e+01 6.196024709193763691e-01 3.639418123453438958e-01 2.564582366264395432e+02 1.667868227196529718e+00 5.221864080081887849e+00 -9.471646232574502111e-01 1.345061895617630343e+00 1.367292687044195709e+00 3.988583362487980732e+00
7.442026727224187255e+01 5.883479975271021800e+01 6.222066692514967023e-01 3.343331566460533977e-01 2.211181380955803206e+02 1.637792368705627277e+00 4.668438280319944234e+00 -1.010101112351426522e+00 1.921041587154763697e+00 1.164209513901038440e+00 3.984190216080010227e+00
6.934429917060552384e+01 6.350998208382184629e+01 7.274216478847779221e-01 2.442120565345285710e-01 2.421292825625441196e+02 1.625622446539088939e+00 4.953807498130795572e+00 -9.874550300998955477e-01 1.634950872540708255e+00 1.429845640095818160e+00 3.986078495769982410e+00
7.135599289174942328e+01 6.139104117416063389e+01 5.608078591764632526e-01 3.471875502195803653e-01 2.361907310140064737e+02 1.662467578233783438e+00 5.473058549501240932e+00 -9.225120623435000278e-01 1.121998627211343358e+00 1.465827249813445921e+00 3.991264267761808426e+00
7.045318896273334985e+01 6.235067542532293317e+01 5.461105739261852277e-01 3.089507959708998608e-01 2.946009875894018251e+02 1.551422124286775839e+00 4.235348349322245021e+00 -8.529978278425488503e-01 2.265773308983161094e+00 1.337517683297833271e+00 3.981124855357387915e+00
7.104585037601455610e+01 6.192045361122493574e+01 7.562657963359754598e-01 2.305395704626561348e-01 2.830018687293078301e+02 1.631876870650517564e+00 5.061911921111398982e+00 -1.001259177010871637e+00 1.469327113253454442e+00 1.357755662156595600e+00 3.987059887021842997e+00
7.116730007089827836e+01 6.175672262151294234e+01 5.782845700920444809e-01 3.737220642805182957e-01 2.428903804714334171e+02 1.662345577724633872e+00 5.402391595688910364e+00 -9.468261774956193699e-01 1.191883971720608226e+00 1.268664654085186694e+00 3.990409871973081390e+00
6.908617648911538822e+01 6.371306157901514666e+01 7.530032174199706718e-01 2.029898522038963704e-01 2.394040916053083947e+02 1.589094404157548546e+00 4.656892332253800504e+00 -9.955912449072096271e-01 1.882862306366776650e+00 1.431699134398625617e+00 3.984011645036304561e+00
7.149199815255936130e+01 6.121782702319237757e+01 5.050161271470441360e-01 3.284696032615621042e-01 1.932000951611286439e+02 1.616036150131126226e+00 4.426504419072146312e+00 -9.354862826936659603e-01 2.163730538594887953e+00 1.489437701874174236e+00 3.982420288668973907e+00
7.026448384672002589e+01 6.256400964149076316e+01 6.107461692945549414e-01 2.814522716164383764e-01 1.742121047217497676e+02 1.593338382488048488e+00 4.625967266077668505e+00 -9.663790076205025503e-01 1.988950337783163214e+00 1.381983228657431173e+00 3.983719257459278129e+00
7.138356911224464341e+01 6.161972821122303401e+01 6.392761176785770605e-01 3.025401453227524740e-01 2.696678818130598643e+02 1.624003052411711945e+00 4.455671987365716014e+00 -9.861324538173334986e-01 2.050865788697097347e+00 1.229901409164521064e+00 3.982923740945846003e+00
6.801489686714499783e+01 6.461913889618956830e+01 7.456525225049012162e-01 2.371872143112719600e-01 2.710752262502332428e+02 1.550359433714038282e+00 4.870038520913653635e+00 -9.978738526156212263e-01 1.658277452941662178e+00 1.423836206152757189e+00 3.985578675031636209e+00
7.042844513072004986e+01 6.228184422628655881e+01 6.185743290827245833e-01 2.632653751669952191e-01 2.077209175469590150e+02 1.567029345489400427e+00 4.339251191962682164e+00 -8.912188647877357095e-01 2.236344235306066963e+00 1.407450219810532976e+00 3.981774410083996685e+00
7.054980118458739469e+01 6.207901770056709267e+01 6.035622039101247172e-01 3.112379685768134618e-01 2.449596007401183897e+02 1.647929986836233596e+00 4.740831909910974140e+00 -9.953754645102503851e-01 1.835858759464654266e+00 1.590010097322918980e+00 3.984592420349859498e+00
7.072555415780752242e+01 6.230571420882121458e+01 6.008150948600949892e-01 3.193788985686268900e-01 2.451209055653374946e+02 1.608197047039093164e+00 5.318085494312937200e+00 -9.606137980838398427e-01 1.271227380537405693e+00 1.204150876001443438e+00 3.989431305248735349e+00
6.864818625177936440e+01 6.431949778154172748e+01 8.186587072473485716e-01 2.606054791657876346e-01 2.433778468884477491e+02 1.638910491209211173e+00 5.296723259895458114e+00 -9.680086279315484044e-01 1.255404304145963268e+00 1.305705545639070930e+00 3.989250897111674909e+00
7.119747140027729415e+01 6.210222160334314623e+01 7.604108769913127119e-01 2.237242126707425782e-01 2.945683551470421548e+02 1.539551025798728601e+00 4.895989017030762724e+00 -9.794019928599693170e-01 1.611143045495234016e+00 1.005100338874505894e+00 3.985615165788751746e+00
7.086902738345543185e+01 6.176287879690877958e+01 5.127998158196119816e-01 3.626587198150325597e-01 2.384365914760402347e+02 1.641577454876434139e+00 4.591165151837865110e+00 -1.003788448967530389e+00 1.980696160958938856e+00 1.534493651523862745e+00 3.983692298687568911e+00
7.018096038369677103e+01 6.251573865060867519e+01 8.188544915118881606e-01 1.588851677178845512e-01 2.098994335634710637e+02 1.552727023212703061e+00 4.374864272445012858e+00 -8.956472355055933310e-01 2.172142778389035911e+00 1.507469215990061784e+00 3.981928551766417801e+00
7.104493218984966063e+01 6.189130437687386888e+01 7.009134470315411258e-01 2.286114621066822616e-01 2.515234263899464224e+02 1.530050929207104504e+00 4.755137020326348107e+00 -9.634351634879051440e-01 1.817615856532161844e+00 1.230470018163837720e+00 3.984573949153357830e+00
7.053620906601125284e+01 6.228351571278670207e+01 6.637489302021336579e-01 3.036695464342949458e-01 2.590788144719067532e+02 1.674548968322070008e+00 4.962881577461967453e+00 -1.013678034238088443e+00 1.584098791933023609e+00 1.452026148873816647e+00 3.986269496027750048e+00
7.062378568753224783e+01 6.217029612746257072e+01 5.402727483190701285e-01 3.428380039050686334e-01 1.679373258964014610e+02 1.616683589048575342e+00 4.361965811643752744e+00 -9.226876561633291507e-01 2.235465449057273180e+00 1.414454681349920140e+00 3.982151859425023144e+00
7.003015218741995795e+01 6.255599478067156838e+01 5.114110059503433892e-01 3.324491373902421776e-01 2.466957688910685818e+02 1.624503808194703414e+00 5.203294919311011846e+00 -9.852619599249562432e-01 1.347902739423835650e+00 1.503455164027977631e+00 3.988269336707908952e+00
6.888284509312283888e+01 6.416116471003680033e+01 6.492695084123767391e-01 3.152984901011588459e-01 2.368569663390035487e+02 1.581659232170864460e+00 4.923467181159942641e+00 -1.012011830673187340e+00 1.639860978832006655e+00 1.181344886689297713e+00 3.985969942855000170e+00
7.308489421030618871e+01 5.984106050492013651e+01 5.408752644863226156e-01 3.232939738904150317e-01 2.870552382805269644e+02 1.647490340994618885e+00 4.300253100678364859e+00 -8.976882599114510697e-01 2.192521802375030582e+00 1.390798864977863980e+00 3.981705237530428487e+00
7.072862519027772521e+01 6.221528220832858125e+01 6.615644406522381837e-01 2.515039727925573176e-01 2.047726759389355493e+02 1.523783897225689410e+00 4.663980934767526065e+00 -9.680387575064984818e-01 1.940130451519044064e+00 1.166743430760936562e+00 3.983955500025552432e+00
6.939622133751842625e+01 6.394785158174370565e+01 7.778776437646865993e-01 2.663395443469916968e-01 2.843389981175704406e+02 1.570370350358542222e+00 4.916812648603013258e+00 -9.999102422208283603e-01 1.607723366109719443e+00 9.906418737602659119e-01 3.985818452277363200e+00
6.882296477077896668e+01 6.422221217196890564e+01 7.105496599515889189e-01 2.777441126250530523e-01 2.340737642071070468e+02 1.613929001727977708e+00 4.306695348840600346e+00 -9.050390185479457728e-01 2.224567623626843460e+00 1.239370533986048351e+00 3.981701412409791363e+00
6.971690896863356102e+01 6.306592913712152892e+01 7.326409467137122711e-01 2.543047807553809880e-01 2.408700075908333815e+02 1.617270882199755011e+00 4.831785826191055122e+00 -1.016691270362269917e+00 1.713047467253019374e+00 1.406780038927602172e+00 3.985327063782578172e+00
7.086902738345543185e+01 6.176287879690877958e+01 5.127998158196119816e-01 3.626587198150325597e-01 2.384365914760402347e+02 1.641577454876434139e+00 4.591165151837865110e+00 -1.003788448967530389e+00 1.980696160958938856e+00 1.534493651523862745e+00 3.983692298687568911e+00
7.223957938819592073e+01 6.065715391503378839e+01 6.154862146708091064e-01 3.192871180210625770e-01 1.871324627029393355e+02 1.637787604987139600e+00 4.382146787196812276e+00 -9.493772596124531171e-01 2.204562690304958661e+00 1.373597553237760671e+00 3.982410805616547478e+00
6.973992057430358216e+01 6.279409922305973168e+01 5.598006208041724774e-01 2.828399486418597952e-01 2.237223515540567860e+02 1.584991204495616701e+00 5.293572240483913838e+00 -9.484315282443915862e-01 1.303015293093521487e+00 1.528742369635241127e+00 3.989342700200970704e+00
7.160968164808181768e+01 6.104548871439767765e+01 6.014398558556290908e-01 3.933627235753143769e-01 2.159348690167681184e+02 1.659472732634259096e+00 4.327215627314316748e+00 -9.155628377298196119e-01 2.239355498104552922e+00 1.540829627491573373e+00 3.981977911197542408e+00
7.199455726393959765e+01 6.097984807036706201e+01 5.416864220949151321e-01 3.200160693612695284e-01 2.592198043249028956e+02 1.622823282053494465e+00 4.958798042690299113e+00 -9.862661367464998774e-01 1.608015730376580965e+00 1.292317201791095771e+00 3.986223054624955520e+00
6.996975024193235981e+01 6.270136239275810652e+01 5.876945393817518681e-01 2.752446768586424564e-01 3.017726383031202886e+02 1.603192596776695344e+00 5.182123610074889974e+00 -9.576455798833858335e-01 1.351736098184043389e+00 1.503818168463332716e+00 3.988149506857316506e+00
7.062721966088236059e+01 6.233372393708692982e+01 6.590927728573752198e-01 3.192425118862408651e-01 2.065569719161656508e+02 1.649032810032305729e+00 5.208347137372853375e+00 -9.734600370286263793e-01 1.439334430775306206e+00 1.350341261149766048e+00 3.988326468931978841e+00
7.076596857088010495e+01 6.233776440088212922e+01 8.483673821172110774e-01 1.523518222631545793e-01 2.644998245058046678e+02 1.586502957852269802e+00 4.814776238540405373e+00 -1.005044355129551370e+00 1.700122723804237790e+00 1.247616187882878425e+00 3.985153857132439192e+00
7.030977043438213059e+01 6.264261099568364699e+01 6.301123391375277327e-01 2.416316241373051010e-01 2.932101784262517299e+02 1.601511719088901664e+00 5.037504141693577964e+00 -1.021801639517320393e+00 1.441956990087692514e+00 1.273098962872129869e+00 3.986927794370104916e+00
7.106684345971918049e+01 6.188979827134661349e+01 5.482186356619709322e-01 3.492022193964934296e-01 2.933342296609801565e+02 1.631233814454137843e+00 4.420749992473556489e+00 -9.241779085753888401e-01 2.087080477521716215e+00 1.285897288431397278e+00 3.982329852885078569e+00
7.117365324903724400e+01 6.179337330585848775e+01 6.285557004705158990e-01 3.325437761001916459e-01 1.873989548384434443e+02 1.689320300617569881e+00 4.966326514691789207e+00 -1.111756880629293898e+00 1.631304067968929239e+00 1.337477270568362409e+00 3.986749298771595118e+00
7.059537479868994581e+01 6.225241937528967640e+01 6.480429121873959586e-01 3.141897261302190603e-01 2.549223116713744446e+02 1.653100655407490738e+00 4.585565124753927968e+00 -9.987977689091598332e-01 1.948395523894173698e+00 1.410977826006631020e+00 3.983650827310582621e+00
7.042602588328978186e+01 6.280875621952863952e+01 7.087312859909377094e-01 2.757077298726832715e-01 2.679892873942716278e+02 1.636368764105039508e+00 4.854228590621480599e+00 -9.907245969259111940e-01 1.687192604257022444e+00 1.107774679281126051e+00 3.985366711352769098e+00
7.044150457210575667e+01 6.236834887144501494e+01 5.357155550775620778e-01 3.398296316816843965e-01 2.966692583489513027e+02 1.619871242979815884e+00 5.105291384174162950e+00 -9.637254811857258741e-01 1.398681849783552922e+00 1.330255298171569400e+00 3.987436144826284057e+00
7.447977878379238348e+01 5.873977896083361117e+01 5.112796345444841073e-01 4.422358876762734758e-01 2.361476117896832534e+02 1.694188113211317681e+00 4.526636178240149633e+00 -9.876143995775004125e-01 2.053406142551607694e+00 1.239426837105087609e+00 3.983140655919618300e+00
6.994887627446227896e+01 6.285047843626431785e+01 6.504280012418549584e-01 2.996280882270869195e-01 2.638640875936397947e+02 1.604644758030066232e+00 4.878115289714680003e+00 -9.994162683139634629e-01 1.674321580678251209e+00 1.357373953636489050e+00 3.985644624376131873e+00
7.079855608213695461e+01 6.168446747073958392e+01 5.006962135863005647e-01 3.477839483736710480e-01 2.395125291390724271e+02 1.712587331348131903e+00 5.166007904246369797e+00 -1.098351894226740511e+00 1.408424355497570613e+00 1.666593488075311713e+00 3.988053282361894158e+00
6.917889232951544898e+01 6.353053718839759512e+01 5.517447967224228256e-01 3.462062035678858951e-01 2.014116487853796116e+02 1.694825011662922210e+00 5.152456994615958408e+00 -1.039990341398691287e+00 1.487160904154321894e+00 1.508812346931280857e+00 3.987917647422209111e+00
7.110568929831653406e+01 6.200402655741757485e+01 7.195955480474806043e-01 2.136553093024311512e-01 2.250280703208925956e+02 1.566476517982307692e+00 4.798102886164076430e+00 -9.956696678184288052e-01 1.785514726349129777e+00 1.185291029081696701e+00 3.984973451410566359e+00
6.981518386005936350e+01 6.351244554164736655e+01 6.326637192123883979e-01 3.347306118877927394e-01 2.366188807888641179e+02 1.633121049069582220e+00 4.641647423628858959e+00 -1.008722046477320333e+00 1.895712473199111736e+00 1.026585889759804804e+00 3.983980382502570361e+00
6.961329927925520167e+01 6.334707463714321563e+01 7.532125262847861880e-01 2.830752595950046802e-01 2.283239736227156698e+02 1.572240862530189132e+00 4.478628349274138110e+00 -9.575739920051308252e-01 2.092693835872281305e+00 1.230985110108816727e+00 3.982850835120063770e+00
6.907951036617403417e+01 6.391359279232621304e+01 5.670128278552587497e-01 3.588956045525713567e-01 2.467019611638185097e+02 1.640495497853765805e+00 5.319446317864705343e+00 -9.601213954093823499e-01 1.293638638569849952e+00 1.241195593935728203e+00 3.989476087993354625e+00
6.845017863805729519e+01 6.419660172101228568e+01 6.502592056364154827e-01 2.914467066571888587e-01 2.771985445800067964e+02 1.561078403236505485e+00 4.751586169525157111e+00 -9.702201203596655388e-01 1.796833782380270916e+00 1.441265254570154974e+00 3.984455323270983396e+00
7.216952448539403520e+01 6.066916139157396515e+01 5.075779388722216900e-01 4.086715142798006961e-01 2.561897927139376065e+02 1.649335625813515449e+00 4.356596212689477277e+00 -8.962607662408271780e-01 2.178874350096073886e+00 1.386173779592060784e+00 3.981853068990727884e+00
7.014725330660850489e+01 6.264847268655283585e+01 6.905791982888247471e-01 2.509138950084793263e-01 2.833043628621718995e+02 1.589167405376755937e+00 4.515095071657019510e+00 -9.679687947576722795e-01 1.961531458816572204e+00 1.399246529450308474e+00 3.983082850911326300e+00
7.039886784981835888e+01 6.289265491002718278e+01 7.160296139310130537e-01 2.678811628857702964e-01 2.263973108771681382e+02 1.609838261510160518e+00 4.764550757802648029e+00 -9.797651827972807537e-01 1.804201188776707987e+00 1.048134994957145683e+00 3.984664483647404776e+00
7.071618925871271699e+01 6.211628435704782447e+01 6.354723186078514718e-01 2.543356561377058123e-01 2.013986022258313824e+02 1.594416287045802960e+00 5.223829113456468498e+00 -9.876844555704866746e-01 1.395461783169586134e+00 1.312176653947453087e+00 3.988554142274818304e+00
6.949374166875625747e+01 6.330795724357106735e+01 6.637432313413634821e-01 2.734838293041814139e-01 2.908034794172697275e+02 1.577342862002688140e+00 5.016806489013620585e+00 -9.802296471271668699e-01 1.536157953047704749e+00 1.325497363818209040e+00 3.986699598329583871e+00
7.144983715927040180e+01 6.129554527050600399e+01 6.085562205696437577e-01 3.359767937997740761e-01 2.868822501914276017e+02 1.688260019469625339e+00 4.564665414589739179e+00 -9.696881372656178666e-01 1.964268072619052230e+00 1.493461497611752620e+00 3.983416805710404240e+00
7.050947486521990015e+01 6.260098022151284880e+01 6.656854043023752165e-01 2.609866049606398564e-01 2.537722872291966496e+02 1.592373215651262441e+00 5.175525537182996239e+00 -1.009486978315744965e+00 1.334581341796859055e+00 1.157443467809849746e+00 3.988069452002106718e+00
6.897358439318834655e+01 6.390352300126239982e+01 6.107761217550551347e-01 3.470492518519876501e-01 2.563102447608582111e+02 1.653170176934556590e+00 4.823920888149594965e+00 -1.006610173992349200e+00 1.719162383169912989e+00 1.389865233302732372e+00 3.985203215367520979e+00
7.143203148503707212e+01 6.156845803671409101e+01 6.101803748470512323e-01 3.113830990591566206e-01 2.183376565490652581e+02 1.617705064746818522e+00 4.999798829935603095e+00 -9.960528227640401688e-01 1.608088625146601558e+00 1.301717292769474232e+00 3.986540113854264877e+00
6.997902122403391445e+01 6.302294722628401047e+01 6.882547992122732827e-01 3.102886447535675996e-01 2.972555510781447765e+02 1.635773954185266943e+00 4.820489465183061206e+00 -1.027038594843431518e+00 1.676815951581459130e+00 1.295253669194450730e+00 3.985253312401313419e+00
7.215539883249441289e+01 6.061417775241355343e+01 5.493277425076299458e-01 3.960330106907215542e-01 2.997843631173306562e+02 1.694708813157187244e+00 4.988138899539010573e+00 -1.005487513525507248e+00 1.573138534654006104e+00 1.453274606869431773e+00 3.986505330150871718e+00
7.064034322209896288e+01 6.217746222635557274e+01 6.028707863803459688e-01 2.631341708882689590e-01 2.386836423363311894e+02 1.621919543296119537e+00 5.281420111183002142e+00 -1.002901423797331493e+00 1.263611912176812568e+00 1.365223700961126552e+00 3.989027894602652058e+00
7.074696012843651260e+01 6.220240751464458384e+01 6.870897462061317240e-01 2.456317736835269272e-01 2.456911691270257165e+02 1.553478670139176288e+00 5.376028124030535871e+00 -9.520662937336158427e-01 1.197444284397032765e+00 1.250027086426376277e+00 3.990059957394954004e+00
6.950492717157374045e+01 6.361557175107750339e+01 7.248292360239352305e-01 2.234823232272584170e-01 2.598890831659721812e+02 1.530276157683200466e+00 5.094644938730156447e+00 -9.811770522301974662e-01 1.460881098363365771e+00 1.115441638571886607e+00 3.987300450537656360e+00
7.041920590641421995e+01 6.200116681787604733e+01 5.454501638462303514e-01 3.489208492328235711e-01 2.089027060236816737e+02 1.742958004161240471e+00 5.039338952525789672e+00 -1.107361165544150428e+00 1.569286537638464374e+00 1.771319501292713205e+00 3.987200410131032324e+00
7.145582875090418895e+01 6.091010848002292022e+01 4.233076207088168896e-01 3.785682849938660222e-01 2.971525838922650564e+02 1.728277121451360809e+00 5.138103828420086394e+00 -1.025289884056175271e+00 1.390228930946147523e+00 1.726171068299188871e+00 3.987794659316749257e+00
7.173518626702448842e+01 6.118781073882745147e+01 6.407312899360608771e-01 2.552075227245372835e-01 2.428255922303426644e+02 1.652803838865019914e+00 5.169272205886653815e+00 -1.012431492109586273e+00 1.392396951325840071e+00 1.320349302433601935e+00 3.988081910959736298e+00
7.132680424352997761e+01 6.156990986068881000e+01 5.755563104972328814e-01 3.232422011404851303e-01 2.777939775329232361e+02 1.660187171024065433e+00 5.118242885797395836e+00 -1.010491292610320446e+00 1.423672547935567634e+00 1.357140541661267630e+00 3.987638302479836749e+00
7.273435980883078855e+01 5.990278676542854441e+01 6.337532781537672522e-01 3.170188017981221962e-01 2.118074854173212316e+02 1.696414531549615079e+00 4.509715025566802815e+00 -1.058538075392849054e+00 2.081530130664031475e+00 1.690130177844314074e+00 3.983758443278424988e+00
7.099112682354272863e+01 6.181057635248991033e+01 6.068382208425848745e-01 3.258172874614307379e-01 2.230516276673565415e+02 1.607667875594204210e+00 4.356792896116320257e+00 -9.065713412810909588e-01 2.202044095610902197e+00 1.384148250892089704e+00 3.982059035658470414e+00
7.112260126870293675e+01 6.132979566377046154e+01 5.280104237176856952e-01 3.030459463885408766e-01 2.117726226428706582e+02 1.595247796343656432e+00 4.549882530990497997e+00 -9.542774478365092516e-01 2.041017666863734092e+00 1.689431864839740394e+00 3.983105317077003438e+00
7.019119992000450736e+01 6.257903558589404724e+01 6.746524233522303016e-01 2.451165446346887100e-01 2.761008632493460482e+02 1.597040136475659899e+00 5.148966493721562898e+00 -9.946753310854499208e-01 1.398130194201884002e+00 1.419321959871574945e+00 3.987832848090902882e+00
7.063959110217653858e+01 6.215084645645085004e+01 5.114162357296992978e-01 3.840881433531302958e-01 1.375629177759613526e+02 1.623443748677245058e+00 4.165772912109686921e+00 -8.531451521464417098e-01 2.434326316749444441e+00 1.507796108207935637e+00 3.980964317180930134e+00
7.126982350925636922e+01 6.167480045497494245e+01 6.037581113909409325e-01 2.976519766496395492e-01 2.841640366559759059e+02 1.556890961638949022e+00 4.399792980242638762e+00 -9.330595977688164178e-01 2.095853283308725334e+00 1.240116239824765376e+00 3.982326122917636990e+00
6.953510115038969275e+01 6.349381917807603060e+01 6.718751177228826643e-01 2.862707558764714388e-01 2.324158346883150728e+02 1.633019016473205687e+00 5.132728975238538105e+00 -9.615400632866242248e-01 1.468764741113738559e+00 1.253483348384856866e+00 3.987714895442261209e+00
7.240938141134266459e+01 6.046943144067626719e+01 6.337537531417557490e-01 2.812525333943467487e-01 2.629929506517001983e+02 1.694560842466731110e+00 4.412289690301597567e+00 -9.324173350682185557e-01 2.128424515669439021e+00 1.484477478109288429e+00 3.982353872402220052e+00
7.236839747453927885e+01 6.082269685209225685e+01 6.478548546837706867e-01 2.877589338635902494e-01 1.844968919112432104e+02 1.631430955738859545e+00 4.323947159992412637e+00 -9.006899168180971804e-01 2.259869909236212671e+00 1.230891267641677889e+00 3.981804900478577380e+00
7.201936821556253676e+01 6.087082543040601479e+01 5.404890494594182249e-01 3.335475420058007789e-01 2.498629113579751220e+02 1.561455255997917124e+00 4.263945182438958703e+00 -8.584619868586562674e-01 2.275001376292955513e+00 1.256337235895867765e+00 3.981316223495792617e+00
7.188799136380562516e+01 6.118793495958620809e+01 5.924205272789229149e-01 2.957891404331485785e-01 2.708226610050180057e+02 1.562431925380828757e+00 4.787601756895178973e+00 -1.025797673373384677e+00 1.754751308741137716e+00 1.132573424496885250e+00 3.985130480291727118e+00
7.122268866668618159e+01 6.150507484207533793e+01 5.741169256029579060e-01 2.756899717223097457e-01 2.289533385061588433e+02 1.611161193013042725e+00 4.802076929777442160e+00 -9.996503028622875098e-01 1.782395038639653873e+00 1.527985052115617304e+00 3.985081322982062080e+00
7.024460560794217656e+01 6.274855839412298053e+01 6.603371128390564948e-01 2.914917489015169672e-01 2.113833565809162849e+02 1.614139362505361053e+00 5.075741809311556274e+00 -1.032663260686797813e+00 1.530714047141983780e+00 1.260255242042183088e+00 3.987205636504774553e+00
7.279474383504580715e+01 6.000060352610426406e+01 6.555128588596306205e-01 2.466460917747048676e-01 2.767575482017668946e+02 1.596591223159109063e+00 4.899562272908397631e+00 -9.854662073071337458e-01 1.655857079057938330e+00 1.447008166689572439e+00 3.985641616034709234e+00
7.324341377654354801e+01 5.977521210991942979e+01 5.405167340159980904e-01 3.523468522674730319e-01 2.130198647125654077e+02 1.679407761585366421e+00 4.953912866623333855e+00 -1.058544382279890561e+00 1.631927749533379712e+00 1.304112499820638149e+00 3.986434896595112409e+00
6.912580765873325106e+01 6.383698522487570415e+01 6.877541917328432453e-01 2.737662334298743838e-01 2.702858513599423986e+02 1.600463000226506116e+00 5.006536249935349403e+00 -1.011813911008509814e+00 1.518539453176112719e+00 1.269239203800843319e+00 3.986596114583502715e+00
6.732837108941934900e+01 6.586298085587412743e+01 7.022301888780769774e-01 2.795196528284772941e-01 2.473164011812250180e+02 1.560373123793705963e+00 4.497673502653714017e+00 -9.498988477661446383e-01 2.025311988554461706e+00 1.079350483044665632e+00 3.982797683717077319e+00
6.787186991747621789e+01 6.492431212750527436e+01 7.044471011901638491e-01 2.621009106867241978e-01 3.417434104407620339e+02 1.534884268951213881e+00 4.692331635810684354e+00 -9.684537673038232652e-01 1.775995231602129465e+00 1.335858121609110549e+00 3.984052697079282446e+00
7.092888391359069544e+01 6.180795953735533743e+01 5.232340283548037041e-01 3.149579032451642613e-01 2.261271899834831913e+02 1.646741677154957006e+00 4.925827767148178715e+00 -1.011431305393694080e+00 1.660566746332380994e+00 1.520803066355357336e+00 3.985936837872130933e+00
7.018852983795794387e+01 6.294407008299432960e+01 6.206972276409394862e-01 3.709105170220952652e-01 2.625018490909699835e+02 1.643522113332200441e+00 4.864780393061063357e+00 -1.002279118042231687e+00 1.688607269453572535e+00 1.195483660244890167e+00 3.985481469525978593e+00
7.135910937791315689e+01 6.154920578858946101e+01 4.533464690457403856e-01 4.558025273051996007e-01 2.519182287983606443e+02 1.674454582887378251e+00 4.626600953195008969e+00 -1.026313821517495839e+00 1.948633839064206175e+00 1.441657223394637422e+00 3.984018584445768951e+00
6.933778886620858373e+01 6.353461117901464661e+01 7.522455130745767660e-01 2.324955606558095911e-01 2.629125441864349000e+02 1.654221270549619094e+00 4.454360800353948768e+00 -9.343966231525453470e-01 2.041235160615546995e+00 1.381256990844199173e+00 3.982616630167850502e+00
7.126426786961930304e+01 6.179135440892606113e+01 5.603578328021500132e-01 3.832818230730437037e-01 2.856044174556711823e+02 1.655028454483569611e+00 5.028963045868816373e+00 -9.676493214309249691e-01 1.519730581043990281e+00 1.274316785479910674e+00 3.986657938540518309e+00
7.109894365552936790e+01 6.180318497345624706e+01 6.015296933096186960e-01 2.939853779326774275e-01 2.178281852591111942e+02 1.606927864693002972e+00 4.463998025618161059e+00 -9.499671165244911730e-01 2.093486282363038686e+00 1.333484522699972530e+00 3.982812415325437172e+00
7.027891812557750484e+01 6.302362908661968532e+01 6.790115651015227183e-01 3.225404804392036362e-01 2.402542762284082016e+02 1.652464064672408917e+00 4.808919044246464658e+00 -9.865492512545662729e-01 1.759888310515887122e+00 1.119438513225990528e+00 3.984931867688278118e+00
7.123467645767725287e+01 6.174805734976188631e+01 6.143601914298657540e-01 3.541312553968462562e-01 2.145924921537377372e+02 1.649876364218352265e+00 4.779461930440889184e+00 -1.026838625311411235e+00 1.816635612268531652e+00 1.388564568536982957e+00 3.984940894560745850e+00
7.021443650793931113e+01 6.279416997623928864e+01 6.751514707558838868e-01 2.674037077884341973e-01 2.549948834486190492e+02 1.603016008390470315e+00 5.030284258623442639e+00 -1.005165614000447460e+00 1.527790731986250039e+00 1.271586440911804949e+00 3.986770348647912687e+00
7.059493669054388931e+01 6.247635965005922998e+01 6.155342916619739313e-01 2.983553463427995878e-01 2.160413292855763245e+02 1.596478549876542585e+00 5.428461816241982874e+00 -9.680549894650065657e-01 1.184169246937541553e+00 1.216396312109835343e+00 3.990550727534791786e+00
7.038725749445505642e+01 6.219840285869442198e+01 4.366103294715996674e-01 3.639298040178594595e-01 2.196648255922488886e+02 1.615143730894260443e+00 4.376863595371372817e+00 -8.969052609988669156e-01 2.190607261655205473e+00 1.590631949236790632e+00 3.981972720864975557e+00
7.150407900985611320e+01 6.155800160309045310e+01 4.934591855123479087e-01 3.691938241033118073e-01 3.198126896650761637e+02 1.610232472141423621e+00 4.976794069149645949e+00 -9.708724682742322365e-01 1.519045348784336946e+00 1.228745366182971255e+00 3.986208826840276220e+00
7.165623832535905535e+01 6.155756789776673088e+01 6.554464218072970638e-01 2.857217449137080534e-01 2.950496257129074138e+02 1.577207576251618226e+00 5.101407305217882993e+00 -9.830505748475778516e-01 1.430944897223714873e+00 1.072845134740290307e+00 3.987386653270379444e+00
6.953510115038969275e+01 6.349381917807603060e+01 6.718751177228826643e-01 2.862707558764714388e-01 2.324158346883150728e+02 1.633019016473205687e+00 5.132728975238538105e+00 -9.615400632866242248e-01 1.468764741113738559e+00 1.253483348384856866e+00 3.987714895442261209e+00
7.256785907093420462e+01 5.982846094767049294e+01 5.581178707895930735e-01 2.344370796653433286e-01 2.632964812696946524e+02 1.641819878520369480e+00 4.862484436978019353e+00 -1.002561196981796465e+00 1.693716305890428986e+00 1.767697921261301319e+00 3.985519603642363240e+00
7.231508925459412751e+01 6.070823318441921401e+01 5.525158795321835070e-01 3.446376504999605905e-01 2.729462118350580226e+02 1.655795770933659261e+00 5.019671797766228849e+00 -9.903373186617723256e-01 1.534512519878776793e+00 1.278136296087370782e+00 3.986619326191374935e+00
7.024039774041411022e+01 6.277607389029549267e+01 7.309712547515530012e-01 2.907665320270182430e-01 2.629025549791208505e+02 1.713795887717431299e+00 5.234206316077059107e+00 -9.995489759314346578e-01 1.333818649855627259e+00 1.325819303820881201e+00 3.988596329816981090e+00
7.042466366637070507e+01 6.258302203245141015e+01 5.712368719256462057e-01 3.614638374884951433e-01 2.613296505374703429e+02 1.568002506783612082e+00 5.100079414369981912e+00 -9.771741612169808633e-01 1.467536328738180407e+00 1.179662729041309754e+00 3.987397090872708993e+00
7.035938165189041626e+01 6.241071357977556033e+01 6.758769555690375963e-01 2.478424578042244253e-01 2.585815945288268267e+02 1.645430211840534174e+00 5.079141323642697436e+00 -9.996051603554054754e-01 1.445889708477734237e+00 1.560392890385744025e+00 3.987168288142223016e+00
7.092511407977390547e+01 6.169739523338110843e+01 5.526818339540888747e-01 3.127981759515862659e-01 2.423403521053928102e+02 1.648997888899683462e+00 5.265937015503308949e+00 -9.547821935965670193e-01 1.334081469568038969e+00 1.542097861953735771e+00 3.989049597827563520e+00
7.092262183628135119e+01 6.176536224500244288e+01 6.270362276173389038e-01 2.584058798087973119e-01 2.488164741650215035e+02 1.583332174161281802e+00 4.641433746369106217e+00 -9.666797373508602131e-01 1.892714764251892001e+00 1.469600783249780829e+00 3.983810556656930402e+00
6.983770895963787950e+01 6.284406778666324556e+01 6.364255659340841698e-01 2.828098921426528967e-01 2.522287687364870692e+02 1.652076452519688265e+00 5.058241479182638223e+00 -1.015394458438968250e+00 1.495320524841477816e+00 1.477940862538268618e+00 3.986990342318306180e+00
7.212237418414247259e+01 6.060125802321774557e+01 5.214150416097464991e-01 3.177621878543926415e-01 2.446995972593347517e+02 1.578077801377545830e+00 4.916142476524354876e+00 -9.496881347743375557e-01 1.673916567501353869e+00 1.383122267879557832e+00 3.985735008130087742e+00
7.034181005192073144e+01 6.251285490343779827e+01 5.469074801407884934e-01 3.753523262835383179e-01 2.389198197546306517e+02 1.713148624741186010e+00 5.481416292493193509e+00 -9.987090572327270710e-01 1.126697840503421588e+00 1.370926788753645154e+00 3.990992017701570305e+00
7.171510078303451508e+01 6.121879236694197601e+01 7.119770079853348088e-01 2.287702226954976548e-01 2.745159345561930309e+02 1.602669812417897521e+00 4.492764514976251178e+00 -9.219432595784712303e-01 2.020790071470623062e+00 1.350606944816519883e+00 3.982716160309512254e+00
7.083485391147765142e+01 6.231136612976127509e+01 5.570412748330592079e-01 3.304673442374056469e-01 2.441187788716628688e+02 1.595332850382946033e+00 4.494772969308498567e+00 -9.141671694461762643e-01 2.057994914979771384e+00 1.176356298557975855e+00 3.982596910530020295e+00
6.908714285916964570e+01 6.360521881527152033e+01 5.728113528351306272e-01 3.324712147682352681e-01 2.819421412987017561e+02 1.656827296175318098e+00 4.847843511975316488e+00 -9.963191873556648259e-01 1.693115646961873555e+00 1.476580276066033592e+00 3.985350930190616481e+00
7.111877979325771548e+01 6.168305387107926663e+01 5.780871678506045441e-01 2.427893379456109446e-01 2.505407217763844301e+02 1.575326117213400767e+00 4.563478352694026796e+00 -9.430771714969859998e-01 2.002797887265850285e+00 1.429783981142012772e+00 3.983202383646373690e+00
7.216952448539403520e+01 6.066916139157396515e+01 5.075779388722216900e-01 4.086715142798006961e-01 2.561897927139376065e+02 1.649335625813515449e+00 4.356596212689477277e+00 -8.962607662408271780e-01 2.178874350096073886e+00 1.386173779592060784e+00 3.981853068990727884e+00
7.048276657025390080e+01 6.253753871883240834e+01 6.722881140265547506e-01 2.715269035436412848e-01 2.761676700756443665e+02 1.559493985674658356e+00 5.342744603067962395e+00 -9.310357931721864322e-01 1.218857441214475257e+00 1.239706967814303562e+00 3.989788580240259730e+00
7.021568745726372640e+01 6.256431301381218191e+01 5.221289738181514872e-01 3.316921377325708908e-01 2.468605444379988398e+02 1.601280390216808014e+00 4.701825683483250806e+00 -1.004133997541014400e+00 1.860544253345214116e+00 1.337462194946047900e+00 3.984394788848580227e+00
7.224005351392521845e+01 6.056809790539903560e+01 4.565229708668613329e-01 3.748116648171829213e-01 2.749413570321725047e+02 1.656714863830382134e+00 5.045316038164580519e+00 -1.004685168945674834e+00 1.494638598969598720e+00 1.407790058470765659e+00 3.986875349299064286e+00
7.024039774041411022e+01 6.277607389029549267e+01 7.309712547515530012e-01 2.907665320270182430e-01 2.629025549791208505e+02 1.713795887717431299e+00 5.234206316077059107e+00 -9.995489759314346578e-01 1.333818649855627259e+00 1.325819303820881201e+00 3.988596329816981090e+00
6.782895589174201234e+01 6.553043430645800527e+01 8.421518500051018430e-01 2.090001633293292749e-01 2.736696969739916767e+02 1.548140369170573960e+00 4.595480278457312551e+00 -9.585579780289801288e-01 1.907911028786254626e+00 9.901163567317928793e-01 3.983403066611525656e+00
6.969951821502807832e+01 6.343610958443564130e+01 6.835459951918853028e-01 3.047204036481439560e-01 2.303503642018685582e+02 1.599197948975576766e+00 4.681984054977247567e+00 -9.759488775521542037e-01 1.894428298403233457e+00 1.230228861286539965e+00 3.983909056563967876e+00
7.030787705688643996e+01 6.287293979875447292e+01 5.486583897014938316e-01 3.716410681427951279e-01 2.669967849016301216e+02 1.601756619870181364e+00 4.848758968587839391e+00 -9.720157712770199909e-01 1.713508150611343206e+00 1.068306745108655642e+00 3.985161257579523220e+00
6.922198111768385331e+01 6.354610998660197652e+01 6.473827808482068846e-01 2.249474211433875326e-01 2.418485249162487492e+02 1.528245466052166268e+00 5.337260243208707067e+00 -9.378426858082753448e-01 1.282356446102917102e+00 1.351156873335392916e+00 3.989705155744069920e+00
7.172896204237200379e+01 6.118235520881572853e+01 5.013244070018647580e-01 3.772587809584346252e-01 2.113369387938044213e+02 1.668920481696963609e+00 5.424803650351480044e+00 -9.395108680078203545e-01 1.217589872573414889e+00 1.357540248659210080e+00 3.990640851044478854e+00
7.229503793614664175e+01 6.050784961133616946e+01 5.980849852532237332e-01 3.098164801519847078e-01 3.099367442841571574e+02 1.666939042689150385e+00 4.943702957537148279e+00 -1.008401193371376348e+00 1.573464094782974332e+00 1.453363920690173172e+00 3.986047001867240258e+00
7.261059144825557610e+01 5.998893013602364732e+01 4.673296880019083277e-01 3.578293581937367351e-01 1.906584922656534786e+02 1.645991865094556639e+00 4.447174953962536037e+00 -9.933148227952156573e-01 2.131717869481212446e+00 1.578703122961111482e+00 3.982952873582244813e+00
6.973147823036161697e+01 6.282270842021854662e+01 5.585741063549616303e-01 3.107533335678902553e-01 2.569393578403942229e+02 1.598064832905200516e+00 4.812258887486217773e+00 -1.020269239642374925e+00 1.748696284066433071e+00 1.530986887814938857e+00 3.985233435803554602e+00
7.145582875090418895e+01 6.091010848002292022e+01 4.233076207088168896e-01 3.785682849938660222e-01 2.971525838922650564e+02 1.728277121451360809e+00 5.138103828420086394e+00 -1.025289884056175271e+00 1.390228930946147523e+00 1.726171068299188871e+00 3.987794659316749257e+00
7.071845270734434052e+01 6.216509421861508855e+01 5.873649067565103188e-01 3.009165525709407429e-01 2.409451685061078194e+02 1.643987317436078177e+00 5.190845217153627900e+00 -9.926821984235794094e-01 1.374180150972422076e+00 1.368174662688775634e+00 3.988208460695347846e+00
7.090840777561948016e+01 6.173313833171523157e+01 4.143598563910429466e-01 4.189422314014539239e-01 1.678302625272360160e+02 1.675732764789535922e+00 4.766729345398660556e+00 -1.116694288263832213e+00 1.845709566541409163e+00 1.540738145036236073e+00 3.985540082702692111e+00
6.869080510835955522e+01 6.406153419363513990e+01 5.991168997684805930e-01 3.192010214112033228e-01 2.654858822160622935e+02 1.633502782941806508e+00 5.121781873718774136e+00 -9.934627702536414917e-01 1.434814136494611425e+00 1.388561459189881386e+00 3.987587166889926316e+00
7.066511485425222361e+01 6.198375219878288078e+01 7.072750386684601986e-01 2.033868945783147142e-01 2.571017587276112408e+02 1.619736571088815413e+00 5.277957447058884810e+00 -9.828237670397259595e-01 1.245048058289439430e+00 1.512204028632061936e+00 3.989052487201469432e+00
6.932822286387717270e+01 6.376332556205292690e+01 6.772246935728843953e-01 3.121594840032818619e-01 2.831942217414888319e+02 1.606237661701929609e+00 4.757013295037023859e+00 -9.939428685361352267e-01 1.781299548715979508e+00 1.164424479162116333e+00 3.984724264063659760e+00
7.227280277589989055e+01 6.070564393161102856e+01 5.898411355471087081e-01 3.006891112078774464e-01 1.990320493388522323e+02 1.593485682984761898e+00 4.837629899147452228e+00 -1.014997970783975800e+00 1.776224697339588987e+00 1.305867465042838127e+00 3.985377295703799394e+00
7.120866307166548381e+01 6.192890101961204863e+01 6.494008502039793074e-01 2.604117086197991204e-01 2.551916071858772739e+02 1.570000041013184688e+00 5.181825157899897505e+00 -9.426177370233433939e-01 1.414352239652516996e+00 1.138112884421359494e+00 3.988071985546008946e+00
6.884141840198691398e+01 6.409300932339313306e+01 6.113400801298295439e-01 3.902491601335102978e-01 3.101567855864342960e+02 1.669815589422993352e+00 4.752358491077407265e+00 -9.585329049085832276e-01 1.741950600475461686e+00 1.350685247812237089e+00 3.984466566952916455e+00
7.013811242846750815e+01 6.282963627210755675e+01 6.434705901528817718e-01 3.376813470375388815e-01 1.988526497527428489e+02 1.687239534026764742e+00 5.459354508207918677e+00 -1.034068518793903602e+00 1.143490126717462640e+00 1.311135271242626743e+00 3.990675178208131335e+00
7.110294101106009634e+01 6.167378006243939126e+01 6.575529009734003560e-01 2.545184291747149552e-01 2.100847925348249703e+02 1.600557520770308884e+00 5.392166445549313458e+00 -9.535438711818516877e-01 1.249575239569029605e+00 1.460849125391367354e+00 3.990201902694730851e+00
7.150138269776229549e+01 6.146400252822854071e+01 5.927709404281723549e-01 2.969372889631838319e-01 2.643627689554367066e+02 1.651338624264406141e+00 5.040588177545125781e+00 -1.022185170819167599e+00 1.530882929085707778e+00 1.329247139962255853e+00 3.986942727320854196e+00
7.039496056183523365e+01 6.292572914767659853e+01 8.917432449057698385e-01 1.823117696243254926e-01 2.473199875116419832e+02 1.561589301659241924e+00 4.354598297285370734e+00 -8.852934686729784231e-01 2.167020590985402784e+00 1.004683040765670388e+00 3.981837560637751849e+00
7.192707896513172727e+01 6.096355788814477705e+01 4.949865145640510167e-01 3.721079314084821954e-01 1.795608464112683009e+02 1.601003009962216783e+00 4.396008274447658515e+00 -9.311727350236224110e-01 2.205248635289035253e+00 1.373835695373225807e+00 3.982228373421949907e+00
7.123467645767725287e+01 6.174805734976188631e+01 6.143601914298657540e-01 3.541312553968462562e-01 2.145924921537377372e+02 1.649876364218352265e+00 4.779461930440889184e+00 -1.026838625311411235e+00 1.816635612268531652e+00 1.388564568536982957e+00 3.984940894560745850e+00
7.150138269776229549e+01 6.146400252822854071e+01 5.927709404281723549e-01 2.969372889631838319e-01 2.643627689554367066e+02 1.651338624264406141e+00 5.040588177545125781e+00 -1.022185170819167599e+00 1.530882929085707778e+00 1.329247139962255853e+00 3.986942727320854196e+00
7.070920165868663787e+01 6.208449444034360454e+01 5.115964717659470251e-01 4.350201103420685000e-01 2.240879756638516653e+02 1.621421508782558307e+00 4.506942678024326909e+00 -9.342764230313022056e-01 2.073674486692068886e+00 1.401448712142894459e+00 3.982757262496293027e+00
7.332676177446307975e+01 5.936572831581363374e+01 5.103042158820254581e-01 2.624979625051362397e-01 2.013604067491121725e+02 1.627295051542526405e+00 5.351348644508515662e+00 -9.655831723334975525e-01 1.285633294939184212e+00 1.492110842824508898e+00 3.989894383151740609e+00
7.200559358377832098e+01 6.062722588363266141e+01 4.935564687919194449e-01 3.652868713950601642e-01 1.744831055438418730e+02 1.635580466311530090e+00 4.261307579481648844e+00 -9.092829938382481769e-01 2.312583980020685104e+00 1.583427180611267859e+00 3.981662590191894946e+00
7.004760365678579603e+01 6.292951377142701119e+01 6.312677474688430657e-01 3.230571422714321184e-01 2.208982333735052066e+02 1.578107300915841282e+00 4.800888851632421961e+00 -9.812339148159833213e-01 1.787151590927021472e+00 1.208154916792370637e+00 3.984866535102706830e+00
7.092888391359069544e+01 6.180795953735533743e+01 5.232340283548037041e-01 3.149579032451642613e-01 2.261271899834831913e+02 1.646741677154957006e+00 4.925827767148178715e+00 -1.011431305393694080e+00 1.660566746332380994e+00 1.520803066355357336e+00 3.985936837872130933e+00
7.073029576237838967e+01 6.231086096114810147e+01 6.193751247230901980e-01 3.123008161851847930e-01 1.887411302782574296e+02 1.612284506553484542e+00 5.372416401982850864e+00 -9.811568687125247212e-01 1.283488292221168781e+00 1.237471345999011874e+00 3.989886976601488833e+00
7.141549600182160873e+01 6.150162108774038217e+01 5.507452560743140157e-01 2.897097446297548506e-01 2.466638430547252199e+02 1.559118808675355128e+00 5.162206805283071631e+00 -9.802697609018852232e-01 1.420687926529506040e+00 1.247549436463383676e+00 3.987955929038551339e+00
7.015306516187817465e+01 6.282280190820359422e+01 5.949770262480673644e-01 3.143370368051619512e-01 2.916626097275039911e+02 1.596894597258376791e+00 4.701338424868553467e+00 -1.001072463735167783e+00 1.803743507343892327e+00 1.297342311542865945e+00 3.984324233644593427e+00
7.222057488162060679e+01 6.089742856540893001e+01 5.349287547248088304e-01 3.534344595531648814e-01 2.829388486636404991e+02 1.639135856521960921e+00 5.177922107952014130e+00 -9.718017089982358137e-01 1.352817524973759289e+00 1.146657083418463952e+00 3.988050689071476196e+00
6.891524543618091059e+01 6.421844160014505576e+01 7.088204433423843653e-01 2.693480841075267529e-01 2.653342161164112554e+02 1.613197432913665352e+00 4.647804652690616933e+00 -9.825673335159600397e-01 1.888611064822581342e+00 1.194761119245716374e+00 3.983893789619154635e+00
7.017935882342550258e+01 6.260966857303623101e+01 6.500004372128452834e-01 3.838995729600357398e-01 3.013698371765571551e+02 1.671660563525198873e+00 4.743981294057200593e+00 -9.518871558582889802e-01 1.814709894077418229e+00 1.508891858209843173e+00 3.984386569559764002e+00
6.870034425905853936e+01 6.407889342057058002e+01 5.916064870244285290e-01 2.878939057076530528e-01 2.278795324989711162e+02 1.574313201936957674e+00 4.450390989299757294e+00 -9.749027562327295948e-01 2.096691437336174690e+00 1.285717421100984748e+00 3.982870827458870888e+00
7.021840100982427657e+01 6.296736505107581650e+01 6.765255790672387581e-01 2.982165007737951345e-01 3.044330530526972893e+02 1.654740155948605684e+00 5.133286130891231203e+00 -9.604697711217410339e-01 1.368683731077110721e+00 1.146694721139399631e+00 3.987676048564777975e+00
7.066171074765384219e+01 6.222686620932116597e+01 5.416049596119170140e-01 3.085496206652430518e-01 2.444196283975649351e+02 1.598626965978549030e+00 5.240862199493882656e+00 -9.708663632673163457e-01 1.356214230059245685e+00 1.284247357039494331e+00 3.988757528210314263e+00
6.897505157225261030e+01 6.369281689689286452e+01 6.284902471832821691e-01 2.738352999996960246e-01 2.413963152027613717e+02 1.563485950991736484e+00 4.345099580036637654e+00 -9.248092437632784435e-01 2.184732923755257517e+00 1.384271712062904225e+00 3.982049938610450646e+00
7.256561469705229683e+01 6.060734540184461139e+01 7.304159204811010442e-01 1.978819021648304533e-01 2.569583484707636103e+02 1.521086755901887022e+00 5.031799255657405823e+00 -9.605609543187175747e-01 1.558795857778657368e+00 1.132609030059922306e+00 3.986668338145507473e+00
6.829254479376376707e+01 6.477319577380555415e+01 7.725570531223294735e-01 2.899010443532873404e-01 2.677447324675235905e+02 1.618299967585075994e+00 5.077360316239784233e+00 -9.910167284836880475e-01 1.445728242233594862e+00 1.226065034409346444e+00 3.987125108624562042e+00
6.803341793806195881e+01 6.486855025473744263e+01 7.581662471125188985e-01 2.231568647262940353e-01 2.520049956935329192e+02 1.567335093841158544e+00 4.699685650354181732e+00 -1.015874721206573961e+00 1.832962387768228396e+00 1.300863816052061139e+00 3.984367860294451447e+00
6.936600537397426081e+01 6.349448326427158662e+01 6.755618215477269262e-01 2.666290878489487315e-01 2.605972694818689774e+02 1.635377265949389480e+00 5.096424145924286719e+00 -9.959494332984063503e-01 1.449954831633179841e+00 1.377053601851421005e+00 3.987273691224038963e+00
6.853567869318116834e+01 6.483645386490137241e+01 7.155527224104704098e-01 3.264452214783515327e-01 3.119085257030242246e+02 1.585012237608721897e+00 4.854805548919967073e+00 -9.709021262683605880e-01 1.633598985608783805e+00 9.810588113646208086e-01 3.985227784337652679e+00
7.098341055037002434e+01 6.202901239701409963e+01 6.001943611591915584e-01 3.917077363988457628e-01 2.832897932618796517e+02 1.650629432229482996e+00 5.115438834965704729e+00 -9.780713331045581826e-01 1.431103802436749284e+00 1.287276607780118987e+00 3.987460550902647949e+00
7.080337549204672598e+01 6.206913389709907136e+01 7.302571016182315411e-01 2.689519472071058570e-01 3.169263845928608134e+02 1.616900806359465870e+00 4.744996349774421418e+00 -9.804064550443292170e-01 1.759195106809927411e+00 1.404609878688115598e+00 3.984497177892873054e+00
7.171003406922000067e+01 6.135473959090166574e+01 4.993016552077923498e-01 3.962285305692995752e-01 1.974092632725293015e+02 1.609849835689032727e+00 4.870250518984605925e+00 -1.011173829343675612e+00 1.743900071672167540e+00 1.168936488238008442e+00 3.985573518066506615e+00
7.015479687873468606e+01 6.296388769786921102e+01 7.428668588121821736e-01 2.193536547526990788e-01 2.912990869670831557e+02 1.524044857109581264e+00 4.809338965283360245e+00 -9.757177547926662031e-01 1.698378410453129872e+00 1.123879644346060136e+00 3.984979368603024596e+00
7.017360596786792826e+01 6.301048277055681268e+01 7.690281947927647410e-01 2.382736223421985378e-01 2.470470008240505990e+02 1.556371446821587678e+00 4.628997413221164869e+00 -9.615025457746096960e-01 1.910929708734403709e+00 1.154794937178281522e+00 3.983663237468781926e+00
7.168282917698446965e+01 6.087195629667414210e+01 5.029722488787414791e-01 3.156834820252402141e-01 1.658484341446595067e+02 1.603436700725417108e+00 4.245739233843972116e+00 -8.931206452951604424e-01 2.328325864950310908e+00 1.582386867052830270e+00 3.981462431253249168e+00
7.028309010183254202e+01 6.243112450420080961e+01 5.565901350805820824e-01 3.790113700255250406e-01 2.949107766059689766e+02 1.667970842328865944e+00 4.848342390126119561e+00 -1.002694978728341679e+00 1.667318796960138405e+00 1.472694584881829805e+00 3.985316470182379778e+00
6.991660812942625114e+01 6.319865579985597748e+01 7.397571906182143220e-01 2.798468035130681208e-01 2.440841913865660331e+02 1.626848122668237195e+00 5.187079695860094652e+00 -9.577750048815948380e-01 1.411459667054832279e+00 1.216930422214689056e+00 3.988185069785796344e+00
7.054085935455523781e+01 6.247207117812251198e+01 6.838313415735891576e-01 3.244899826725686220e-01 2.111691998963981689e+02 1.649122779746753809e+00 5.355412376326853519e+00 -9.552262428895080815e-01 1.269995534985852714e+00 1.294405397801131841e+00 3.989855181559059272e+00
7.238185657314876664e+01 6.065508663350681928e+01 6.140168583395660962e-01 2.409824552026169076e-01 2.891381142255395389e+02 1.558040146187035235e+00 4.795932057470007059e+00 -9.883341830690107743e-01 1.727593511343109789e+00 1.228802080949390696e+00 3.984852299476353554e+00
7.165074154474406498e+01 6.121953145178654410e+01 6.344596120495227254e-01 3.331097179117721852e-01 2.821026892235690866e+02 1.669555079954589960e+00 4.773902252312280048e+00 -9.872753151424151774e-01 1.759590104651796993e+00 1.457475460024392211e+00 3.984697896672957373e+00
7.007736266433457217e+01 6.277903826308968860e+01 7.222178353884883828e-01 2.609400789198612070e-01 2.687827721508347736e+02 1.641613090405237285e+00 5.239088148689652336e+00 -9.826238124480839442e-01 1.302535865996551356e+00 1.433665946951782288e+00 3.988641887562838217e+00
7.177338227579329555e+01 6.128056330149381381e+01 5.753859747425902338e-01 3.671650422135737668e-01 2.521248777774162306e+02 1.615184381556053594e+00 4.616051739421040523e+00 -9.158957391604479747e-01 1.967156579720282350e+00 1.285106109120311535e+00 3.983315956917685252e+00
7.111189477778147250e+01 6.194960948945900014e+01 6.826736837822946491e-01 2.870589177816140758e-01 2.367441476903837270e+02 1.601732110336868908e+00 5.135342044291806296e+00 -9.406714947951479999e-01 1.486420850055118814e+00 1.242807779770618071e+00 3.987638099553072468e+00
7.088264249966547936e+01 6.225041511911291536e+01 5.951577834916326193e-01 4.122423291652173583e-01 2.482613715082098906e+02 1.655230372908481407e+00 5.255555058544318037e+00 -9.617113975225802802e-01 1.336576333709030395e+00 1.187799194894118671e+00 3.988851926918421498e+00
6.994172863924131889e+01 6.290818914389080163e+01 6.512334758369173748e-01 3.142316720644547368e-01 1.541587426906814926e+02 1.610337970687190312e+00 4.191003412643360626e+00 -8.607382581247927655e-01 2.395805251880462450e+00 1.433251192863512991e+00 3.981115180665245390e+00
7.304363127156264568e+01 5.980194950563978296e+01 4.579523263904783925e-01 4.104056743728665690e-01 2.538221441733110737e+02 1.633540691254073307e+00 4.925100919360230201e+00 -9.901541053073406040e-01 1.682265343520012335e+00 1.427484011607791592e+00 3.985762850205883279e+00
7.013016514804481005e+01 6.266054585015162814e+01 5.362885991352158710e-01 3.531948070333337242e-01 2.385510598434568692e+02 1.634040169899021677e+00 4.496292976721628420e+00 -9.723080265367032293e-01 2.044751728198794360e+00 1.446339273599272390e+00 3.983002569830565331e+00
6.822513713547849079e+01 6.445437210207694534e+01 5.679240149082691591e-01 3.459324440305471260e-01 2.805953506140921832e+02 1.617326249931322346e+00 4.896893885491023113e+00 -9.949239455103353613e-01 1.617666664587528391e+00 1.426335476845603356e+00 3.985707202091125279e+00
7.103030743058891971e+01 6.178977690429476866e+01 5.973767729787502478e-01 3.165225001265147831e-01 2.329092660934012429e+02 1.617598362360704867e+00 5.296013819470898554e+00 -9.505860223496624961e-01 1.291946804191058229e+00 1.380122156109648168e+00 3.989249678313106173e+00
7.355287730236111088e+01 5.889549594202184579e+01 5.063829179063515928e-01 3.079935730370347291e-01 1.809166818597542203e+02 1.718958323107162345e+00 5.413169127753363341e+00 -1.112155552748541387e+00 1.201470758386943505e+00 1.725769830034060259e+00 3.990002360581671237e+00
7.109454261150690968e+01 6.183788502357999306e+01 7.822061687430059695e-01 1.661091513254312479e-01 3.286402875436214686e+02 1.502091203643262762e+00 4.916716017908800751e+00 -9.909287042628671660e-01 1.589627593267018746e+00 1.328781342421219369e+00 3.985844787720571603e+00
7.067641214759647994e+01 6.255712585485929367e+01 7.048717251855752819e-01 3.206106998276558873e-01 2.478696114782123345e+02 1.674982489613482839e+00 4.916517828005127377e+00 -1.001046335430433309e+00 1.640214492135120938e+00 1.183371954135574278e+00 3.985892684088973681e+00
7.137339668375601320e+01 6.165268411764315459e+01 6.031660581016079492e-01 3.076768340854166839e-01 2.189185541259138006e+02 1.617750900357441957e+00 5.573213399703747406e+00 -8.900973776595534348e-01 1.059515541386417903e+00 1.202573824170175998e+00 3.992568828922326230e+00
6.782623524891386069e+01 6.513376886453666259e+01 6.749002686624114844e-01 3.200505830909744498e-01 2.208341182419587767e+02 1.563585977752505407e+00 5.311731479667495925e+00 -9.460734262214918200e-01 1.308049986429682621e+00 1.186945987020318949e+00 3.989358327740707200e+00
6.934711430696403056e+01 6.372074519854233898e+01 6.997535246398233211e-01 2.870914587745687085e-01 2.811974008628756110e+02 1.668830547197516445e+00 5.173244620833844287e+00 -1.029501784573421563e+00 1.318750358737360351e+00 1.247229709435789147e+00 3.988067737170827964e+00
6.931900017438070449e+01 6.364699031464241585e+01 6.955070143622303913e-01 3.149864343934484223e-01 1.863629135277068087e+02 1.610634128535203269e+00 4.427819246855786872e+00 -9.768006319140490890e-01 2.143726809345542605e+00 1.276764868600299696e+00 3.982787512883586345e+00
7.295860806514775732e+01 5.993615634097779576e+01 6.306714665675410281e-01 2.717110942099717485e-01 2.814335949357527511e+02 1.631930752268901719e+00 4.582005229064854746e+00 -9.847069446244918201e-01 1.926305344463424607e+00 1.486283778406672695e+00 3.983480397465472223e+00
6.918645613251860027e+01 6.364711198243941226e+01 7.256009120372509669e-01 2.346137093018379194e-01 2.999646111760074518e+02 1.572292844525841504e+00 4.768265629363057201e+00 -9.833523772935792717e-01 1.758251952002639396e+00 1.313400625336685001e+00 3.984713127237934582e+00
7.298714971801058482e+01 6.002306329493639225e+01 6.602860940176001892e-01 2.551104668929821129e-01 2.648852671391094873e+02 1.612401748826367776e+00 4.987828411476912471e+00 -9.936840467171746960e-01 1.549986273819258908e+00 1.289453750696884837e+00 3.986493515710550106e+00
7.047560737393052932e+01 6.225984408744174914e+01 4.885875122917796576e-01 3.596146603760428939e-01 3.615215877375235323e+02 1.672976500023970914e+00 4.594418595068469280e+00 -9.321681493323721313e-01 1.863728087272941814e+00 1.433885075382692387e+00 3.983349383360223150e+00
7.022438819807130983e+01 6.264932000513293531e+01 7.074804945712023230e-01 2.619981990635431024e-01 2.755496472525610443e+02 1.649536641914078450e+00 4.895539590936322405e+00 -1.011175354204229881e+00 1.645233538452830047e+00 1.379670451223689032e+00 3.985792851589232910e+00
7.095091962582112899e+01 6.163914405794629658e+01 4.395459307857496056e-01 3.700262178657184320e-01 2.091573578012418579e+02 1.675872969326340334e+00 5.257976790252728350e+00 -1.075801843483330078e+00 1.320731703445187977e+00 1.548741035587900994e+00 3.988805883680356157e+00
6.800712606663154247e+01 6.478342050512576122e+01 7.869113474785450757e-01 2.493969709396333667e-01 2.412318473254800608e+02 1.659438502815655081e+00 5.283416971792601835e+00 -1.005939108189997766e+00 1.295172533305504636e+00 1.441355296052084123e+00 3.989037461440646304e+00
6.983442393770653212e+01 6.311224063775048876e+01 5.993223725409368985e-01 3.616397622221356745e-01 2.081185098131884672e+02 1.648847295223333287e+00 4.391612567244115084e+00 -9.393070491056517701e-01 2.178601467100948597e+00 1.363303189113020952e+00 3.982317802117303795e+00
7.086670476205414104e+01 6.225216586459092838e+01 6.034862523592056105e-01 3.462133108934128956e-01 2.236348875117085697e+02 1.618399957004748257e+00 4.347209846149786117e+00 -9.334326630225751043e-01 2.186641047814678718e+00 1.177274000747865479e+00 3.982128830601142866e+00
6.999662997598552749e+01 6.274919174056014270e+01 5.704756263390577953e-01 3.300576849533942703e-01 2.420774515930708617e+02 1.642562178509617610e+00 5.242269013763617203e+00 -9.684643876061924672e-01 1.350011104926086780e+00 1.430739730849071689e+00 3.988673751915712717e+00
7.235958114921533024e+01 6.055429877462978538e+01 6.305556715620670438e-01 2.959844145247065850e-01 2.233269425743386307e+02 1.643962888000518818e+00 4.997117613359929322e+00 -1.023708335044440476e+00 1.601505790477103952e+00 1.399568343431707440e+00 3.986539992601338067e+00
6.913265504577979925e+01 6.386376155466695792e+01 6.680759710273944663e-01 3.125117157367270360e-01 2.066124166142838874e+02 1.597416393960438885e+00 4.539281725617013485e+00 -9.287857433913392358e-01 2.039558585026470361e+00 1.230146884320687084e+00 3.982961947467170472e+00
7.056551194127483484e+01 6.206205282510692456e+01 6.365999223859476475e-01 2.643278281002690577e-01 1.886928550545103462e+02 1.575219456511595784e+00 4.327517766618563577e+00 -8.943187608988618642e-01 2.255733528612194672e+00 1.472479742423746130e+00 3.981788178517610355e+00
7.158837045259217291e+01 6.084454819775099566e+01 5.337945286566009306e-01 2.474902896776945971e-01 2.302101799783835929e+02 1.583937768787631040e+00 5.032458303866390814e+00 -9.868324943816675354e-01 1.551196275887829046e+00 1.624922517159425039e+00 3.986796865852260119e+00
6.959033591996474399e+01 6.316428138052104657e+01 5.876311547437625959e-01 3.040944626760014313e-01 2.428020295823633035e+02 1.613248069633608228e+00 4.694510645952631123e+00 -9.675870338718123298e-01 1.862419105944146613e+00 1.408158730454304619e+00 3.984176375280747529e+00
6.866932058736573197e+01 6.414573418649466419e+01 6.240662894273202310e-01 3.365484309877492808e-01 2.111373323934902544e+02 1.609050381960893228e+00 5.192140216199280900e+00 -9.871332239943576559e-01 1.429825764523760867e+00 1.368035578757332837e+00 3.988178628147536209e+00
7.165803801233521142e+01 6.126149546098648102e+01 6.541670757781407053e-01 3.457915966707211797e-01 2.930711477847606830e+02 1.642095548580012387e+00 5.012477428695203407e+00 -9.902589381429031112e-01 1.497943219565051276e+00 1.353210401543632591e+00 3.986558044845244897e+00
6.934270307076938877e+01 6.359415386914794510e+01 7.343796700774436470e-01 2.564164458700124438e-01 1.917420893816196781e+02 1.578255877518427441e+00 4.470355036703861806e+00 -9.549419041586446610e-01 2.112597851838155627e+00 1.306662568469769470e+00 3.982747169806142740e+00
7.068037665759341337e+01 6.227371040850869832e+01 7.247190162513317269e-01 1.901315319414112470e-01 2.499168414554180231e+02 1.476601857807884333e+00 4.725027444086676631e+00 -9.690894704128660830e-01 1.847972725121691751e+00 1.163895972532156264e+00 3.984400924511786624e+00
6.962172637177768308e+01 6.327119452488987150e+01 6.550897311307166682e-01 2.458978771881861480e-01 2.464703838444125381e+02 1.543694264702156982e+00 4.976406000046494249e+00 -9.850422004701241407e-01 1.594607662243909152e+00 1.294202093211652915e+00 3.986259774055311400e+00
7.249563026744598915e+01 6.047174892086181330e+01 5.462930525927064407e-01 2.675616574117937185e-01 3.209834314922134695e+02 1.555982436012362635e+00 5.019299064246272479e+00 -9.662728683468809754e-01 1.498696039248874623e+00 1.221475138522450266e+00 3.986662192518505066e+00
6.918892726390112102e+01 6.363642231875049049e+01 5.759798410742755781e-01 3.751312915447762020e-01 3.105549157112409375e+02 1.679679964190613717e+00 4.486057422328896038e+00 -8.888819731646909750e-01 2.014940069173674519e+00 1.434002286634799450e+00 3.982475649496601378e+00
6.932877179293068082e+01 6.366075934671987824e+01 6.954070170798158923e-01 3.252183609876442283e-01 2.456110467372603807e+02 1.649326860015334129e+00 5.165725396659694546e+00 -9.948204790287262789e-01 1.448097815201660810e+00 1.322949127840648664e+00 3.987913895930415897e+00
7.168287770778742640e+01 6.096235443610539306e+01 6.492733749698420542e-01 2.443310957936583594e-01 2.651153212615130315e+02 1.672490837542446318e+00 4.812635761406554025e+00 -1.050626216952140091e+00 1.720359045954265031e+00 1.559356072687284378e+00 3.985418939010915373e+00
7.213004101402019330e+01 6.065236929461200788e+01 5.946231018827310422e-01 2.908851653467579013e-01 2.444307100548780625e+02 1.648366769799031628e+00 4.980033576416581731e+00 -1.005162874320023381e+00 1.589775393485467925e+00 1.472593308298502768e+00 3.986408840957159416e+00
6.848293476374583122e+01 6.443452791529810497e+01 6.629381559280531633e-01 3.317993247128579459e-01 2.588243488955901626e+02 1.594874492314447334e+00 4.794047454562965882e+00 -9.899630803645360633e-01 1.724467445997280413e+00 1.249731200090612226e+00 3.984969663047498667e+00
6.946004183148707511e+01 6.346332231960593617e+01 5.481202376141054433e-01 3.056112992720734778e-01 2.605046733582148022e+02 1.542087832363857380e+00 4.784355749140762448e+00 -1.033090993280481706e+00 1.773614043750359803e+00 1.206822706312745019e+00 3.984991713979741945e+00
6.952985409950811402e+01 6.324450182479836258e+01 6.801176286598065168e-01 2.359898297093879216e-01 2.870993481093323112e+02 1.598168785031218508e+00 4.821969727967604591e+00 -9.912598017697332731e-01 1.676107353660687638e+00 1.398752177370093941e+00 3.985160594521908184e+00
7.046501659662146722e+01 6.245328874392553331e+01 6.820874638130735024e-01 2.500520028956674246e-01 2.723580245742376178e+02 1.610034891223163900e+00 4.766441451553442121e+00 -9.463005464579796744e-01 1.760256143618533775e+00 1.398366867641084976e+00 3.984489705267469706e+00
7.258871518725942451e+01 6.017276553296690622e+01 5.627054508560306312e-01 3.280292202812030711e-01 2.474869867819890885e+02 1.627133949636835997e+00 4.258895302003621097e+00 -8.719410642202877204e-01 2.273834440249489219e+00 1.522383553332780970e+00 3.981436532631793757e+00
7.224555937469187938e+01 6.055112987513596323e+01 5.858954698232281544e-01 3.144921687667275312e-01 2.278622456631334501e+02 1.628514832838416693e+00 4.376042744787115524e+00 -9.531592073112756802e-01 2.168389047317903273e+00 1.404770777897658807e+00 3.982409503002662721e+00
7.279172985739887736e+01 6.004840523335278135e+01 5.368724734498560025e-01 3.795949425235682906e-01 2.118624511822314957e+02 1.634421840425057892e+00 4.592768600045300964e+00 -9.377949350219482172e-01 2.022726883529808006e+00 1.438188701004168735e+00 3.983281907594271143e+00
7.010660716790107472e+01 6.312675103712022207e+01 7.348857585297333683e-01 3.294647702918809817e-01 2.086627528649769090e+02 1.629634154473351249e+00 4.862334722632440709e+00 -9.935097301756550259e-01 1.717897944300088797e+00 1.109558795213895666e+00 3.985385456557823947e+00
6.947022702723327825e+01 6.325148542871374246e+01 6.307005351356319567e-01 3.214982922010818367e-01 2.478457450301139033e+02 1.616264107308271081e+00 4.476071096254741200e+00 -9.351003457018769449e-01 2.072753144844583062e+00 1.508627871886255800e+00 3.982719178938678883e+00
6.917163630639626604e+01 6.378060655685548852e+01 5.150006236555078054e-01 3.657175801226945633e-01 2.053596807419965842e+02 1.639758552081655330e+00 4.588438615391390307e+00 -9.745474022542188752e-01 1.988222408284189724e+00 1.277237494478575597e+00 3.983555975775085134e+00
7.068716953514407919e+01 6.234441826738662940e+01 7.593530659297893504e-01 2.413016295025087743e-01 2.954124192468904653e+02 1.584924517670424748e+00 4.883859102561188159e+00 -9.741526476289865677e-01 1.650420438694516934e+00 1.301722196192337533e+00 3.985505341363283272e+00
7.147115700541239391e+01 6.150971837181520385e+01 6.579366248574148868e-01 2.752435458039337868e-01 2.276583213962368291e+02 1.582749503498049881e+00 5.047315487624342012e+00 -9.925041452317312496e-01 1.559715518000428736e+00 1.261784311570302686e+00 3.986942102926050779e+00
7.138873595156751151e+01 6.142808629670616227e+01 6.078194142561663682e-01 3.044684636033447300e-01 2.777178170168269276e+02 1.652891965267227148e+00 5.046564964849993729e+00 -1.019466650254317264e+00 1.465049427463766873e+00 1.383192960591187459e+00 3.986927125516738002e+00
7.119625269754068597e+01 6.194126295401236604e+01 7.651841483338601702e-01 2.410660735032921498e-01 2.483993435640691985e+02 1.628369309154289235e+00 5.402305482371717815e+00 -9.231479819773530382e-01 1.192061873035951347e+00 1.197184735250334198e+00 3.990475267161587514e+00
7.220313470819763779e+01 6.025340950350594227e+01 5.394237662702500158e-01 2.726085730784300054e-01 3.191299916585077767e+02 1.570040404390294908e+00 4.583509777619543257e+00 -9.530450094650897430e-01 1.897991939929261962e+00 1.622235019235110043e+00 3.983326919677090849e+00
7.091496781168179098e+01 6.195972460760902578e+01 6.670534611747047649e-01 2.853192019686962566e-01 2.241395577058860340e+02 1.612656219524276402e+00 4.522106666616132031e+00 -9.469804048687399112e-01 2.038289761254493015e+00 1.387132324535166772e+00 3.983018351903059084e+00
7.031425108422421033e+01 6.279994743739379714e+01 6.035647670953605548e-01 3.213449371335159177e-01 2.330353820370717983e+02 1.569227749031052443e+00 4.620626171471225341e+00 -9.401331218032255022e-01 1.948317045158411753e+00 1.133258690460229534e+00 3.983432458720093106e+00
6.798722800414194012e+01 6.497661662163505980e+01 7.346727222914427591e-01 2.487573406002635823e-01 3.216137018443235434e+02 1.555131648080537721e+00 4.633187948035985215e+00 -9.607867886069691998e-01 1.822966179537899967e+00 1.247721539672479230e+00 3.983678449254255405e+00
7.069712140935440914e+01 6.229103510468812743e+01 6.935157576336032914e-01 2.579834240406443935e-01 2.600900696270550156e+02 1.607837144429719034e+00 4.734619918162778163e+00 -9.769545042723235539e-01 1.799176643983936508e+00 1.312948911832307886e+00 3.984434857581435452e+00
7.006921195828503812e+01 6.257013988453282849e+01 5.658398623114518911e-01 3.275019517517668288e-01 2.394142669735382469e+02 1.656084452486495051e+00 5.197151634559650013e+00 -1.013157916428887084e+00 1.396730920592849756e+00 1.553530757079891522e+00 3.988275879795363021e+00
7.282401789207354170e+01 6.032015892853526395e+01 6.292323275405008465e-01 3.322543589182280210e-01 2.833253470910594842e+02 1.622253574741384208e+00 4.603602703546524566e+00 -9.539585970335174858e-01 1.914573176691886092e+00 1.233264182724558511e+00 3.983473258235956660e+00
7.061457068221380950e+01 6.219596215026384556e+01 6.908328137015730119e-01 2.291721695258305269e-01 2.373932758254264286e+02 1.622739370479369780e+00 4.842042470834320156e+00 -9.720916318312425863e-01 1.744974525618686156e+00 1.465687134091187227e+00 3.985154096913996025e+00
7.137777900282961241e+01 6.148414229796107122e+01 5.603297539594727095e-01 3.202158985557840842e-01 2.519106739541942659e+02 1.600188269553707299e+00 5.032678044950854357e+00 -9.922673663557614043e-01 1.533075559870239246e+00 1.348172929656990648e+00 3.986793220380151936e+00
7.014613994250667872e+01 6.287268712824474193e+01 6.690318026491647307e-01 2.545545528457822115e-01 3.131043430188839807e+02 1.631283647816185622e+00 4.873143834052165779e+00 -1.015930539091119300e+00 1.602560062607487845e+00 1.241789522988199668e+00 3.985600071427530366e+00
7.006281773590143302e+01 6.317852845218302349e+01 7.752887222568208836e-01 2.856207954326623333e-01 1.934800972910380494e+02 1.625849585360045424e+00 5.391739267285337256e+00 -9.634428238612752216e-01 1.238420606327664153e+00 1.105898471320846621e+00 3.990132478217381262e+00
7.013811242846750815e+01 6.282963627210755675e+01 6.434705901528817718e-01 3.376813470375388815e-01 1.988526497527428489e+02 1.687239534026764742e+00 5.459354508207918677e+00 -1.034068518793903602e+00 1.143490126717462640e+00 1.311135271242626743e+00 3.990675178208131335e+00
7.098943080206345257e+01 6.197940613398020560e+01 5.349922298427284284e-01 4.117512596001887126e-01 3.231926166085418686e+02 1.707598678191563968e+00 4.559500329754201609e+00 -9.765834652674126870e-01 1.921572143252303189e+00 1.241952997672951087e+00 3.983386531895087845e+00
6.945733619370990652e+01 6.358353993632702839e+01 5.546590896679589600e-01 3.856385601057890078e-01 3.341529858479157156e+02 1.704242995455709231e+00 4.938023270746716875e+00 -1.006238584267293401e+00 1.501780170863184161e+00 1.193282686202433718e+00 3.986057838565125522e+00
7.193255262275778250e+01 6.095343046604649828e+01 7.636278705273639167e-01 1.952675265033682328e-01 3.092729804066216275e+02 1.575028385292317923e+00 4.766533254137904407e+00 -9.913742999220929164e-01 1.733186324048380467e+00 1.393018570278901302e+00 3.984644637443461423e+00
6.937172062616156154e+01 6.341761907944406573e+01 7.054019371806963257e-01 2.449070235542628871e-01 1.712108866800718090e+02 1.623795057002484610e+00 5.447083877323718681e+00 -9.992650601533542565e-01 1.207939517234999149e+00 1.412939996839203127e+00 3.990657799593732680e+00
7.041254948488750642e+01 6.274621211002181553e+01 6.821083915592626168e-01 3.023092990501290989e-01 2.783497603197027388e+02 1.593506983197883642e+00 5.243069470147374567e+00 -9.524164784888882185e-01 1.258370608260208190e+00 1.147439925372676361e+00 3.988682972981554720e+00
6.949903521840026599e+01 6.325451558395722884e+01 6.312777207981099536e-01 3.414611806378213821e-01 2.285207579552194659e+02 1.678095677725671031e+00 4.696354390189988237e+00 -1.079701175829133275e+00 1.829448083281971060e+00 1.434417961871214064e+00 3.984936465944010742e+00
7.186834132459532043e+01 6.124380791287390480e+01 6.425172604864541892e-01 2.576422519602897809e-01 2.287952656209460542e+02 1.555936560343287089e+00 5.373842768320160168e+00 -9.503381334616485265e-01 1.237884623544919238e+00 1.162079308775053388e+00 3.990055174740283483e+00
7.017137004069783757e+01 6.273944777168943432e+01 6.263385919565703785e-01 3.255747826148754909e-01 2.558831534615900125e+02 1.584289107060839807e+00 4.949305137047519842e+00 -9.779709600911996592e-01 1.645943689999299631e+00 1.294014512549334084e+00 3.986018219004653584e+00
6.930774504021816540e+01 6.379193298862557526e+01 6.108554494098864529e-01 3.780917243230230707e-01 2.421944177694137466e+02 1.622412096901284739e+00 5.227768259022018249e+00 -9.509008783706220935e-01 1.377700142710199360e+00 1.168812569435853099e+00 3.988527621510661980e+00
7.179664959594771290e+01 6.068669848190123162e+01 5.355833020323765847e-01 3.184082990146119285e-01 3.319970986195408500e+02 1.664486175290611492e+00 4.559890453407430932e+00 -9.597230245534259518e-01 1.915399177168267242e+00 1.727391747776633624e+00 3.983289252191290597e+00
7.000335129680628654e+01 6.295357471447477593e+01 6.911688381175196128e-01 2.464599543772148793e-01 2.150045934173132878e+02 1.558573733557384156e+00 4.856634963685157125e+00 -9.965544743107308534e-01 1.757342507455049496e+00 1.239978802327373897e+00 3.985408833306297804e+00
6.997525688361825758e+01 6.294772984905024771e+01 5.610020642814995684e-01 3.353210924325659703e-01 2.916932311606358894e+02 1.658171175728138547e+00 4.907749701532254427e+00 -1.003973128340847731e+00 1.588021061384387700e+00 1.335600769531888998e+00 3.985765648410892315e+00
7.083485391147765142e+01 6.231136612976127509e+01 5.570412748330592079e-01 3.304673442374056469e-01 2.441187788716628688e+02 1.595332850382946033e+00 4.494772969308498567e+00 -9.141671694461762643e-01 2.057994914979771384e+00 1.176356298557975855e+00 3.982596910530020295e+00
7.237263585229153762e+01 6.001305263156705649e+01 4.054099658463329314e-01 3.506010897689243455e-01 1.812000738343527360e+02 1.624246402761019725e+00 4.189963825906055206e+00 -8.717930479716743397e-01 2.367936742745875733e+00 1.762446302473204218e+00 3.981151044795332439e+00
6.914196594037680654e+01 6.339021261559768305e+01 5.405719661837311563e-01 3.025403386061153999e-01 2.279108080224045239e+02 1.625607319069123591e+00 5.086979825232223362e+00 -1.008196928308393137e+00 1.472659127215097730e+00 1.559657773072336440e+00 3.987395125494175740e+00
7.213693148502227359e+01 6.104327341611220703e+01 7.196098670982887802e-01 2.813797426866155305e-01 2.850240673955502189e+02 1.678303849034707085e+00 4.678317639243156023e+00 -9.549970336702028328e-01 1.817762981911649867e+00 1.217586575076781363e+00 3.983920050221666287e+00
6.990127946767131562e+01 6.280121714749675021e+01 6.320685322127418404e-01 2.721136485632811852e-01 2.095098722097052928e+02 1.568092442232168704e+00 4.592363630952857712e+00 -9.621397032135472482e-01 1.992789955033521521e+00 1.424045245665094050e+00 3.983467231489639104e+00
7.056928011484710339e+01 6.281922410890141606e+01 6.800481686577496410e-01 3.345163537878534377e-01 2.642330976519037904e+02 1.572330834941654265e+00 4.699950508548959682e+00 -9.541291496040654740e-01 1.838363786562294599e+00 9.174113945095051514e-01 3.984093849857055503e+00
7.051464353934100870e+01 6.218811127809868111e+01 5.978469918024409413e-01 3.326004716610420631e-01 1.684212768179472732e+02 1.610673893910634202e+00 4.174687323954429097e+00 -8.506401117714652571e-01 2.392537871713066977e+00 1.483616582078640000e+00 3.981069778790138347e+00
7.171565493282514581e+01 6.140233195401641808e+01 7.279782690074656504e-01 2.636120805692289126e-01 2.015466218841234252e+02 1.633963618050418676e+00 5.193898974134238955e+00 -1.034480539760646023e+00 1.418538089139220970e+00 1.203260945871702736e+00 3.988207290721887510e+00
7.152968041231387986e+01 6.134387867502285729e+01 5.225660361625386052e-01 4.326819760388349589e-01 2.638133377867345075e+02 1.622441115233839826e+00 4.649457170022529340e+00 -9.611562714013011099e-01 1.916363008918555488e+00 1.356098668468768587e+00 3.983817917097184580e+00
7.135154659072550487e+01 6.148862887463776161e+01 5.333292003713374640e-01 3.362443843369158913e-01 2.159400356425968255e+02 1.585500826188939394e+00 4.642639650210678148e+00 -9.595614902645810407e-01 1.952560724725135310e+00 1.351258223517221913e+00 3.983747579455480636e+00
7.045178892101095869e+01 6.228256022300470818e+01 6.089904574793709724e-01 3.074919936238817986e-01 2.837713039130111383e+02 1.626312556124570596e+00 5.248242781773224230e+00 -9.642594027214018704e-01 1.301815441353886493e+00 1.451077165451754247e+00 3.988800821294161469e+00
6.852143319057148574e+01 6.449661038595102980e+01 7.084132673143386238e-01 2.880530039723288582e-01 2.488750241081774561e+02 1.558162896972877132e+00 4.693458059847082531e+00 -9.619967752423661533e-01 1.880285678859512810e+00 1.187042198731264042e+00 3.984107157742505567e+00
6.975182449393979311e+01 6.326004978252013444e+01 7.058919178004400274e-01 3.162633840990666800e-01 3.119634866185759847e+02 1.652649055413825119e+00 4.828532136686387588e+00 -9.654952954402938881e-01 1.636129611827065622e+00 1.265968521927909762e+00 3.985096346659659616e+00
7.095578530201730416e+01 6.203783230119262981e+01 5.650987752845485490e-01 3.743612941551757722e-01 2.841016511470279511e+02 1.702721837117303849e+00 5.029138807914305787e+00 -9.621494364944783717e-01 1.515381415471901860e+00 1.342279270317526141e+00 3.986666665950969080e+00
6.930601384441908408e+01 6.341937621100635880e+01 6.057156158600923712e-01 3.542658393394367278e-01 2.355803574570180956e+02 1.617188662138025146e+00 5.088582538005344880e+00 -1.009085732962862192e+00 1.519368407421637368e+00 1.443530333948139566e+00 3.987273546996469076e+00
7.196937575940496856e+01 6.116755658651007366e+01 4.957807426393066597e-01 3.801274909616963460e-01 2.411337152466905707e+02 1.563973613938956619e+00 4.351359195300362970e+00 -8.965383727194685681e-01 2.204417319819244714e+00 1.064068385114970150e+00 3.981829526199781810e+00
6.841602172189408293e+01 6.428884638063617274e+01 5.117413784453488379e-01 3.028869628330561614e-01 2.829376596391902581e+02 1.564488015389698727e+00 4.588963041605315318e+00 -9.764730917851552894e-01 1.897088618022993556e+00 1.321925089104813988e+00 3.983599893255243440e+00
7.002382769867959666e+01 6.281863362486721769e+01 6.589578690376336478e-01 2.388093496148085970e-01 2.363083607106371744e+02 1.562927595183145391e+00 4.904118754564835925e+00 -9.699552599339357206e-01 1.688101638055972353e+00 1.289246186303559361e+00 3.985662544619463343e+00
7.009339493133091992e+01 6.290841300319576845e+01 6.876111789842357380e-01 3.243621386717596700e-01 1.826088997745824543e+02 1.623603591107890987e+00 4.379188252314114571e+00 -9.118507168747442826e-01 2.218116107037618967e+00 1.337365230815104500e+00 3.982058064730640279e+00
6.981373866093485958e+01 6.360925064206276147e+01 7.264742218382814753e-01 3.282791387667653438e-01 2.329755396264196179e+02 1.637680973502245507e+00 5.328345471772366615e+00 -9.750210560344036992e-01 1.251781196828579468e+00 9.330985491983979641e-01 3.989544887489645753e+00
7.191969818563607930e+01 6.125555199867739731e+01 5.102755671480203592e-01 4.260096145039358184e-01 2.560474950880623055e+02 1.711591673848774864e+00 4.809234535833789792e+00 -1.002864487185818332e+00 1.761838296551293981e+00 1.214854692573789086e+00 3.985053009588537698e+00
7.129043845834621607e+01 6.178164768043031785e+01 6.590226497681908047e-01 3.056596122566810902e-01 2.088559835930969086e+02 1.625935233367561628e+00 5.501043203112518043e+00 -8.960436492351818716e-01 1.144168007879432070e+00 1.218759471447438791e+00 3.991704526386480989e+00
6.942756434151577594e+01 6.362684420697127052e+01 7.353343449563402023e-01 2.620015521148205129e-01 2.840672900351939916e+02 1.613132483130613748e+00 4.655645192581479463e+00 -9.705913288054062171e-01 1.867164712773009771e+00 1.285834486243032648e+00 3.983774591163474099e+00
7.145495994488061342e+01 6.148965975203363143e+01 6.726845540921756461e-01 3.130238470390329653e-01 2.588134686945459180e+02 1.658144880596414961e+00 4.262888279307427197e+00 -8.797769256539401672e-01 2.264208692048887528e+00 1.402946889322558066e+00 3.981440998897192163e+00
7.049513125325874796e+01 6.221420544645692274e+01 6.192987178583536645e-01 3.240303198241792915e-01 2.653270725934630718e+02 1.672954346812574933e+00 5.056300532480937804e+00 -1.012845477600936794e+00 1.496904855307990001e+00 1.495706925942711152e+00 3.986993003197585761e+00
6.968631166161836177e+01 6.320960494637903793e+01 5.851797734226104053e-01 3.553230808189837275e-01 2.688762214819302017e+02 1.661155785077573777e+00 4.635570030620234760e+00 -9.951676442508435860e-01 1.907049260930472556e+00 1.396718144128884953e+00 3.983882325657611467e+00
7.114603226922741896e+01 6.144639868937719029e+01 5.014426769773099313e-01 3.445237732845490286e-01 2.781479023140971663e+02 1.648072060670969341e+00 5.115013238435818899e+00 -9.884708056031472623e-01 1.448831643647707113e+00 1.564245217021137835e+00 3.987511561386658521e+00
7.287907877906179976e+01 5.966936888412131879e+01 5.320067476438632426e-01 3.875269666851253181e-01 2.101244430231732849e+02 1.700539508784164822e+00 4.760629154931815599e+00 -1.112966055515710595e+00 1.829320698206360563e+00 1.682486175130785799e+00 3.985490626747270948e+00
7.215369192466695836e+01 6.062559332357157871e+01 5.274857610914784889e-01 3.313834738465014085e-01 2.345865760181604003e+02 1.647175434064484634e+00 4.737464210064180392e+00 -9.745546448834387920e-01 1.843405307728851694e+00 1.437849555824443071e+00 3.984404441618389026e+00
6.974173615200338361e+01 6.316678526887179146e+01 6.510828927734848559e-01 3.224748098630518256e-01 1.791569136435033158e+02 1.592728957692042258e+00 4.307105012148316092e+00 -9.291236080203614245e-01 2.261911893532924100e+00 1.338324275441643785e+00 3.981906221942323576e+00
7.131955824470813354e+01 6.170135179972169936e+01 6.091173787385533167e-01 2.862741070002208787e-01 2.068171156012657832e+02 1.589646005454095068e+00 5.456807270690699596e+00 -9.013628072664809920e-01 1.187477137629957324e+00 1.267420134726904957e+00 3.991121623065635227e+00
7.269533659049929497e+01 5.996004116155229724e+01 5.742898934657275634e-01 3.247740706014667911e-01 2.456706492040041496e+02 1.645069011100970702e+00 4.204204801880127462e+00 -8.477494510735209543e-01 2.308993146336481228e+00 1.616542277513869585e+00 3.981035312742025045e+00
6.925437548318849679e+01 6.349129879839075841e+01 5.159545646895492554e-01 3.460897773775841180e-01 2.773205387404142357e+02 1.667096936066766233e+00 4.686627928667505216e+00 -9.913348956103535947e-01 1.853626597154524935e+00 1.478620428931438857e+00 3.984152489305811340e+00
7.286499115623425382e+01 6.004499880734965700e+01 5.818776989821710099e-01 3.168039049430702025e-01 2.478310988247208115e+02 1.631791080633177904e+00 5.049326110029120684e+00 -9.731021036990260553e-01 1.542629404247721325e+00 1.372415119110306225e+00 3.986930423811898994e+00
6.847458904193584317e+01 6.457320828630969345e+01 7.681597877313058875e-01 2.772523152841896987e-01 2.585540542661906898e+02 1.649676458067302898e+00 5.083667554802192790e+00 -9.964399522542041199e-01 1.425116425862335667e+00 1.244287103589703847e+00 3.987151014176828046e+00
7.148791969293061754e+01 6.136821390152507405e+01 4.787259715131527704e-01 4.049506983519038372e-01 2.389166483373989536e+02 1.630647531439306075e+00 4.315796113154626745e+00 -9.306620010212829364e-01 2.232469585950683566e+00 1.372729782729948944e+00 3.982034611136280766e+00
7.171657363051552636e+01 6.082675122934897161e+01 3.749244966668616175e-01 4.128763415577199614e-01 2.406547470638113850e+02 1.700093333635153803e+00 5.238369764811801943e+00 -1.010912746938065654e+00 1.360061671413828055e+00 1.594439107248166287e+00 3.988579140438029746e+00
7.110766839420050189e+01 6.154867326176326969e+01 4.997725291923490465e-01 2.999839261085284203e-01 2.115638422219020356e+02 1.560243678110191601e+00 4.612984441401766667e+00 -9.543938206774928990e-01 1.974661573190857888e+00 1.455566610809978290e+00 3.983509400446649362e+00
6.973781037509357361e+01 6.316074680782374884e+01 6.572840014115045593e-01 2.834849688004084101e-01 2.841307504710075591e+02 1.590532178424386656e+00 4.762573634634288844e+00 -1.008616274456100470e+00 1.760414604283547790e+00 1.276093982636402835e+00 3.984749455893953574e+00
6.814264465813658944e+01 6.486135984337985860e+01 6.679097609300266303e-01 3.747256098946635805e-01 3.173595940833016584e+02 1.704531789452425894e+00 4.707953193815859194e+00 -1.034809856998440081e+00 1.771780260881163027e+00 1.318198040670818472e+00 3.984592153977784879e+00
7.182494760106972365e+01 6.075555999661063566e+01 4.959807067288087290e-01 3.469476573146930698e-01 2.299902448151680687e+02 1.609418770373701291e+00 4.471408736192055144e+00 -9.681621266989288710e-01 2.095081270512544336e+00 1.613789655867445827e+00 3.982831634628099415e+00
7.033410813192311650e+01 6.238984314080195759e+01 7.359763897145019662e-01 2.416239912411824176e-01 2.813187274937269535e+02 1.636235701722441371e+00 4.765049532585288183e+00 -1.002161462746009812e+00 1.766161785719041921e+00 1.536891654748978153e+00 3.984761990258170794e+00
7.128152311338007507e+01 6.173522908686184962e+01 6.681593010292425916e-01 2.711720167539324322e-01 1.768791356868723881e+02 1.573690245367945550e+00 4.363794343735925452e+00 -9.255325285393909418e-01 2.230390876618360441e+00 1.244966053900033565e+00 3.982107163787895310e+00
6.929983259910520133e+01 6.361099546483470846e+01 5.853214673901209197e-01 3.569051057346658284e-01 2.820983564349709241e+02 1.672933658416461578e+00 5.136436755097940399e+00 -9.879822027981077781e-01 1.399073552865999437e+00 1.307105356778043959e+00 3.987737386088654468e+00
7.045297797102186621e+01 6.230446583102207825e+01 7.026158723817915730e-01 2.598932333611287948e-01 2.375841431630876457e+02 1.641011888845266720e+00 5.533191366770012998e+00 -9.012203674292537103e-01 1.065031349731764942e+00 1.461685956833023603e+00 3.992091139728866533e+00
6.860144173686300917e+01 6.436111006526169831e+01 6.067847071267289394e-01 3.786293210015860278e-01 2.426452627297243794e+02 1.668728020224060193e+00 4.522357624061981163e+00 -9.377833944434044167e-01 2.030258641976182332e+00 1.357383101000032344e+00 3.982833718318676830e+00
7.171565493282514581e+01 6.140233195401641808e+01 7.279782690074656504e-01 2.636120805692289126e-01 2.015466218841234252e+02 1.633963618050418676e+00 5.193898974134238955e+00 -1.034480539760646023e+00 1.418538089139220970e+00 1.203260945871702736e+00 3.988207290721887510e+00
7.185312147231347524e+01 6.118410735722561355e+01 6.187047939360191817e-01 3.109098018182487322e-01 1.978218643963878378e+02 1.636953209021149380e+00 4.459888654602409019e+00 -9.668892609446995134e-01 2.120948869744772924e+00 1.301162169240802635e+00 3.982774122253784466e+00
7.231508925459412751e+01 6.070823318441921401e+01 5.525158795321835070e-01 3.446376504999605905e-01 2.729462118350580226e+02 1.655795770933659261e+00 5.019671797766228849e+00 -9.903373186617723256e-01 1.534512519878776793e+00 1.278136296087370782e+00 3.986619326191374935e+00
7.131209649147051266e+01 6.142502747916908845e+01 4.921325104157021624e-01 3.868867186324633223e-01 2.397339937355320671e+02 1.626557013711220856e+00 4.428804542654166454e+00 -9.302616561388072913e-01 2.114170700883152065e+00 1.429388833214871646e+00 3.982401583925382571e+00
7.130396091987073248e+01 6.160745879489805787e+01 7.623224452158567921e-01 2.639926701197595205e-01 2.497787163600113445e+02 1.660043264024464227e+00 4.324278094341843293e+00 -8.870048272622225172e-01 2.203089632097630979e+00 1.486918065586720017e+00 3.981736701045306415e+00
6.750482677663003983e+01 6.571794305427027894e+01 8.090397920990297642e-01 3.249166692937344725e-01 2.779907747687011010e+02 1.609504187781962248e+00 4.868782878792226931e+00 -9.842289633647126612e-01 1.684179997852500499e+00 1.113081118156621585e+00 3.985409301241444435e+00
7.105872375952110076e+01 6.184880956054167456e+01 6.236204490185913718e-01 3.194652971297756161e-01 2.489688671044075932e+02 1.644379074620155423e+00 4.878682189619036436e+00 -9.645299246644795099e-01 1.727797958688214841e+00 1.396165771202383610e+00 3.985367345929738292e+00
7.027872578845610008e+01 6.270363665919455798e+01 6.857683107477801077e-01 3.259717553318265404e-01 3.036062455572943009e+02 1.633236284158249507e+00 5.075216822543407780e+00 -9.794373928047400701e-01 1.468784731507466690e+00 1.309351925595076738e+00 3.987165522573896226e+00
7.130621121683935826e+01 6.172400840198664440e+01 6.447184185265874001e-01 3.310873443212238865e-01 2.777866420763675137e+02 1.699920685980202739e+00 4.959387773629842400e+00 -1.005337559194278585e+00 1.600284705338516078e+00 1.326308187220954782e+00 3.986225499615163592e+00
7.259406193288806719e+01 6.027029878326430890e+01 5.141485661663784956e-01 3.157310000543868678e-01 2.579390267449903718e+02 1.582792788380987803e+00 4.848113610333319556e+00 -9.901825782458647529e-01 1.702735855467077508e+00 1.343830553577821441e+00 3.985258307941487388e+00
6.883492110795559427e+01 6.377375155213756130e+01 5.663367064038068444e-01 3.126568250902689305e-01 2.824377787789066474e+02 1.551834173822706164e+00 5.105583020437476804e+00 -9.772013045298588718e-01 1.431500763124311071e+00 1.497930182684870326e+00 3.987395305770101928e+00
6.976709243794674364e+01 6.335684703484066205e+01 6.101200908476356322e-01 2.964936491354238091e-01 2.532345751558736708e+02 1.594820178023469648e+00 4.856193237177910405e+00 -9.891491659308329076e-01 1.702252635972513639e+00 1.144607463239674550e+00 3.985401182750625715e+00
7.151151408776917151e+01 6.105507672892725424e+01 5.187317222499749914e-01 3.467346817881158949e-01 1.469203173033313874e+02 1.618126789655623066e+00 4.269344723240678263e+00 -8.988414665595600983e-01 2.336392738666948965e+00 1.607755952272590827e+00 3.981616743177371021e+00
7.128547111589959684e+01 6.166630577235685706e+01 5.797454943254732873e-01 3.448754373992700684e-01 2.652545356066246427e+02 1.626303791520510300e+00 4.686088281000760247e+00 -1.000930952731587054e+00 1.861624571153580598e+00 1.293689772285023576e+00 3.984277659390370374e+00
7.094202188889920535e+01 6.185751413536017651e+01 6.513464824160075661e-01 2.543818959990522544e-01 2.572918995159461701e+02 1.593665928179054614e+00 4.891827777212210293e+00 -9.828188958576817846e-01 1.680710331699647897e+00 1.427121894275254821e+00 3.985552813874037703e+00
6.921277145415278653e+01 6.390297967940404078e+01 7.440509640280777992e-01 2.799740813489359215e-01 2.923733235303656102e+02 1.586624263025276704e+00 5.114885104104930136e+00 -9.764284574813896223e-01 1.392262262581654308e+00 1.125475926371216850e+00 3.987500427778075451e+00
6.884363903412591412e+01 6.381123859137042587e+01 6.447543628439619257e-01 2.325733675367750442e-01 2.605361415876185447e+02 1.556687358443410218e+00 4.854667894983813348e+00 -9.648626559874436959e-01 1.728727380146343862e+00 1.448585123126586272e+00 3.985273237661160817e+00
7.290126779272368651e+01 6.022618247184998097e+01 5.796104702732270963e-01 3.143641938660944879e-01 2.190836873342941544e+02 1.656713253220273740e+00 5.421650964947878570e+00 -9.323346047755691757e-01 1.195974073248542879e+00 1.226941604863081459e+00 3.990647115282857982e+00
7.088548987403633816e+01 6.202120023332607701e+01 5.011316576792477218e-01 4.214507266337753078e-01 2.346506604523098929e+02 1.666775589567317306e+00 4.733098563572990969e+00 -1.030846013739771916e+00 1.827800923730490856e+00 1.299575308670148033e+00 3.984703817717176300e+00
6.862726640784080701e+01 6.462034173319024433e+01 6.805405334418641594e-01 3.043781306558137612e-01 2.572494728821494050e+02 1.600963454368881766e+00 4.673930877000383788e+00 -9.748570337840998246e-01 1.854596681367898015e+00 1.069666717569025982e+00 3.984047107639360874e+00
6.952573036462449352e+01 6.322754254564414822e+01 6.955423175237837041e-01 2.326342352964024252e-01 2.390121721698018007e+02 1.578061625506731236e+00 5.146157160426935384e+00 -9.846774838347153169e-01 1.415375709253597014e+00 1.429546146117420147e+00 3.987779432023317305e+00
6.977508657920225232e+01 6.327890604347393122e+01 6.338272123844383987e-01 3.469350196256547059e-01 2.778377484131486881e+02 1.637387993098120331e+00 4.881813087385893368e+00 -9.712329186411533533e-01 1.669351817266163218e+00 1.200028623199549171e+00 3.985487065181407829e+00
7.034131816942141313e+01 6.264550920984618188e+01 5.852569033218003591e-01 3.516680528530494731e-01 2.621224192149193186e+02 1.642759211781874784e+00 5.046181246609410920e+00 -1.009649567626328626e+00 1.491267199132638721e+00 1.232229110023298047e+00 3.986947565253367465e+00
6.963348169699926871e+01 6.335534798972629034e+01 6.696267050935545972e-01 3.349481761270639568e-01 2.034076440372980130e+02 1.618253487341255070e+00 4.298795945126448359e+00 -8.534454946004830234e-01 2.263387887025824163e+00 1.294080419182728869e+00 3.981417558092652520e+00
7.243278470206615793e+01 6.018832489306906552e+01 4.969540724705079349e-01 3.160387400588604012e-01 2.102395929950318703e+02 1.698570921540513146e+00 5.505422021715762781e+00 -1.009317237652884947e+00 1.091394266097054144e+00 1.557795246362700947e+00 3.991193513459556197e+00
7.083547321173487887e+01 6.206121801890783729e+01 6.033046673094591972e-01 3.165638779513143541e-01 2.170904607903601118e+02 1.666409278873931532e+00 5.569031194986682642e+00 -8.839192619790148253e-01 1.070833783028262154e+00 1.344010367516580651e+00 3.992485645899405799e+00
7.243999262046419574e+01 6.037076107736892538e+01 6.314043909999693671e-01 2.512585474157864041e-01 2.846395006079899872e+02 1.672221853669294767e+00 5.031461718927742410e+00 -1.009069484140459716e+00 1.473447281771720130e+00 1.451687481159818160e+00 3.986815864646968244e+00
7.291651612939004679e+01 5.996709176394742258e+01 4.402620955715829676e-01 4.020836759901822988e-01 2.468767277507730853e+02 1.667921953036309635e+00 5.278215084838668858e+00 -9.930551827293917500e-01 1.309899384453927729e+00 1.314478392321338340e+00 3.989041471255828863e+00
7.141892628789629782e+01 6.134812867346487764e+01 6.736757196901236311e-01 2.233521235796129267e-01 3.013329389869399506e+02 1.539903591328081189e+00 4.811549200404914295e+00 -9.813658031533100123e-01 1.742548325391755970e+00 1.364184156131327263e+00 3.985073071095521779e+00
7.048594374859649747e+01 6.223430107919598697e+01 4.889316353582509600e-01 2.889156310055664423e-01 2.364100525774555308e+02 1.594370628121672073e+00 5.279043429971152612e+00 -1.003271657746283019e+00 1.314720985867962266e+00 1.425649787631273258e+00 3.988929358342223619e+00
7.187020354867763672e+01 6.098574697708382075e+01 7.185867126185250253e-01 2.204768300295115169e-01 3.040574945894084635e+02 1.586550424019707917e+00 4.806031101348399837e+00 -9.628625840566117366e-01 1.721755256339037476e+00 1.413237227047787536e+00 3.984885573128419622e+00
7.223014393493325258e+01 6.093827412344452199e+01 5.446096850331836325e-01 3.166237954116693509e-01 2.343358541300002571e+02 1.629252590805018164e+00 4.844815590429925933e+00 -1.003979394824884075e+00 1.725283286856434284e+00 1.110961514507346592e+00 3.985330038053475299e+00
7.227906455621472048e+01 6.083695813559738497e+01 6.601039842215566944e-01 2.504842726129102859e-01 2.456515324246244063e+02 1.595877369532417323e+00 5.248633401032600787e+00 -9.602983194420237067e-01 1.329123926334853101e+00 1.192860795450885192e+00 3.988783954860182668e+00
6.929459346225041827e+01 6.346498346464068874e+01 6.675653329525864654e-01 2.593108792141488594e-01 2.549928500389425778e+02 1.669547603690665127e+00 5.006880578779894897e+00 -1.017571705615392563e+00 1.552039420943968739e+00 1.521373734531771049e+00 3.986513921292233587e+00
7.257103591888912320e+01 6.028031302858335039e+01 5.561181412142076619e-01 2.802875300204847875e-01 2.567399748114601152e+02 1.629250396937255374e+00 4.849907519824809832e+00 -9.848321030848599111e-01 1.701138982729817339e+00 1.362939242246557159e+00 3.985330103757484643e+00
7.062002212967857417e+01 6.248302195061511810e+01 7.390473803809431974e-01 2.711487527701579858e-01 2.162269362856636690e+02 1.626875994287353633e+00 5.468628533944647430e+00 -9.331824224592394357e-01 1.156567182741149891e+00 1.251469320735612900e+00 3.991046660768804433e+00
7.045383376253512608e+01 6.252202184221301451e+01 6.577481135153940839e-01 2.306506971872631651e-01 3.443680930092714334e+02 1.532515935579947586e+00 4.700258687935285451e+00 -9.522625605853954900e-01 1.786369141409363426e+00 1.236294274257554893e+00 3.984064726015300373e+00
6.971704736254775980e+01 6.332131932453212642e+01 5.695072301602379650e-01 3.629941248866933035e-01 2.305814463566905772e+02 1.672820718178071209e+00 4.998036844576650317e+00 -1.060789956520568067e+00 1.569575873139041233e+00 1.295580559746895455e+00 3.986711883032806547e+00
7.186834132459532043e+01 6.124380791287390480e+01 6.425172604864541892e-01 2.576422519602897809e-01 2.287952656209460542e+02 1.555936560343287089e+00 5.373842768320160168e+00 -9.503381334616485265e-01 1.237884623544919238e+00 1.162079308775053388e+00 3.990055174740283483e+00
6.795563614388125018e+01 6.525119603776637689e+01 6.923397435822091772e-01 2.979814339044046245e-01 2.668853105132617429e+02 1.590928427677221535e+00 4.716059510530099530e+00 -9.784818040088748559e-01 1.801781821687379770e+00 1.086620712333402405e+00 3.984315920721790416e+00
7.046963410853820164e+01 6.255423339352179823e+01 5.910336588373990008e-01 3.334082279353151601e-01 2.398799735394471213e+02 1.577512641171377572e+00 5.340054015563981515e+00 -9.318544706705844671e-01 1.273318845822915213e+00 1.201799447487015060e+00 3.989804493153412235e+00
7.183579262542068022e+01 6.097208534023496895e+01 5.971570448992644664e-01 2.850548730926524277e-01 2.778665639273025931e+02 1.652448051435139842e+00 4.581547333199593730e+00 -9.667797234738829681e-01 1.948605021887972022e+00 1.544779263027336258e+00 3.983383002939270057e+00
6.830796965819136801e+01 6.478485452310961534e+01 7.133022454649505795e-01 2.600871593605965093e-01 2.774326487145291935e+02 1.540444043839069410e+00 4.657874867589056223e+00 -9.737853229914713582e-01 1.879567097355080652e+00 1.136569728501394705e+00 3.983810223810217543e+00
7.190000469446808040e+01 6.101807083703840107e+01 5.432097714151383760e-01 3.251064285610574256e-01 2.080043231843982312e+02 1.626596639400947231e+00 5.242417483907153120e+00 -9.831020623554918014e-01 1.386172345731794708e+00 1.297312033337109982e+00 3.988645297546838719e+00
7.126307779936762188e+01 6.161969909778329679e+01 7.369828431235256883e-01 2.228843151528095423e-01 2.021581730829152548e+02 1.575722946828801652e+00 4.390116376593659275e+00 -9.161890575606896903e-01 2.178986719316313714e+00 1.265258405106305162e+00 3.982225797253526434e+00
7.044362894075925396e+01 6.240920086225125374e+01 5.072429008122019134e-01 3.314722323175862684e-01 2.000644260809095556e+02 1.579802137354497260e+00 5.453604033107782634e+00 -9.309925457097998347e-01 1.207827085344457929e+00 1.261737010260567393e+00 3.991029914844769877e+00
7.221363263389815756e+01 6.051923005527274313e+01 4.996508964241234696e-01 3.207719914776214765e-01 2.862618198495749766e+02 1.638595342771287822e+00 4.855115968734906140e+00 -1.015204059269809944e+00 1.658524115361898144e+00 1.474456614827737155e+00 3.985482935696023521e+00
7.030090557627124781e+01 6.267728567553979246e+01 6.594161871929461460e-01 3.245158454080949162e-01 2.487209800438824630e+02 1.627211083120246204e+00 4.258260750971851749e+00 -8.825363474486207505e-01 2.257544855980305520e+00 1.282588313812740743e+00 3.981472031503025644e+00
7.178567454164753769e+01 6.112672414534912235e+01 7.163493315009868967e-01 2.802952227871370883e-01 1.906817148835856415e+02 1.607096917952297588e+00 4.324319147361242344e+00 -8.746087411840873793e-01 2.260575340175725145e+00 1.409008922226027138e+00 3.981598649348564667e+00
7.086784574873408360e+01 6.203193669902159257e+01 6.811205738308485635e-01 2.675482167850118387e-01 2.899606746155761243e+02 1.648850474624654172e+00 4.776762309544301921e+00 -1.023653619249808910e+00 1.719551594806849160e+00 1.399144598049177457e+00 3.984960172609108398e+00
7.177816604758875485e+01 6.107773826235582249e+01 5.920196050133096355e-01 3.263256162926679305e-01 2.784417389729608203e+02 1.648291901212074695e+00 4.643239122287716292e+00 -9.728029802073068222e-01 1.889722500779483338e+00 1.370687970548501333e+00 3.983852215192936530e+00
7.040235558773339619e+01 6.249143647221578135e+01 4.739882936374286149e-01 3.816826154371749102e-01 2.470940778922536651e+02 1.618096339970155118e+00 4.545689524744889631e+00 -9.983963403812502468e-01 1.994942064324419784e+00 1.305805667410282256e+00 3.983382690167617923e+00
7.024442311647570136e+01 6.266426988458081127e+01 6.027557876143687654e-01 3.171565542288122264e-01 2.250309753880517860e+02 1.624713595592521820e+00 5.326022564744134158e+00 -9.966450140693094983e-01 1.273403301259747655e+00 1.295628275673554652e+00 3.989426603814228312e+00
7.092312987597942708e+01 6.206927198187800343e+01 6.586849876932930892e-01 2.340152557873414751e-01 2.324522514855053146e+02 1.621175171016270067e+00 5.469101308518949267e+00 -9.244042612870602138e-01 1.139123129608810236e+00 1.258620131008640675e+00 3.991193622234910698e+00
7.245030864041927998e+01 6.048201839121925616e+01 6.783477664897389348e-01 2.883603007143761277e-01 2.545368310421996512e+02 1.631665143082099423e+00 5.198833449598366130e+00 -9.957806577582758445e-01 1.367215039993851411e+00 1.304848469312242409e+00 3.988265575944468733e+00
6.991660812942625114e+01 6.319865579985597748e+01 7.397571906182143220e-01 2.798468035130681208e-01 2.440841913865660331e+02 1.626848122668237195e+00 5.187079695860094652e+00 -9.577750048815948380e-01 1.411459667054832279e+00 1.216930422214689056e+00 3.988185069785796344e+00
6.953377753468419087e+01 6.322908542894430894e+01 5.707845865148725162e-01 3.395088411591571931e-01 2.232463775833222712e+02 1.647977469302256415e+00 5.069520537690068274e+00 -1.002969466906499463e+00 1.529988840206328637e+00 1.448568120531997128e+00 3.987092546838721940e+00
7.025987577361121339e+01 6.268636167581979635e+01 6.333384125185900215e-01 3.290169703751771868e-01 2.920515568766605270e+02 1.669338293283019192e+00 5.102968062463013155e+00 -9.752234808446539338e-01 1.426975422986570763e+00 1.290616453065873026e+00 3.987452461656918246e+00
6.946661678697822140e+01 6.344091445000025686e+01 6.769583875200011480e-01 3.196357108519576329e-01 2.773484026042535220e+02 1.624352489702626023e+00 5.326417494009452192e+00 -9.467902723988482760e-01 1.208092325419567237e+00 1.350991430324291587e+00 3.989534384365778230e+00
7.059714884304429461e+01 6.203625364437088052e+01 4.886685492412188858e-01 3.411873666703555963e-01 2.814491520248558345e+02 1.637120987038032327e+00 4.817860910132763408e+00 -9.732134261584628465e-01 1.706826067438423689e+00 1.544180513019007162e+00 3.984998292388518770e+00
7.080337549204672598e+01 6.206913389709907136e+01 7.302571016182315411e-01 2.689519472071058570e-01 3.169263845928608134e+02 1.616900806359465870e+00 4.744996349774421418e+00 -9.804064550443292170e-01 1.759195106809927411e+00 1.404609878688115598e+00 3.984497177892873054e+00
7.242923501931767305e+01 6.056197961676549824e+01 7.385872636654029488e-01 1.720786007528527783e-01 2.405115205663260554e+02 1.563261298055022230e+00 4.826777969118807299e+00 -9.532011004698057732e-01 1.749625178403731107e+00 1.308717660094256496e+00 3.985023997184685030e+00
7.202306060039818192e+01 6.092748548029588562e+01 5.930204560833803873e-01 3.237615979411260780e-01 1.944607224012823110e+02 1.602568186709752096e+00 4.416225425471608901e+00 -9.159898424094988778e-01 2.174735509928304111e+00 1.355821779411456873e+00 3.982308043779100526e+00
6.947512266582995721e+01 6.326790653754284932e+01 5.973059229389433566e-01 3.178761892200328010e-01 2.627834440557645621e+02 1.602208555311065430e+00 5.028589732104427945e+00 -9.819934507689946912e-01 1.533917650268350030e+00 1.393108181311578431e+00 3.986707667995055271e+00
7.122950266360820137e+01 6.164169496651692270e+01 5.557880070164292752e-01 3.341493451795642944e-01 2.672912060330456825e+02 1.628497947264691659e+00 5.364092521091623489e+00 -9.384945472464567562e-01 1.203823429478542373e+00 1.354724152975719464e+00 3.989985967938729505e+00
7.044207989981441642e+01 6.257523090343258332e+01 6.779186603281365242e-01 2.945447438626826453e-01 2.916849396060015351e+02 1.657769048925868516e+00 4.718865537312017189e+00 -1.010953120910196512e+00 1.760054545050963482e+00 1.275495048104848150e+00 3.984529373353030923e+00
7.064831459172087591e+01 6.251673045928461647e+01 6.944154743317854095e-01 2.779930889199718758e-01 3.082180413494893969e+02 1.571178788221586187e+00 4.703303800242760069e+00 -9.601917262629720007e-01 1.795873173002053846e+00 1.153807771216623701e+00 3.984173455054237145e+00
7.012437713800521522e+01 6.283630751621269184e+01 5.858345991854189139e-01 2.848154860151350665e-01 2.312466362729560672e+02 1.636798137680268272e+00 5.434037129708150893e+00 -9.568366277594134717e-01 1.138686775072668134e+00 1.248561967999118449e+00 3.990663040923675187e+00
6.933615110141879256e+01 6.356315215456580603e+01 5.599442370765038701e-01 3.026604716389752481e-01 2.621201052633637687e+02 1.622927060805081423e+00 5.113471343157205418e+00 -9.714290178716561419e-01 1.460273153551959968e+00 1.309552277189104164e+00 3.987520219728507342e+00
7.205625018795082326e+01 6.051889668420007951e+01 5.667192713585054165e-01 2.669120743964555342e-01 3.250844708868211228e+02 1.677461454252657358e+00 4.580082895820267730e+00 -9.623473334155635550e-01 1.883793754669340181e+00 1.567369986368211565e+00 3.983436595063840180e+00
6.915676120273722915e+01 6.383305465807676882e+01 6.908847596142212444e-01 3.356499305152155221e-01 1.978453672049465695e+02 1.573188557805163867e+00 4.412245989404445012e+00 -9.025535141351979096e-01 2.191546980652258725e+00 1.216536929320300109e+00 3.982245206005449845e+00
7.102782770243456412e+01 6.201375777196614791e+01 6.013573015062605442e-01 3.161760980771088914e-01 2.402462030402035964e+02 1.638808538124314262e+00 4.941207052345705009e+00 -9.955217376281225716e-01 1.636844001155539852e+00 1.246257072206775396e+00 3.986038877757035692e+00
7.002665592505714187e+01 6.266754814035837029e+01 5.079564073979764283e-01 3.401302184269509588e-01 2.502707127105108214e+02 1.634587967456688551e+00 4.652290706839584011e+00 -1.057134397885860722e+00 1.870845713453759052e+00 1.421271379712095495e+00 3.984431817617354987e+00
6.901661462609801845e+01 6.393700759034357617e+01 6.433420755506193967e-01 3.592521112892074209e-01 2.480607671896403019e+02 1.606688663952166030e+00 4.873069574699294471e+00 -9.721398002899859225e-01 1.719668084886872172e+00 1.303599216557818741e+00 3.985351815561592126e+00
7.283298380185856047e+01 6.001239199143829950e+01 4.497651351656736796e-01 4.136624742460660031e-01 2.593030784548149086e+02 1.649222675834477903e+00 4.473669315940278501e+00 -9.610368332191524532e-01 2.075468566628047462e+00 1.403527027781110270e+00 3.982821346659093376e+00
6.953407702356042819e+01 6.351554016952709247e+01 6.762667361707730418e-01 2.627832838507462299e-01 2.411821494600686151e+02 1.583660321883311628e+00 5.031259807335918488e+00 -9.764907961557689475e-01 1.531202176261770243e+00 1.165353751184305064e+00 3.986753579777241541e+00
7.069161299750848571e+01 6.241061697668145314e+01 6.613904712527881591e-01 2.889228733465714627e-01 2.734530550863208873e+02 1.653499151439514092e+00 5.228904316059738377e+00 -9.758690188568093227e-01 1.284744946821003486e+00 1.229913345486298493e+00 3.988608318953336784e+00
7.143698680520832056e+01 6.126140261283342880e+01 6.233959570492209057e-01 3.078468760609155974e-01 2.757096256925020157e+02 1.618575839739694322e+00 5.066221338985352318e+00 -9.865346473328151511e-01 1.479635617136527692e+00 1.511972059781023336e+00 3.987040080667582753e+00
6.995017241351742143e+01 6.301983552884497186e+01 7.098400525496043612e-01 2.659231663730707296e-01 2.755161640883868586e+02 1.605291817386350850e+00 5.142407701703809231e+00 -9.998698260600795695e-01 1.405092096413081748e+00 1.261878492189617562e+00 3.987728383800347665e+00
7.108026969132959039e+01 6.192453338932940454e+01 7.024843084200287358e-01 2.196673778915755881e-01 2.794572085023128238e+02 1.607363147900753741e+00 4.476362131000223954e+00 -9.275710328542901006e-01 2.018723736288837944e+00 1.272991774466937231e+00 3.982698465757201767e+00
7.155328609118970462e+01 6.126116154245898571e+01 6.190450830008640271e-01 2.918098621723503872e-01 2.494132854738045921e+02 1.641613933676391301e+00 4.489046399042812219e+00 -9.151131434525017205e-01 2.053923437099065552e+00 1.489183686493215752e+00 3.982613962824684606e+00
7.037126032169875600e+01 6.266828317130273263e+01 6.723807236245539221e-01 2.933096711409178825e-01 2.686695506167227450e+02 1.591993836871762769e+00 5.040345269296880204e+00 -9.788332612249516229e-01 1.496227977322117209e+00 1.197959572904475856e+00 3.986819467248925442e+00
6.958397339776809076e+01 6.341903848223707740e+01 6.837776973600849795e-01 3.560515367251293473e-01 2.079151538500390188e+02 1.664276072340068025e+00 4.339580824000136339e+00 -9.213058555493585100e-01 2.217455797812612150e+00 1.393800438947602416e+00 3.981943446767021388e+00
7.103379665023008727e+01 6.154531245948743390e+01 5.518843572097335004e-01 3.671497561971940882e-01 2.002312020964750161e+02 1.635696821784979438e+00 4.257825645502817835e+00 -8.783724132310387622e-01 2.304814227437819607e+00 1.650549402218283834e+00 3.981371039120827238e+00
7.116730007089827836e+01 6.175672262151294234e+01 5.782845700920444809e-01 3.737220642805182957e-01 2.428903804714334171e+02 1.662345577724633872e+00 5.402391595688910364e+00 -9.468261774956193699e-01 1.191883971720608226e+00 1.268664654085186694e+00 3.990409871973081390e+00
7.239828023745684504e+01 6.049910376187234817e+01 4.995076547167897063e-01 3.371442158095565578e-01 2.950858193252934143e+02 1.648712887587584941e+00 4.749341001161027087e+00 -9.750667270672397358e-01 1.782423921603456529e+00 1.372018743219428405e+00 3.984525975490979199e+00
7.094283639850952738e+01 6.204229354068431235e+01 6.719098835632736355e-01 2.689992190238387759e-01 2.629142461703214622e+02 1.617186963694803747e+00 4.951676371838684254e+00 -9.904498612637121502e-01 1.608117148689185871e+00 1.335199981850307971e+00 3.986078838732610929e+00
7.070913633262424014e+01 6.239835920524853918e+01 7.327265511816551946e-01 2.828750033390129981e-01 2.795631198449021326e+02 1.634069916076301032e+00 4.568534666394890031e+00 -9.769043306937313931e-01 1.921776606992211089e+00 1.223297895416219472e+00 3.983460859863805492e+00
7.020187306949496531e+01 6.281739704177329031e+01 6.856095339921601806e-01 2.679314835157103891e-01 2.663924437656997384e+02 1.619438001377945247e+00 5.237072103216850572e+00 -9.745616198326754187e-01 1.297264548342138113e+00 1.288653695644457642e+00 3.988688951292321594e+00
6.942455852247127268e+01 6.340753172337497290e+01 6.433814619892426201e-01 3.028414795945953419e-01 2.634112176112628276e+02 1.588600172723067860e+00 5.415883250185641096e+00 -9.263648726068953732e-01 1.130253524968909407e+00 1.339846141450955486e+00 3.990689830306694219e+00
7.083774774582676059e+01 6.212383130185158109e+01 5.997112967831974562e-01 3.102422013936003697e-01 2.260696849197291272e+02 1.607576199721090005e+00 5.011293579766886275e+00 -9.950871932194773617e-01 1.575749791174145154e+00 1.307911990715735939e+00 3.986660850385601584e+00
7.340682536825258353e+01 5.943006018700670268e+01 5.219652567506585239e-01 4.301216735719468054e-01 4.070986769301879917e+02 1.785496835380739444e+00 4.822688246299565051e+00 -9.978165961327050137e-01 1.661817496557107754e+00 1.472505614740864832e+00 3.985149347091651695e+00
6.992804835039240174e+01 6.317356856089280370e+01 5.972164326275175572e-01 3.439743627362332190e-01 2.260828408518559627e+02 1.617069908104993736e+00 5.466937648163040286e+00 -9.012116600070742001e-01 1.176317163971329238e+00 1.150206555142055720e+00 3.991269172091338024e+00
7.151879699577867200e+01 6.112028661895842419e+01 5.857788031526350858e-01 3.239441671764369812e-01 2.253121326159003104e+02 1.732297743770381260e+00 5.335864391963188069e+00 -1.057834210597996094e+00 1.256287420809237609e+00 1.580746741306519709e+00 3.989533294557510601e+00
7.165623832535905535e+01 6.155756789776673088e+01 6.554464218072970638e-01 2.857217449137080534e-01 2.950496257129074138e+02 1.577207576251618226e+00 5.101407305217882993e+00 -9.830505748475778516e-01 1.430944897223714873e+00 1.072845134740290307e+00 3.987386653270379444e+00
7.414372931765467456e+01 5.885034450012319240e+01 5.125028825846051905e-01 3.395676963742439991e-01 2.617617473781434683e+02 1.672268462127298294e+00 5.303810804614521146e+00 -9.777038323433515643e-01 1.251732586432872552e+00 1.319190733872817267e+00 3.989294053921150329e+00
6.960764306725117478e+01 6.328217839668464961e+01 6.527523417842572284e-01 2.974177452368091390e-01 2.448073719801641630e+02 1.621221004628969009e+00 4.984974975059993874e+00 -1.020954784347499533e+00 1.575748014636070282e+00 1.388306382360253943e+00 3.986432354356722829e+00
6.997057483120485699e+01 6.288744961416900026e+01 6.831474684909215611e-01 2.552307854746693749e-01 2.571025655834357622e+02 1.534520767358165338e+00 5.272575060334014019e+00 -9.583293384866471420e-01 1.296724088360740268e+00 1.317289559609528204e+00 3.989055954882565924e+00
7.451720320493205918e+01 5.833213026778010146e+01 4.389412232827086813e-01 3.879108430597561497e-01 2.348193036026407299e+02 1.636870147265319542e+00 4.499939647380470475e+00 -9.213461697614150347e-01 2.077786582840626117e+00 1.422529525253083627e+00 3.982672542758127321e+00
6.888150351460076593e+01 6.399324172331806437e+01 6.499845649388025226e-01 2.650496887869103202e-01 2.352128846697960398e+02 1.557711488571261071e+00 5.076315546751129837e+00 -9.896351799677003402e-01 1.500842227006389029e+00 1.289512340627942955e+00 3.987148093888474243e+00
6.914567005009654110e+01 6.378544078593958488e+01 6.962677774374417261e-01 2.698355562651434947e-01 2.725013796535092752e+02 1.560998093677852472e+00 4.442964067807128714e+00 -9.387423618598624842e-01 2.054523610352925189e+00 1.237175800264460834e+00 3.982463015592687672e+00
7.131955824470813354e+01 6.170135179972169936e+01 6.091173787385533167e-01 2.862741070002208787e-01 2.068171156012657832e+02 1.589646005454095068e+00 5.456807270690699596e+00 -9.013628072664809920e-01 1.187477137629957324e+00 1.267420134726904957e+00 3.991121623065635227e+00
6.875719847194069700e+01 6.410449211928300883e+01 6.847726073122460955e-01 2.954988395372137311e-01 2.608799643512675743e+02 1.632486528220784994e+00 5.308709877130652899e+00 -9.368878310963417722e-01 1.222209195276475313e+00 1.373581407350865868e+00 3.989441953751575731e+00
7.114669325146057588e+01 6.198212004694548938e+01 7.327716607295586826e-01 2.843271090475236185e-01 2.404848876549057763e+02 1.678912925145960022e+00 5.093885485194373786e+00 -9.821758739188521936e-01 1.443118805538602167e+00 1.217119733230500600e+00 3.987243616975870708e+00
7.135055060925320447e+01 6.185569472989297424e+01 6.763074099138945972e-01 2.960720138530956169e-01 3.052403054092307002e+02 1.612972753661738423e+00 5.245680557949434331e+00 -9.547536329265565724e-01 1.240484065689485771e+00 1.138375935805174377e+00 3.988749882991170725e+00
6.974152297121959521e+01 6.335143021952366382e+01 6.740901455139879372e-01 2.871192938954677532e-01 2.404003212483370362e+02 1.598813220982476579e+00 5.361191671680000326e+00 -9.423743322781817922e-01 1.222680008861769307e+00 1.148702045249117676e+00 3.989926845053131110e+00
7.018973512941158788e+01 6.266098277645426862e+01 6.313040920715820015e-01 3.623417617585633632e-01 2.468060923466385930e+02 1.687144814632692391e+00 4.510569006719117979e+00 -9.575488225358926853e-01 2.047797208728599383e+00 1.439232800938825330e+00 3.983005765792544839e+00
7.062583521200718906e+01 6.257625304597596028e+01 6.430956643750264101e-01 2.837760019182516968e-01 3.056046797818428331e+02 1.681182625081076853e+00 4.746084159523147328e+00 -9.915206552414790320e-01 1.732801648084321577e+00 1.199660402748305321e+00 3.984629938218266165e+00
7.036525803928917355e+01 6.259280139426549283e+01 6.318043552012690967e-01 2.824800103898270076e-01 2.966896755638380796e+02 1.661989119939701220e+00 5.127605588166236572e+00 -9.955658281270131083e-01 1.393054916212985050e+00 1.320598164256223228e+00 3.987568577832513839e+00
6.968819749748594461e+01 6.341757145772869109e+01 6.762005245130767728e-01 3.357557448981145498e-01 2.598793042460719676e+02 1.646714954836747458e+00 5.117129050441037386e+00 -9.979606570379080388e-01 1.439137291257087892e+00 1.220282832402808326e+00 3.987536851341444866e+00
7.187797425590724743e+01 6.068914536274862570e+01 5.453365735228440370e-01 2.775058347550291571e-01 2.690497994199018308e+02 1.555640168464386131e+00 4.774599903914758414e+00 -9.754539650566814712e-01 1.767771837302142046e+00 1.494945217093913703e+00 3.984748433987439498e+00
6.923144145462728716e+01 6.380756239962965992e+01 6.686456593029204143e-01 2.744473431817349152e-01 2.966491466454735928e+02 1.569611074583703303e+00 4.501553220723584658e+00 -9.348794997756385561e-01 1.979034885076479178e+00 1.130661282406215218e+00 3.982827017682693427e+00
7.116412199544427608e+01 6.178740376630250353e+01 6.659860768022269895e-01 2.840425258106167306e-01 2.247710752572810122e+02 1.652194004222410140e+00 5.114876198347637626e+00 -1.036886932840183295e+00 1.471548763252815917e+00 1.345734287204502166e+00 3.987566735577375621e+00
6.893735866243594046e+01 6.404681633296200971e+01 7.572415514529062808e-01 2.934315220151726966e-01 2.404619277695559560e+02 1.589539636490963748e+00 4.831347189004609355e+00 -9.740140460946263845e-01 1.768941085886894804e+00 1.223261347993280790e+00 3.985179665205156319e+00
7.120599926000687674e+01 6.169412878843650816e+01 6.127486756777026367e-01 3.148500837876785918e-01 2.462324937430103375e+02 1.641681458746915734e+00 5.248200636221680426e+00 -9.667731458201949124e-01 1.324384292479739544e+00 1.323778263968807156e+00 3.988758546480210221e+00
7.292375656386279559e+01 5.991213566568809767e+01 6.652990860794234518e-01 2.420806503523842690e-01 2.898649770845585181e+02 1.637647954780842685e+00 4.364754359107735127e+00 -9.241673871184727940e-01 2.152853559572944775e+00 1.450416850902945365e+00 3.982088511094611594e+00
6.901308492381856752e+01 6.376988551660659255e+01 6.656479293724095747e-01 3.235924804674991107e-01 2.359635921704040129e+02 1.663807426094864317e+00 5.030349573289662146e+00 -1.028104276953534679e+00 1.520882060137679348e+00 1.485571369502911798e+00 3.986783744171537691e+00
7.091673213632806494e+01 6.211385855854835825e+01 6.449081429254389652e-01 2.797793610512367413e-01 2.312480820683215654e+02 1.576198810956077168e+00 4.700401626736589122e+00 -9.846788691479615441e-01 1.876522696023483983e+00 1.201707236405854085e+00 3.984240631023398649e+00
7.022931775195831960e+01 6.232818859978039683e+01 5.206255196157489884e-01 3.080811795427393918e-01 2.747800987094842071e+02 1.655571041473379301e+00 4.840283446794725997e+00 -9.775473746400619168e-01 1.692980440231998340e+00 1.608881475556334095e+00 3.985231217825143446e+00
7.200255887365345586e+01 6.068827262038872306e+01 5.365566913599176813e-01 3.497275596974419032e-01 2.635502539032377172e+02 1.678389319985837069e+00 4.807923763795034056e+00 -1.013392757215826778e+00 1.748038468240268983e+00 1.529565821208219267e+00 3.985112494650435710e+00
7.162399173127664653e+01 6.132941907891931521e+01 5.737620072577126473e-01 3.527801375632683700e-01 2.778542673478403913e+02 1.645633553628748080e+00 5.309787623434871762e+00 -9.318938899121109731e-01 1.217533538929688630e+00 1.270057189732463954e+00 3.989444626792320037e+00
7.012760973630615524e+01 6.255845472083995418e+01 6.752881835847683867e-01 2.479027532858643357e-01 1.889206515670010447e+02 1.682805201975637432e+00 5.462316230004738316e+00 -1.008049498342823425e+00 1.136783829602579621e+00 1.533214084488868423e+00 3.990732960187130196e+00
6.881148075460043856e+01 6.367671917736682730e+01 6.273461235145353365e-01 2.410050880120527261e-01 2.467730377261186447e+02 1.592011592714120516e+00 4.873015653223297328e+00 -9.801805033532214884e-01 1.683449480968321366e+00 1.525008179533418495e+00 3.985618464669276939e+00
7.085012177067092409e+01 6.177774437886964876e+01 5.966192365846395562e-01 3.028069089171197548e-01 3.165555619504905849e+02 1.656845940965891106e+00 4.551176216516719997e+00 -9.855698439954981849e-01 1.928043421363831778e+00 1.500794625320615472e+00 3.983475166385892940e+00
7.062311030104449117e+01 6.264544499933469979e+01 7.338768280668526156e-01 2.455588456239788941e-01 2.522460733614157391e+02 1.541093406487722639e+00 5.233738997618091027e+00 -9.707078521540258853e-01 1.321246119934903929e+00 1.062435383000558620e+00 3.988637654713591107e+00
7.094084001005980156e+01 6.176084688449629567e+01 5.724918030530437019e-01 2.851084059057469311e-01 3.093381621341083019e+02 1.599702087778398507e+00 4.801738860133452746e+00 -1.022130151311551716e+00 1.698234903588275335e+00 1.455606377639572013e+00 3.985073170918359775e+00
7.063653727447550068e+01 6.217993304540402733e+01 5.772938623602127395e-01 3.017018744945023645e-01 2.241269231112774776e+02 1.666572803443078232e+00 5.149709412584676294e+00 -1.108885743144439662e+00 1.422255559658517576e+00 1.389956538858587498e+00 3.987914689944554336e+00
6.987496348398688895e+01 6.310724654817405366e+01 6.024429000629784037e-01 3.151168938217598914e-01 2.455242780440863442e+02 1.609029167926508297e+00 5.380994574558886079e+00 -9.134778349642576067e-01 1.215032682215666515e+00 1.222887715914901641e+00 3.990289309795022721e+00
7.061665819579802417e+01 6.204002977541584585e+01 5.863163834318019241e-01 3.502548783035569491e-01 2.260139536731189480e+02 1.646508598864362627e+00 5.205330460079202304e+00 -9.517747217955712102e-01 1.411052085029610215e+00 1.580779962362394819e+00 3.988319240835465074e+00
7.048557117612647005e+01 6.211009912804513533e+01 4.670577216192784431e-01 3.699989655429868907e-01 2.453396093913495122e+02 1.589285899251671408e+00 5.210004842758504395e+00 -9.756729364577346741e-01 1.379411711469862301e+00 1.479905768215778794e+00 3.988386386091768543e+00
7.076454730699367701e+01 6.197399528001565017e+01 4.929271249537559574e-01 3.348972132505318999e-01 2.276768286440961049e+02 1.597008278632627398e+00 4.225471391980224922e+00 -8.400201837094738444e-01 2.312843537999345500e+00 1.409182968032397065e+00 3.981050176966346665e+00
7.137557744766228041e+01 6.161301408413532243e+01 6.025727008193623169e-01 3.019436463288064365e-01 2.176802208611572951e+02 1.648120237378857489e+00 5.442653356041956769e+00 -9.632476024932488112e-01 1.179903949593518409e+00 1.326122422672403767e+00 3.990688779451464718e+00
7.066171074765384219e+01 6.222686620932116597e+01 5.416049596119170140e-01 3.085496206652430518e-01 2.444196283975649351e+02 1.598626965978549030e+00 5.240862199493882656e+00 -9.708663632673163457e-01 1.356214230059245685e+00 1.284247357039494331e+00 3.988757528210314263e+00
7.099112682354272863e+01 6.181057635248991033e+01 6.068382208425848745e-01 3.258172874614307379e-01 2.230516276673565415e+02 1.607667875594204210e+00 4.356792896116320257e+00 -9.065713412810909588e-01 2.202044095610902197e+00 1.384148250892089704e+00 3.982059035658470414e+00
7.297411787191545329e+01 5.974603526645766038e+01 5.126430250633225993e-01 3.773036351805509891e-01 2.094493317375311108e+02 1.648756159138832000e+00 5.177053952505936252e+00 -9.882947954401124502e-01 1.468273818094980365e+00 1.467502031250911942e+00 3.988063548565900174e+00
7.244779472546419186e+01 6.075179474975281124e+01 5.281035951737470535e-01 3.485130929463066130e-01 2.736142195077947008e+02 1.686840920145470601e+00 5.124475845678137631e+00 -9.924912812231921899e-01 1.434355483599952130e+00 1.119791656884083997e+00 3.987624313062128945e+00
7.044479182937587325e+01 6.225580174734555072e+01 5.208113101122986421e-01 3.433127103889463960e-01 2.097798622143095599e+02 1.558998817685642857e+00 5.068838330829359862e+00 -9.835894632288953998e-01 1.553721739867043983e+00 1.369392925910335457e+00 3.987152418077130722e+00
7.025551502314822017e+01 6.276092291405706902e+01 6.048037757295329220e-01 3.521928510390283651e-01 2.511968926689101522e+02 1.653345810742872457e+00 5.326164150034071731e+00 -9.681164691939138089e-01 1.255259806243510745e+00 1.237199890147148373e+00 3.989568870319633032e+00
7.166934180438948943e+01 6.113441098629573389e+01 5.836683762919087082e-01 3.625051891470645882e-01 2.127632504182122659e+02 1.750587985009462999e+00 5.279575381412286994e+00 -1.079869428886717220e+00 1.341956656709963891e+00 1.452266206560281159e+00 3.989014392202080206e+00
6.829214191549611712e+01 6.494811795182828007e+01 8.230925888396624091e-01 2.371281771987862885e-01 2.092764034727538842e+02 1.564354086254799103e+00 4.553269945431524413e+00 -9.479816299213946751e-01 2.016774009197205952e+00 1.059829182113088963e+00 3.983194329822651536e+00
6.917928582215262168e+01 6.382996348663766639e+01 6.356760145147463126e-01 3.325668229281921184e-01 2.403911827784031345e+02 1.611376202696127358e+00 4.408036630351051421e+00 -9.368014022749591163e-01 2.138714921688442683e+00 1.245698485708345959e+00 3.982361586828011557e+00
6.981200553049815483e+01 6.332152065785700756e+01 6.959152476911985019e-01 2.977948863140447155e-01 3.240278846759559315e+02 1.599376433259316554e+00 5.022429520627078148e+00 -9.523280625955518053e-01 1.514566483692382892e+00 1.171566778113270368e+00 3.986637735228348856e+00
7.091999045057758622e+01 6.237137021114401136e+01 6.845798796284019438e-01 3.638090454867601298e-01 1.553109695392769822e+02 1.638342754925615097e+00 4.193911059866066715e+00 -8.739023061536285164e-01 2.394081038663747663e+00 1.193086164340419586e+00 3.981192025520597699e+00
6.864818625177936440e+01 6.431949778154172748e+01 8.186587072473485716e-01 2.606054791657876346e-01 2.433778468884477491e+02 1.638910491209211173e+00 5.296723259895458114e+00 -9.680086279315484044e-01 1.255404304145963268e+00 1.305705545639070930e+00 3.989250897111674909e+00
7.275446502086954581e+01 6.040507478927166574e+01 6.521179055449796147e-01 2.796604246443960551e-01 2.453971514883594409e+02 1.631682852828381547e+00 5.058546234719477397e+00 -9.741421560786719391e-01 1.523118922259018460e+00 1.208436077411102927e+00 3.986975609785930352e+00
7.094683311300016726e+01 6.196284208308562569e+01 5.871158432976364416e-01 3.235123231374019692e-01 2.316453204017022358e+02 1.671985312725336570e+00 5.574726029917603576e+00 -8.663566443557108032e-01 1.035335402675491068e+00 1.365872223838692445e+00 3.992728519180111846e+00
7.238772336591623002e+01 6.052201184337567241e+01 5.895225272417428108e-01 3.995545065369470183e-01 2.090843873463261673e+02 1.692151203822804373e+00 4.861626736792398873e+00 -1.073758718803891510e+00 1.751705063644147797e+00 1.458398287718484232e+00 3.985840004940861991e+00
6.876844264141466567e+01 6.416830024099769503e+01 6.632362565316742842e-01 2.096832975761585838e-01 2.077286993545736493e+02 1.529669467057477084e+00 5.027519618829035863e+00 -9.947682668350982249e-01 1.579416908449760459e+00 1.213460547774423359e+00 3.986719674997351692e+00
7.103892478351527018e+01 6.204750380018673894e+01 6.940142680721460566e-01 2.484343037958477718e-01 3.035647487094687449e+02 1.567218374066816855e+00 4.829399469117013233e+00 -9.934329970058465298e-01 1.641712304984701998e+00 1.185625684501060206e+00 3.985169136667441769e+00
7.161255548931782755e+01 6.162161142505102873e+01 5.384057192378208789e-01 3.168625095316208728e-01 2.213372837679564782e+02 1.589425434159930539e+00 4.957381625070159004e+00 -9.771807739197796439e-01 1.654660676531098717e+00 1.154512563152752858e+00 3.986040210712996856e+00
7.082571739835387348e+01 6.216573384424611959e+01 6.184119263783047771e-01 3.275712882150981220e-01 2.875580253807626150e+02 1.650766844381298171e+00 4.543954256426007809e+00 -1.000389695490278452e+00 1.953527410222895888e+00 1.277568494932879162e+00 3.983466904452767299e+00
7.107360414993188158e+01 6.145424088773705051e+01 5.914814883822449021e-01 3.000195054009697215e-01 2.612894988977781168e+02 1.634607611523021475e+00 5.136506840675085783e+00 -9.718474793311893123e-01 1.424211474473578320e+00 1.621685898946127580e+00 3.987654885082351441e+00
7.075174843080419862e+01 6.240726912290745076e+01 7.370466809820667153e-01 2.207181299597712476e-01 2.467918179725888308e+02 1.588976031152377510e+00 5.080697417417599837e+00 -9.603031862683067965e-01 1.489158710708870625e+00 1.139392870319060114e+00 3.987272907261773192e+00
6.765272512014750816e+01 6.504022162957588193e+01 6.242308076199871714e-01 3.278122799223118222e-01 2.780107228606997865e+02 1.624040458701144551e+00 4.558824483888924917e+00 -9.575337344431081865e-01 1.938580577514528835e+00 1.456094581180287229e+00 3.983281814187267234e+00
7.165623832535905535e+01 6.155756789776673088e+01 6.554464218072970638e-01 2.857217449137080534e-01 2.950496257129074138e+02 1.577207576251618226e+00 5.101407305217882993e+00 -9.830505748475778516e-01 1.430944897223714873e+00 1.072845134740290307e+00 3.987386653270379444e+00
7.077679327003686183e+01 6.160479855169934638e+01 4.466012573429583021e-01 3.964820011904361952e-01 2.367869399388514182e+02 1.660138675588966883e+00 4.845147257843856359e+00 -1.016281645984250304e+00 1.746412735270600258e+00 1.690669900206938969e+00 3.985455760594655672e+00
6.732837108941934900e+01 6.586298085587412743e+01 7.022301888780769774e-01 2.795196528284772941e-01 2.473164011812250180e+02 1.560373123793705963e+00 4.497673502653714017e+00 -9.498988477661446383e-01 2.025311988554461706e+00 1.079350483044665632e+00 3.982797683717077319e+00
7.099116135289219187e+01 6.187887077995736007e+01 5.691790665519745884e-01 3.366462422158554846e-01 2.890021095413160879e+02 1.626869691058719036e+00 4.622412061426182994e+00 -9.811046784403343324e-01 1.895433532722574865e+00 1.360685250340457175e+00 3.983698376094791715e+00
7.089406193716054361e+01 6.182822847451697612e+01 4.635020696946898777e-01 3.341784695166806207e-01 2.960168383219117914e+02 1.646946993548375593e+00 5.064004915661763917e+00 -9.728803337660021366e-01 1.456045546265314794e+00 1.470999259376423840e+00 3.987042820723076364e+00
7.083149949569676096e+01 6.195129958693438965e+01 5.054960565188905131e-01 3.948842569191073348e-01 1.387531313777388675e+02 1.628925339037485376e+00 4.184063672278734991e+00 -8.573611999735472056e-01 2.421263913243199006e+00 1.520153444036893786e+00 3.981044129052575098e+00
7.056795825588544346e+01 6.257886536368368269e+01 6.226999615811467104e-01 3.221254320292877837e-01 2.756077147860659124e+02 1.640022859898409680e+00 5.401864973193367447e+00 -9.130093114451075520e-01 1.125171536835526620e+00 1.153591851281437819e+00 3.990492759244548271e+00
6.888033056326538883e+01 6.438842823067206211e+01 7.798469848876791177e-01 2.687046762930559440e-01 2.743283391244818290e+02 1.588630226402246493e+00 4.968095691385168600e+00 -1.005855195574553829e+00 1.563002094877991910e+00 1.022460497654096745e+00 3.986264223440047605e+00
7.002364045159963268e+01 6.309570131042111285e+01 6.102713233078245203e-01 3.385536601743606711e-01 2.355849014578028857e+02 1.607343545431602738e+00 5.157150795753334016e+00 -9.762009489893451741e-01 1.434090539661361685e+00 1.140707244739866955e+00 3.987875271715315861e+00
7.174268105364004100e+01 6.102793736966295768e+01 5.130213778400342095e-01 3.635351327780024233e-01 2.142893188007660967e+02 1.689540803631320864e+00 5.239894650239990348e+00 -1.003151901350002095e+00 1.395590119166870036e+00 1.491304376300508050e+00 3.988646915083741362e+00
7.302277826025733987e+01 5.992949099448023986e+01 5.730410006130950418e-01 2.817565702779292192e-01 2.501692840294597033e+02 1.630847521309421566e+00 5.050927213090168344e+00 -1.034566359172709893e+00 1.493943827844901096e+00 1.335118638390728973e+00 3.987004678425566162e+00
7.154613344082910942e+01 6.093441283500397532e+01 4.489276836667461801e-01 4.010406474316999259e-01 2.343876503242986473e+02 1.710052860069809499e+00 4.921854903843334128e+00 -1.066495186725958222e+00 1.673441891669400494e+00 1.776385370379208961e+00 3.986068564388918212e+00
7.030302645646706594e+01 6.268823415871261773e+01 6.522311832330326409e-01 3.054387164256770482e-01 2.479610705786557219e+02 1.605375986372320263e+00 5.247639051202476423e+00 -9.621481343966841182e-01 1.348070770421225362e+00 1.268930354082819623e+00 3.988811845264617517e+00
7.094143872531333272e+01 6.195658927342510935e+01 5.691004545776676693e-01 2.790560153583074299e-01 3.232468413559077476e+02 1.580267794124800895e+00 4.685134103412693207e+00 -9.541738535510770891e-01 1.811783813317648040e+00 1.280165820936104204e+00 3.983993428101659351e+00
7.010660716790107472e+01 6.312675103712022207e+01 7.348857585297333683e-01 3.294647702918809817e-01 2.086627528649769090e+02 1.629634154473351249e+00 4.862334722632440709e+00 -9.935097301756550259e-01 1.717897944300088797e+00 1.109558795213895666e+00 3.985385456557823947e+00
7.188488304707945531e+01 6.114308524373364406e+01 6.927783104590781171e-01 2.513185059209694372e-01 2.644903846374850787e+02 1.583677465745510160e+00 4.581034243219237467e+00 -9.810468742307970613e-01 1.946042519057492148e+00 1.267548891814022527e+00 3.983542196144337133e+00
6.879913533413581206e+01 6.407830466788425383e+01 7.288215065132529480e-01 2.636678906174227954e-01 2.346459718488837041e+02 1.622136679396281700e+00 5.314720600410870688e+00 -1.028657339462530462e+00 1.244244439227811805e+00 1.258034610760779826e+00 3.989413445531095004e+00
6.869930183504575893e+01 6.447041281200856133e+01 7.171427141590132059e-01 3.171519930217051586e-01 2.814693480898686744e+02 1.604622356566128616e+00 4.538005209686144958e+00 -9.624258387705085793e-01 1.952921484303615562e+00 1.151935611497868051e+00 3.983143545826807408e+00
7.105035986764309541e+01 6.185439857562425203e+01 6.685064004735848942e-01 2.732830919193387498e-01 2.541462754029772952e+02 1.597880879359270478e+00 5.079151655924936115e+00 -9.687334419597085633e-01 1.483522293711289963e+00 1.347901237982737088e+00 3.987153713080602735e+00
7.069116860404380986e+01 6.198392430968039690e+01 5.903967579887138273e-01 3.646065791577046689e-01 2.707472394699198617e+02 1.680355378743742634e+00 4.600642942246306433e+00 -9.637374421032952609e-01 1.944518077647486631e+00 1.603334320956078418e+00 3.983461260140377380e+00
7.100584243915933769e+01 6.190149905333389313e+01 5.968353919188870149e-01 2.807383312752272930e-01 2.752449622076848073e+02 1.551751269479314743e+00 5.248815270264976185e+00 -9.758699700344268813e-01 1.298878181743614135e+00 1.248306010715271031e+00 3.988766512681799714e+00
6.958397339776809076e+01 6.341903848223707740e+01 6.837776973600849795e-01 3.560515367251293473e-01 2.079151538500390188e+02 1.664276072340068025e+00 4.339580824000136339e+00 -9.213058555493585100e-01 2.217455797812612150e+00 1.393800438947602416e+00 3.981943446767021388e+00
7.238795040241943468e+01 6.053632916401667785e+01 7.976050421554981007e-01 1.036041332668075771e-01 2.432033036075776238e+02 1.609624644038190944e+00 4.887652918705848393e+00 -1.014502231421975376e+00 1.693753578257337411e+00 1.456508891963827601e+00 3.985729413846239577e+00
7.020973600394418668e+01 6.268932789799933403e+01 7.224906702588020924e-01 2.036625640658015490e-01 2.257993029233997788e+02 1.571273224824627945e+00 4.557931289104138806e+00 -9.739091361445645356e-01 2.018052501162049595e+00 1.304592314515154561e+00 3.983318966695907903e+00
7.234172132011946132e+01 6.058926261804098345e+01 6.566377657559425707e-01 2.811307008824192044e-01 2.430308980716889096e+02 1.598111669932358314e+00 5.133154202851997638e+00 -9.888632620758366354e-01 1.439237914794709416e+00 1.256022011697990104e+00 3.987730825913266219e+00
7.060853881806730215e+01 6.209940655106712626e+01 6.631456579028391918e-01 3.087816534087893250e-01 2.258938623690928011e+02 1.650481659151453062e+00 5.099048184795861083e+00 -1.013963625846612704e+00 1.511059247606844291e+00 1.565612592495931876e+00 3.987416684439383019e+00
7.141892628789629782e+01 6.134812867346487764e+01 6.736757196901236311e-01 2.233521235796129267e-01 3.013329389869399506e+02 1.539903591328081189e+00 4.811549200404914295e+00 -9.813658031533100123e-01 1.742548325391755970e+00 1.364184156131327263e+00 3.985073071095521779e+00
7.020325137605468058e+01 6.277777336740092551e+01 5.537122471590849582e-01 3.960687654247023737e-01 2.537111862637839863e+02 1.657064873558345308e+00 5.067193235344854330e+00 -9.869653690255552059e-01 1.498619113022849891e+00 1.270534446614382640e+00 3.987114456812887120e+00
7.031593525611910422e+01 6.274987468619579545e+01 6.524026693385409637e-01 2.944915165678612667e-01 2.664193635262249700e+02 1.633768310930450829e+00 5.383774661776754122e+00 -9.304703810374603812e-01 1.188515482657018119e+00 1.187495816626687573e+00 3.990311169119937773e+00
6.888063049340213695e+01 6.382416507459916488e+01 7.396596806467357066e-01 2.708858522857604534e-01 2.153055878779204591e+02 1.627374553796906209e+00 5.330968844589325073e+00 -9.766704918860287243e-01 1.269033600632361702e+00 1.478065304970053839e+00 3.989563570446121865e+00
7.293441936530305725e+01 6.000506421234521071e+01 4.782285712899128627e-01 3.785822417598775913e-01 2.720011791098974641e+02 1.655188617030006970e+00 4.763779781792358392e+00 -1.008492883402160034e+00 1.787100956200530000e+00 1.362450831107414606e+00 3.984774167136603040e+00
6.815121789042417788e+01 6.467673938250011645e+01 6.665342319298663831e-01 3.246163310332368934e-01 2.401661521519316125e+02 1.634321350606799950e+00 4.844746367374043849e+00 -1.004121454877108910e+00 1.741554791498482579e+00 1.397592917373818189e+00 3.985363811230180797e+00
6.938637261156900138e+01 6.332794882396526503e+01 6.365596139740031800e-01 2.952261920271802009e-01 2.883587683502356072e+02 1.659928254692256022e+00 4.457578295565245874e+00 -9.397725750863661354e-01 2.043131884524425956e+00 1.476329350463055912e+00 3.982616759894084257e+00
7.133858705794489197e+01 6.143927799933160117e+01 5.662255076005199284e-01 3.875111377281810210e-01 2.963382783083779941e+02 1.761311378977288289e+00 5.150544855497574126e+00 -1.020437793918808067e+00 1.364049847365928381e+00 1.455880368434940619e+00 3.987822909568108809e+00
7.064823357336098297e+01 6.252853863186329164e+01 7.545212002031982390e-01 2.913527032473451905e-01 3.057181456675183995e+02 1.664893257053426945e+00 5.043895573917585473e+00 -9.934879782624151945e-01 1.486196202527499510e+00 1.183084262112842566e+00 3.986955780767942770e+00
7.185182322858972270e+01 6.073336492716956769e+01 5.052142722674671793e-01 3.482264130997177465e-01 2.381768492748452672e+02 1.620159699453661339e+00 4.670596871180645593e+00 -9.999381243234364280e-01 1.910365267722930804e+00 1.570313661772756664e+00 3.984177504880574094e+00
7.203778726289085910e+01 6.100504797191586448e+01 7.175547767281001965e-01 1.949592561004280800e-01 2.336452362172007042e+02 1.587362687917264203e+00 4.680034047250658524e+00 -9.737318592418328089e-01 1.887815308733255870e+00 1.280498667567285365e+00 3.984065122458644304e+00
6.887339549507061065e+01 6.389668335427489154e+01 7.252778167881970273e-01 2.771374141924548562e-01 3.127765931525660790e+02 1.661480781725007683e+00 4.940326316267255713e+00 -9.856083183094195288e-01 1.544277693991354727e+00 1.477744089610346867e+00 3.986070510432389913e+00
7.062924335320037983e+01 6.198136455077246865e+01 4.972077025322765853e-01 2.806083839247467404e-01 2.375961860814031184e+02 1.532332800752614244e+00 4.961373453444204884e+00 -9.871330266677863507e-01 1.653769477661889864e+00 1.450877002462122922e+00 3.986180518086887226e+00
6.972493418138422783e+01 6.329966791815532901e+01 6.000447345867856441e-01 3.169502978895489820e-01 2.570080923930978543e+02 1.660694982236248674e+00 5.116601950037773960e+00 -1.026900504592265451e+00 1.423663927391506157e+00 1.289620982216511669e+00 3.987629585511915042e+00
7.010664069455849301e+01 6.298779232954934315e+01 6.885759175697463430e-01 3.191569702165135691e-01 3.270870945404970485e+02 1.740881549962278507e+00 4.718648470256315619e+00 -9.933722602994059514e-01 1.723463746514166894e+00 1.289286612021206757e+00 3.984373518079955545e+00
6.981373866093485958e+01 6.360925064206276147e+01 7.264742218382814753e-01 3.282791387667653438e-01 2.329755396264196179e+02 1.637680973502245507e+00 5.328345471772366615e+00 -9.750210560344036992e-01 1.251781196828579468e+00 9.330985491983979641e-01 3.989544887489645753e+00
7.152968041231387986e+01 6.134387867502285729e+01 5.225660361625386052e-01 4.326819760388349589e-01 2.638133377867345075e+02 1.622441115233839826e+00 4.649457170022529340e+00 -9.611562714013011099e-01 1.916363008918555488e+00 1.356098668468768587e+00 3.983817917097184580e+00
7.129515091137956517e+01 6.181357546297292060e+01 6.672436311347412774e-01 2.936725182877374940e-01 2.943344370456549655e+02 1.644906736509652134e+00 5.194891239093974100e+00 -9.649884429915098760e-01 1.314082286804706179e+00 1.202933601593516588e+00 3.988248117785487157e+00
7.022078045820981629e+01 6.245716332211451771e+01 6.440283155295654094e-01 2.545544110350894673e-01 2.276692197919836929e+02 1.581716463734946121e+00 4.558352491351238989e+00 -9.769739411654354555e-01 1.997304289942239741e+00 1.441685893770489724e+00 3.983336420660275046e+00
7.246449337212561659e+01 6.038712356830798456e+01 5.972696367780820914e-01 2.443567193123979131e-01 2.495592608739871139e+02 1.619350189174550092e+00 4.414022582687915808e+00 -9.360685824701567848e-01 2.112408951366791410e+00 1.445634938966347205e+00 3.982397116399036818e+00
7.131762630329936314e+01 6.133214153619049824e+01 4.960786551892116258e-01 3.144575841150901163e-01 2.316882066692058117e+02 1.626885866907338052e+00 5.199467059564051752e+00 -1.043109206029776637e+00 1.393212701739751092e+00 1.469318645944174717e+00 3.988347804575460565e+00
7.022438819807130983e+01 6.264932000513293531e+01 7.074804945712023230e-01 2.619981990635431024e-01 2.755496472525610443e+02 1.649536641914078450e+00 4.895539590936322405e+00 -1.011175354204229881e+00 1.645233538452830047e+00 1.379670451223689032e+00 3.985792851589232910e+00
7.009137721974592239e+01 6.319170058063021145e+01 7.263732249238273875e-01 3.170877794276897310e-01 2.976460654123291079e+02 1.577923566279652245e+00 4.913680237498883940e+00 -1.001433587450914597e+00 1.595849253986484806e+00 1.027891173286130000e+00 3.985843436393688322e+00
7.044132884889056356e+01 6.254963288349706119e+01 5.693264495224977795e-01 3.574428052712612658e-01 2.558673252661460253e+02 1.627512314851922159e+00 4.904853380918625660e+00 -9.905675441582362240e-01 1.643086064155517612e+00 1.282245904185553398e+00 3.985726424361053954e+00
6.954900856459467207e+01 6.355337081157377810e+01 6.733244226388791498e-01 2.905991697864331869e-01 2.582216022167079359e+02 1.598830057586886566e+00 4.846374633083833317e+00 -9.752238490865223763e-01 1.714381464027601609e+00 1.164517624936626028e+00 3.985193916570279438e+00
7.023965581288619831e+01 6.296016936218079252e+01 5.826573733576940750e-01 3.563771694067216500e-01 2.907095454875469045e+02 1.640975883407209457e+00 4.781675986834364345e+00 -9.551891220560575491e-01 1.718056777767994037e+00 1.105025171961664388e+00 3.984669697548875789e+00
6.911810062981376745e+01 6.375216047349643844e+01 7.209205420385669250e-01 2.926796236898024928e-01 2.562158878244654261e+02 1.604854440175729424e+00 4.807497911993878326e+00 -1.019406482282591009e+00 1.737148308751501391e+00 1.293265838006849133e+00 3.985195156688068341e+00
6.970302527154130701e+01 6.309231641041311178e+01 6.556832875734676103e-01 3.045831032105286162e-01 2.640167261099263101e+02 1.643032999858569543e+00 4.657020876020750322e+00 -9.810045865809583487e-01 1.869481853340595912e+00 1.429127842965661088e+00 3.983993910199311372e+00
7.173014873577480444e+01 6.132074757956706890e+01 6.010678774513953382e-01 3.438571267600926684e-01 2.075615685319840225e+02 1.637579152945983108e+00 4.605805266083295102e+00 -9.826757431893262673e-01 1.989137359226750057e+00 1.318200046388723123e+00 3.983629122744412498e+00
7.176594636804576055e+01 6.112853819764461605e+01 4.859599345371077295e-01 4.172203319317952519e-01 2.487177148388665842e+02 1.647655682749890715e+00 4.482072539492429009e+00 -9.626461802635132292e-01 2.077373702177484294e+00 1.356389740567257585e+00 3.982914786202492952e+00
6.999154829519839893e+01 6.298099893596731391e+01 7.709087615306553509e-01 2.443383116738389038e-01 2.404500381766146688e+02 1.621703886718309784e+00 5.508322017717797614e+00 -9.041349649448381376e-01 1.072150463208437765e+00 1.283666670967825274e+00 3.991721200554497528e+00
7.150082991195533566e+01 6.137658344430174395e+01 4.458565052719020705e-01 4.221611861526644582e-01 2.658389044586476189e+02 1.709061451234485274e+00 5.163708513601255490e+00 -9.843190447299356993e-01 1.405777812428127271e+00 1.338469878043060168e+00 3.988004834622847827e+00
7.126995664760370630e+01 6.165010911940611749e+01 6.027474424925889362e-01 3.296997514330959334e-01 2.421868102716234716e+02 1.627542782729579196e+00 5.267985058774685037e+00 -9.772235951976422363e-01 1.319772679374137336e+00 1.297095623747288595e+00 3.988988140411788841e+00
7.010902682650791462e+01 6.292013640133838237e+01 5.994909359998372711e-01 3.905631196416380346e-01 2.381529662208238278e+02 1.654048994535209927e+00 4.579383407999608302e+00 -9.815962903660762073e-01 1.974521270244222082e+00 1.283420672755621217e+00 3.983423354924353621e+00
6.878040363837541804e+01 6.445901618611964068e+01 8.067663613190333427e-01 2.003674194346533044e-01 2.179453007137704219e+02 1.527604131887414285e+00 4.922624388598443090e+00 -9.999282474957640332e-01 1.655044542861643819e+00 1.036221195817951024e+00 3.985970387815832794e+00
6.890665290716636093e+01 6.393253920206282714e+01 6.875653046858757333e-01 3.197441664757661450e-01 2.123265055543117796e+02 1.640769055391172238e+00 5.257895092804140802e+00 -9.663120596077593438e-01 1.368831213176187944e+00 1.370058669479713220e+00 3.988974875101280126e+00
6.911862198737291862e+01 6.367572360553315747e+01 7.021890858166904836e-01 3.055426631906972834e-01 2.444754068288382598e+02 1.626689580741273566e+00 5.006023284773707616e+00 -1.024475957124084458e+00 1.570445201697753257e+00 1.459703017641944989e+00 3.986667978899179232e+00
7.107019590512656748e+01 6.179072067463196305e+01 5.530407359180821159e-01 2.436626499172385718e-01 2.055729687447725098e+02 1.549859212494596683e+00 4.770265484775028320e+00 -9.601871339861688393e-01 1.854812697975836810e+00 1.313139648941426429e+00 3.984629017320392652e+00
7.155525216672383237e+01 6.181241473856823632e+01 6.073631932017937718e-01 3.129029003702530343e-01 3.298472261017566893e+02 1.616516114025795536e+00 4.754955649553454400e+00 -9.961256513029699278e-01 1.727652948551050560e+00 1.017710607809152679e+00 3.984620112677153436e+00
7.228303688641187819e+01 6.096102941289578325e+01 6.939843845013355939e-01 2.766344891813139473e-01 2.563878745410698912e+02 1.639843022377443393e+00 4.497022464577389300e+00 -9.260244746148820205e-01 2.023675507571705001e+00 1.117769041244897510e+00 3.982667041490048021e+00
7.323224566410253544e+01 5.993660215841416772e+01 6.221031904829327219e-01 3.268768635247703003e-01 2.833861347710874838e+02 1.696052332541575947e+00 4.848525825249262233e+00 -1.020690287583535305e+00 1.686673605337870141e+00 1.295047043825015898e+00 3.985444422452332436e+00
7.158029855093738547e+01 6.109378168739558390e+01 5.141284440762563523e-01 3.019154006909262611e-01 2.429270109329141576e+02 1.615116039489864708e+00 5.484985737585517995e+00 -8.935919574506999696e-01 1.121012492750656175e+00 1.461471784801380958e+00 3.991535611733005862e+00
7.148938638450378846e+01 6.133156022488869041e+01 6.236400290915078415e-01 2.459583059398324500e-01 2.393975415968850768e+02 1.540419303736362044e+00 4.628837104253961776e+00 -9.530269868355801810e-01 1.956899211550536588e+00 1.352607416518446071e+00 3.983615170781721559e+00
7.092888391359069544e+01 6.180795953735533743e+01 5.232340283548037041e-01 3.149579032451642613e-01 2.261271899834831913e+02 1.646741677154957006e+00 4.925827767148178715e+00 -1.011431305393694080e+00 1.660566746332380994e+00 1.520803066355357336e+00 3.985936837872130933e+00
7.120911703126377290e+01 6.184512148353060468e+01 6.954073946887746605e-01 2.909957890627298260e-01 2.577622316595785605e+02 1.545386757286357993e+00 4.601396409212303418e+00 -9.384870482006764103e-01 1.946619516101782965e+00 1.188718837440995157e+00 3.983346959151354394e+00
6.920122669432343798e+01 6.366008237626120803e+01 6.542939873433661901e-01 2.870938177975738692e-01 2.376856548337618165e+02 1.601362935616111871e+00 4.987463715396410535e+00 -1.045726142428988537e+00 1.566785636961290473e+00 1.256077577440328108e+00 3.986656487079255129e+00
7.010227203003178431e+01 6.266742788913600037e+01 5.322640260026854087e-01 3.337090739122208216e-01 1.436961111722918645e+02 1.570403891531299223e+00 4.218778326699297310e+00 -8.487890347690676407e-01 2.386429189941660756e+00 1.387931891043096888e+00 3.981097635335750340e+00
6.789757216993045574e+01 6.514166707595455819e+01 7.384339484527659980e-01 3.121278538864963314e-01 2.294843158990658196e+02 1.641518538569771479e+00 5.216252586347691178e+00 -9.826946250203968392e-01 1.347497885075475965e+00 1.286406997345340697e+00 3.988427173808421600e+00
6.800935060876335569e+01 6.513606465575628590e+01 7.272734439423397257e-01 2.710830221987594602e-01 2.597317566595057201e+02 1.609530416666327790e+00 4.948941268652718328e+00 -9.911052443713141979e-01 1.597765894720597268e+00 1.150547021115051916e+00 3.986213224074822037e+00
7.237110306616798994e+01 6.046535999153212515e+01 5.093872567750762359e-01 3.269251640475820397e-01 2.250946143612198682e+02 1.614899416115540554e+00 4.510838681967927144e+00 -1.000446645392157441e+00 2.046419585611976011e+00 1.440584603626887450e+00 3.983317812339121744e+00
7.052404306829210157e+01 6.191267595879568830e+01 4.490194379852505691e-01 4.133850117250057465e-01 2.326502952292000543e+02 1.759087041888674596e+00 5.363223156131656566e+00 -1.029450079643879690e+00 1.257286207648935505e+00 1.715446254069393550e+00 3.989826931587265868e+00
7.052877632718063694e+01 6.247115394840207614e+01 6.592434789947358986e-01 3.310711849630454395e-01 2.317392260895000788e+02 1.638320635988901763e+00 4.728069222853383380e+00 -9.895860599486677733e-01 1.833470928817499734e+00 1.334162816354274694e+00 3.984369628895905180e+00
7.090525089940544490e+01 6.192622308560579825e+01 5.966434624836797207e-01 2.986713074859680406e-01 2.614409580986239803e+02 1.592500641852615528e+00 5.106255666194929432e+00 -9.608856096253288737e-01 1.430466201492065714e+00 1.370797219844336334e+00 3.987485443612877933e+00
7.030975783750363917e+01 6.246863622931230964e+01 5.914424252670297255e-01 3.317035146574597304e-01 2.396545719421827982e+02 1.689685282842442460e+00 5.269604889101863421e+00 -1.009414859140661314e+00 1.306112179170241250e+00 1.426584993139331514e+00 3.988973265566786441e+00
7.190826358118067674e+01 6.085461099483624992e+01 5.087485776172785412e-01 3.698753454236890503e-01 2.877574857729331370e+02 1.619746918635053490e+00 4.567317252603503519e+00 -9.535547656282618023e-01 1.956432463500463736e+00 1.455919797012757311e+00 3.983202517943958743e+00
7.111604986471584766e+01 6.173346298709673619e+01 6.358257400206144272e-01 3.120383346990487361e-01 3.519012927549249525e+02 1.719024227842569807e+00 4.865630484822887070e+00 -9.937374299634781361e-01 1.600154732441565919e+00 1.407378906984903644e+00 3.985459081753633725e+00
7.017962848580670254e+01 6.301248238355190523e+01 7.594980850378387771e-01 2.556448027902771258e-01 2.611701875348638850e+02 1.576751721284927577e+00 4.901296925158111328e+00 -9.814306300175017483e-01 1.643909431855265613e+00 1.092775957462673198e+00 3.985681648429636681e+00
7.020979226816317009e+01 6.290297209827318170e+01 6.677771246659919280e-01 3.509910580395382285e-01 2.677921247359662402e+02 1.651654846619794892e+00 4.753701346963845609e+00 -1.007989014376692305e+00 1.781425029654837955e+00 1.177755768973240968e+00 3.984710865188815898e+00
7.042493368683270205e+01 6.291253939263626194e+01 7.187685303480102483e-01 2.633146532748096846e-01 2.691511939969007017e+02 1.641769482082191756e+00 4.935831168199364960e+00 -1.015237824113972565e+00 1.568860480770311483e+00 1.075449501137101471e+00 3.986077965864853745e+00
6.978426686564141335e+01 6.315928932079739866e+01 7.257384678561901170e-01 2.781031002370299432e-01 2.368467014007316891e+02 1.596845878749156622e+00 4.252959237169417150e+00 -8.776760263373880600e-01 2.277476239146051018e+00 1.300843364685085435e+00 3.981415821564521895e+00
6.980675950723417600e+01 6.317082164494689778e+01 6.905327938610419380e-01 2.725310317032290097e-01 2.701036397388820092e+02 1.572361084395967890e+00 4.976227004180783453e+00 -9.710592065959529062e-01 1.549958166912003055e+00 1.286625442788023266e+00 3.986271105598812259e+00
7.121824432382915404e+01 6.161553527186655543e+01 6.421518544395045103e-01 2.876952583227853077e-01 2.649046269391672013e+02 1.563322989583257216e+00 4.724670879348921382e+00 -9.521373997772974995e-01 1.847319788669311347e+00 1.387195130893781769e+00 3.984193515002730113e+00
7.232641977503749331e+01 6.046924261686492486e+01 5.806780764929702077e-01 2.832029455283579522e-01 2.138627302373795089e+02 1.715521690066319493e+00 5.132417601417890829e+00 -1.046113285663378800e+00 1.476078279798019643e+00 1.516377653146558036e+00 3.987769999450916369e+00
7.114603226922741896e+01 6.144639868937719029e+01 5.014426769773099313e-01 3.445237732845490286e-01 2.781479023140971663e+02 1.648072060670969341e+00 5.115013238435818899e+00 -9.884708056031472623e-01 1.448831643647707113e+00 1.564245217021137835e+00 3.987511561386658521e+00
7.370375521627224202e+01 5.910543221361180599e+01 4.373199575532230043e-01 2.817917955192912882e-01 2.056768275240586945e+02 1.634081620363912579e+00 4.904562199240474207e+00 -1.069784221198556651e+00 1.684078843936687608e+00 1.429050148486282534e+00 3.986035736988291944e+00
7.143768368321705964e+01 6.172359063395958145e+01 6.832922335408669889e-01 2.817615398014954864e-01 2.737607293392701990e+02 1.646016262447501655e+00 5.106580776710566205e+00 -9.569051544701079326e-01 1.455196913800991254e+00 1.194840748843343903e+00 3.987437050755881174e+00
7.076000986550235439e+01 6.196224242172451824e+01 5.296583962506996590e-01 3.488535239014478040e-01 2.665905928426677747e+02 1.618623092292607701e+00 4.938183385356423649e+00 -1.016682709010316321e+00 1.614666687685825108e+00 1.409506568666217596e+00 3.986114476914226046e+00
7.022810688328863193e+01 6.283565421753361591e+01 7.018029792966872238e-01 2.882110551255758213e-01 2.436920254375289119e+02 1.632613062828679906e+00 5.238566908313661230e+00 -9.744752871945138173e-01 1.336704471876998923e+00 1.237179625156193952e+00 3.988667860577954194e+00
6.930601384441908408e+01 6.341937621100635880e+01 6.057156158600923712e-01 3.542658393394367278e-01 2.355803574570180956e+02 1.617188662138025146e+00 5.088582538005344880e+00 -1.009085732962862192e+00 1.519368407421637368e+00 1.443530333948139566e+00 3.987273546996469076e+00
7.128298067936097482e+01 6.185700708744093390e+01 6.953751822169369490e-01 3.062049454601779019e-01 2.488167720290647935e+02 1.642700706966173874e+00 5.020529707274740794e+00 -9.911967795302766282e-01 1.542268131551344457e+00 1.169633216057427205e+00 3.986725374336741456e+00
7.085194856154704723e+01 6.203212537061200749e+01 6.418731186689412560e-01 2.248004218625891115e-01 2.420676260631822458e+02 1.608974747738928235e+00 4.715117637991125044e+00 -9.945307852528951775e-01 1.826966403828324648e+00 1.392087519479813018e+00 3.984425025289893174e+00
6.929922864919308267e+01 6.371865387363418165e+01 6.441711368245763847e-01 3.335298887427495251e-01 2.692045125936360250e+02 1.644385504151533617e+00 5.086221004798862744e+00 -9.899801936467921282e-01 1.465806609802983385e+00 1.263572913897783367e+00 3.987283621940186151e+00
6.969600540485581064e+01 6.319431343125132372e+01 6.143811408210384517e-01 3.288631724363638709e-01 2.481321629241815856e+02 1.599462129190276860e+00 5.171209441747539159e+00 -9.714980672043873611e-01 1.396423305533674553e+00 1.326399908474764633e+00 3.987998591503811419e+00
7.131650319676825234e+01 6.152186281012730973e+01 5.627745344717365317e-01 3.579638754256798117e-01 2.197630813020556673e+02 1.687879132387118064e+00 5.205078712284230136e+00 -1.006636309074178559e+00 1.406534447397096654e+00 1.438995792653285921e+00 3.988336039796357646e+00
7.029724248412834697e+01 6.288509762140430581e+01 6.024936681686235973e-01 4.229503080204123910e-01 2.340528853250008865e+02 1.690948972725018873e+00 4.813152409443122615e+00 -1.051165084736202848e+00 1.771448843345998281e+00 1.198894761891912797e+00 3.985341776699489191e+00
7.034297192907780527e+01 6.264048329728746012e+01 7.320459969316531756e-01 2.364546397120511345e-01 2.841604309813783402e+02 1.602394353849810216e+00 4.562970594492926857e+00 -9.712449795869932956e-01 1.971110484056943335e+00 1.289915600105335569e+00 3.983319095710431856e+00
7.011086289285059081e+01 6.281883745883008885e+01 5.904948207545410721e-01 4.059385012088760902e-01 2.341134856620134599e+02 1.680418187422552334e+00 5.127887007840856270e+00 -1.001601131128604827e+00 1.462640855588467792e+00 1.356551991050840567e+00 3.987623451272356956e+00
6.907228310667051119e+01 6.399353303191783482e+01 6.918792436494819453e-01 3.187583256455429059e-01 2.514563069795158583e+02 1.593150913819660452e+00 4.959232627767891088e+00 -9.907338357105949234e-01 1.623513691523786662e+00 1.233251702300830477e+00 3.986185619632529598e+00
6.822513713547849079e+01 6.445437210207694534e+01 5.679240149082691591e-01 3.459324440305471260e-01 2.805953506140921832e+02 1.617326249931322346e+00 4.896893885491023113e+00 -9.949239455103353613e-01 1.617666664587528391e+00 1.426335476845603356e+00 3.985707202091125279e+00
7.122148511507384683e+01 6.165091792927992032e+01 6.575634292686871607e-01 2.555616215843929395e-01 2.085395254641160818e+02 1.596291655538329968e+00 4.548877179861276154e+00 -9.545846172022891540e-01 2.032660876678151762e+00 1.365476901118222619e+00 3.983171440942969266e+00
7.113584427789066922e+01 6.176099315744224327e+01 5.860495666099357903e-01 3.222740720676310344e-01 2.649928308059663209e+02 1.648121725942909954e+00 4.614124160000512731e+00 -1.015409316425366359e+00 1.920603399669581268e+00 1.370547492152814462e+00 3.983879384921316991e+00
7.158977583230506525e+01 6.118881129359400006e+01 5.406949252173745002e-01 2.936144254230720341e-01 2.345082967139242953e+02 1.606028387631789789e+00 5.052188840307943352e+00 -1.004739399036315151e+00 1.517153172694018837e+00 1.394209108651701001e+00 3.987012656893766938e+00
7.257048311829660747e+01 6.037841241891072741e+01 6.619118798694173522e-01 2.978716041192470687e-01 2.519990915924967680e+02 1.652528640376283553e+00 5.145447678680874048e+00 -1.000427931691540984e+00 1.435445331362485977e+00 1.384969559569687814e+00 3.987823710907368646e+00
7.101783789302022853e+01 6.210393669866754607e+01 8.174805533282756276e-01 2.383333380273479629e-01 2.282422579043286248e+02 1.631321621748297535e+00 5.205884898772466407e+00 -9.773225946503124595e-01 1.391946903961448267e+00 1.287677318168792828e+00 3.988328308113352705e+00
6.990372368866940178e+01 6.301763752084500680e+01 6.031968097911070137e-01 3.514317101496911011e-01 2.611461987202536648e+02 1.611946677820173646e+00 5.140070683382271355e+00 -9.891662708511865798e-01 1.432235901374829590e+00 1.308400247218004520e+00 3.987665342232922683e+00
7.250264696329362835e+01 6.051261662132184682e+01 5.273243618988945336e-01 3.691658264601630490e-01 2.353571794871385805e+02 1.663096493819725241e+00 5.075750396113273055e+00 -9.977877087861709571e-01 1.535803007152668487e+00 1.275378842995814166e+00 3.987233479157014315e+00
7.078648934508542823e+01 6.200560888649505387e+01 5.550888911020481764e-01 3.428975419274812864e-01 2.913329826793909092e+02 1.658194143975282309e+00 5.298359247481748469e+00 -9.637145631615755548e-01 1.231373187024699334e+00 1.433367389178564988e+00 3.989211043785325650e+00
7.076306256356231472e+01 6.192627030821738288e+01 5.420433412735556900e-01 3.017910861383663601e-01 2.202035311420316077e+02 1.618372852725047606e+00 4.661713887395658062e+00 -9.590831696965352871e-01 1.916003052882758295e+00 1.545168319521806222e+00 3.983796540180908785e+00
7.153019098057562530e+01 6.092320118920209637e+01 6.268277412126819215e-01 2.583700360047084255e-01 2.478136396449236258e+02 1.628418123464080658e+00 5.244539245750043044e+00 -9.884038794573284381e-01 1.344024229573557383e+00 1.683059344874673124e+00 3.988671862142931790e+00
7.041596015867673941e+01 6.244729309386546845e+01 6.623664270993161463e-01 2.745896427881848179e-01 2.449891757071946472e+02 1.569390852672104986e+00 4.939873404250425537e+00 -9.917876976632543640e-01 1.622461555995811544e+00 1.361164185791867931e+00 3.985974561195204213e+00
7.134067425010638885e+01 6.159194656791638778e+01 6.149780590301634486e-01 2.641403196268856668e-01 2.465004222623907140e+02 1.584933137165082329e+00 5.018952976918893860e+00 -9.868907323602581494e-01 1.530209018871778293e+00 1.341373428854331751e+00 3.986582140847948263e+00
7.057187518339611643e+01 6.211305163977068133e+01 5.089850418915615737e-01 3.815594792121606016e-01 2.578557929817239938e+02 1.635787886813048653e+00 4.546677468107249709e+00 -9.594364120970845233e-01 1.994081534440652614e+00 1.478045645922190676e+00 3.983237066529500492e+00
7.170761982531142564e+01 6.095619420162916668e+01 5.280371643119494696e-01 3.720711203088066243e-01 2.735918590518963924e+02 1.634748763216278489e+00 4.863545717672582924e+00 -9.938545486150230923e-01 1.702924200648434638e+00 1.529091464761319408e+00 3.985435903919646528e+00
7.004993650800273031e+01 6.286560454165424972e+01 6.987785904922438895e-01 2.495357205758739205e-01 2.345218974301390631e+02 1.625029560404299467e+00 5.254368775193853480e+00 -9.962321483276952439e-01 1.301812473370550283e+00 1.340150462840798085e+00 3.988743101127566248e+00
7.361552670246155117e+01 5.930004320627258352e+01 5.748073114323968280e-01 2.925691144417238987e-01 2.586025916190918110e+02 1.628929902026262200e+00 4.594566957762786785e+00 -9.427408630657948541e-01 1.960296718678375294e+00 1.380783164543986530e+00 3.983300458315066628e+00
7.104585037601455610e+01 6.192045361122493574e+01 7.562657963359754598e-01 2.305395704626561348e-01 2.830018687293078301e+02 1.631876870650517564e+00 5.061911921111398982e+00 -1.001259177010871637e+00 1.469327113253454442e+00 1.357755662156595600e+00 3.987059887021842997e+00
6.993626622290318551e+01 6.326062977570525447e+01 7.463424518571171173e-01 2.913613211326820940e-01 2.694932297837116266e+02 1.671985423766759293e+00 5.287407837477269723e+00 -9.790530862302898596e-01 1.246877956335603610e+00 1.131257168303832605e+00 3.989102124554628315e+00
7.183979062228826251e+01 6.113979655060975205e+01 6.074625560739300711e-01 2.986565946800348592e-01 2.513302550084462439e+02 1.624184835052925102e+00 4.926838795505269708e+00 -1.003398919244280485e+00 1.623177421617942207e+00 1.336489008109718046e+00 3.985958581343725715e+00
6.842697463386005552e+01 6.453044862651630353e+01 6.083424356135554989e-01 3.415772489090094788e-01 3.577668652981768105e+02 1.663382380845976227e+00 5.052550477258593631e+00 -1.009422093150468935e+00 1.356554398794470595e+00 1.273442330230632358e+00 3.986889040557066277e+00
6.878397428096099020e+01 6.405765093954039457e+01 6.961965064054873586e-01 2.005754736924818815e-01 2.433782918709920864e+02 1.479405238868177763e+00 5.025502329641603261e+00 -9.396473903550449647e-01 1.587629352532715199e+00 1.265578954876143358e+00 3.986649172245946282e+00
7.270332141753695510e+01 6.004379903651589956e+01 5.530332446752285191e-01 3.214852126328650583e-01 2.540207429917703621e+02 1.626264400622567052e+00 5.099634775252877006e+00 -1.002875559635534097e+00 1.508628422979129136e+00 1.523113307311821263e+00 3.987381498107626321e+00
7.055612333800358726e+01 6.257095581400716355e+01 6.658379133860393706e-01 3.224132114865566057e-01 2.176686300810775379e+02 1.660424479027013511e+00 5.034974543514200818e+00 -1.036529433783305976e+00 1.558819482323722028e+00 1.229120202254178951e+00 3.986870366854339487e+00
7.266951466680959015e+01 6.007255619576403660e+01 5.310872249430442782e-01 3.030039314333950462e-01 2.817818550755337128e+02 1.645563505977544194e+00 5.087958249026112156e+00 -9.772687222290392661e-01 1.434000408897462275e+00 1.485973809634872689e+00 3.987262939383838134e+00
6.973137310398736588e+01 6.308577313352606097e+01 5.712446962863316768e-01 3.983659875772544434e-01 2.181802578048288410e+02 1.679127533687800655e+00 5.407218836266687312e+00 -9.572320075532002592e-01 1.223161690432535753e+00 1.370319161705450206e+00 3.990401875572097801e+00
7.038600633419711983e+01 6.270058694582372993e+01 6.528632541005144896e-01 3.585245447271592223e-01 2.992083870040917191e+02 1.691089634685157828e+00 4.397221227626757489e+00 -9.455894454384415893e-01 2.119163853219357740e+00 1.273303632897361481e+00 3.982357369702383298e+00
7.221512833854224311e+01 6.065145083661182923e+01 4.938199654514014436e-01 3.269209856451912311e-01 3.080069891226604568e+02 1.635744475514261165e+00 4.528434553702176402e+00 -9.183756177543540566e-01 1.946354592338610745e+00 1.488924280440261816e+00 3.982705551811528633e+00
6.651334467827268782e+01 6.639228334614560367e+01 7.235345452291652713e-01 3.121464481831682236e-01 2.618412882712287910e+02 1.597273824764428918e+00 4.896893289710608776e+00 -9.850720964998773699e-01 1.663191171255754330e+00 1.327396940833566186e+00 3.985671987257216387e+00
6.862940344042971219e+01 6.448325739316382510e+01 7.962739578508517546e-01 2.554753813710635701e-01 2.532152918050351786e+02 1.556052910416711788e+00 5.379305238869317662e+00 -9.110430448312886176e-01 1.163944952590484361e+00 1.170450689587406057e+00 3.990228450186837694e+00
7.069116860404380986e+01 6.198392430968039690e+01 5.903967579887138273e-01 3.646065791577046689e-01 2.707472394699198617e+02 1.680355378743742634e+00 4.600642942246306433e+00 -9.637374421032952609e-01 1.944518077647486631e+00 1.603334320956078418e+00 3.983461260140377380e+00
6.796368088282098086e+01 6.499409285799815450e+01 7.379573846363250977e-01 2.671596246541363961e-01 2.635308335759261809e+02 1.528663830239110011e+00 4.378221114368693989e+00 -9.196772661151682016e-01 2.139388317632957115e+00 1.225899750754273709e+00 3.982064407036414178e+00
7.044563456389401779e+01 6.228597773221935086e+01 4.992195938818407286e-01 3.419966074264347844e-01 2.260872165567793957e+02 1.605565253994166275e+00 4.317382926695827017e+00 -8.679142970921395195e-01 2.240948016645587515e+00 1.430594486439828561e+00 3.981587059930925765e+00
6.922198111768385331e+01 6.354610998660197652e+01 6.473827808482068846e-01 2.249474211433875326e-01 2.418485249162487492e+02 1.528245466052166268e+00 5.337260243208707067e+00 -9.378426858082753448e-01 1.282356446102917102e+00 1.351156873335392916e+00 3.989705155744069920e+00
6.888320585571430854e+01 6.379209853215643022e+01 5.248674528520633764e-01 3.389193728611107903e-01 2.140820756158391021e+02 1.587393293799604921e+00 4.590662147562070139e+00 -9.657321060669790125e-01 1.976389750252999233e+00 1.423599062375506374e+00 3.983506486551512626e+00
7.174251329170040492e+01 6.086343901676932688e+01 4.407559593870829517e-01 3.982833278720597225e-01 3.880375792977011997e+02 1.688845287446955723e+00 4.803713352518152568e+00 -1.004009352047617210e+00 1.665551978945461142e+00 1.618865961067877723e+00 3.985020536478915520e+00
7.109201274430478179e+01 6.143212286930513955e+01 6.305246656447471842e-01 2.858459188585887878e-01 2.837471056707702814e+02 1.616650791971536938e+00 4.982687623737887428e+00 -9.904879134651867201e-01 1.555800862568369247e+00 1.662090584314066977e+00 3.986356939170666802e+00
6.892089057624977499e+01 6.398161046486763581e+01 6.473081646992845384e-01 3.180822893077782099e-01 2.474601959608075390e+02 1.685330606894462013e+00 4.663412916040449829e+00 -1.016587056322252325e+00 1.897170248493316835e+00 1.408234483495534706e+00 3.984238831822392246e+00
7.020979226816317009e+01 6.290297209827318170e+01 6.677771246659919280e-01 3.509910580395382285e-01 2.677921247359662402e+02 1.651654846619794892e+00 4.753701346963845609e+00 -1.007989014376692305e+00 1.781425029654837955e+00 1.177755768973240968e+00 3.984710865188815898e+00
6.931900017438070449e+01 6.364699031464241585e+01 6.955070143622303913e-01 3.149864343934484223e-01 1.863629135277068087e+02 1.610634128535203269e+00 4.427819246855786872e+00 -9.768006319140490890e-01 2.143726809345542605e+00 1.276764868600299696e+00 3.982787512883586345e+00
7.243443480207137952e+01 6.029062351584598645e+01 4.457375060591797777e-01 4.059773481399115980e-01 2.685945285810648215e+02 1.698447525309711992e+00 5.337793211187171316e+00 -9.616573980756878415e-01 1.231184481214021131e+00 1.481588340428204420e+00 3.989631246528693165e+00
7.059931229215136739e+01 6.215304772580594772e+01 5.977814760071814559e-01 2.961093362862966538e-01 2.650427926063706536e+02 1.577686855929753440e+00 5.116995356027103092e+00 -9.472168044313631352e-01 1.471135756853098053e+00 1.409405074169788108e+00 3.987512340254664611e+00
7.211724552478843009e+01 6.074759244976340256e+01 6.494880929676007941e-01 1.880205849295447651e-01 2.342988472394118844e+02 1.597335499068917919e+00 4.644006969926543604e+00 -1.019692037276560326e+00 1.888116023273346489e+00 1.424407597702050943e+00 3.984094163691803914e+00
6.857883941918541382e+01 6.409042266617917960e+01 5.961344473851941661e-01 3.021707398218995699e-01 2.890857855654911646e+02 1.663521425951866473e+00 5.141348849160203294e+00 -9.848562171290308198e-01 1.373709421138608722e+00 1.480069201646615706e+00 3.987776652328979932e+00
6.941875325643790973e+01 6.346660050889852300e+01 5.169630160344005354e-01 3.948470940501674908e-01 2.904178044786872306e+02 1.665847229195650980e+00 4.575507766174863988e+00 -9.773687109517172900e-01 1.944020384374590460e+00 1.357947475807657733e+00 3.983445456543679875e+00
7.114958233331643100e+01 6.213470895159925789e+01 6.648998389915068419e-01 2.783029786767655112e-01 2.433254140537280819e+02 1.576258004328434215e+00 4.529536555939405851e+00 -9.849047425872367034e-01 2.006851619489765870e+00 1.012490250770406774e+00 3.983274157878668120e+00
7.088146396579190878e+01 6.189090205508572495e+01 5.549198625173950017e-01 3.221910246547203815e-01 2.660137192496074476e+02 1.642168879825282035e+00 5.247971596068019551e+00 -9.628607842422657326e-01 1.295477763494317314e+00 1.415068212354461563e+00 3.988745046640589820e+00
6.942756434151577594e+01 6.362684420697127052e+01 7.353343449563402023e-01 2.620015521148205129e-01 2.840672900351939916e+02 1.613132483130613748e+00 4.655645192581479463e+00 -9.705913288054062171e-01 1.867164712773009771e+00 1.285834486243032648e+00 3.983774591163474099e+00
6.991431179777475791e+01 6.296620811530817718e+01 6.876817598727171799e-01 2.767802362549530160e-01 2.305550855549653022e+02 1.623496611660505851e+00 4.988027563646611817e+00 -9.957175291076852952e-01 1.583081129849764235e+00 1.402489127641067590e+00 3.986371373546870434e+00
7.117301291672110608e+01 6.173192669349182182e+01 5.412690359868921330e-01 3.294169421399864017e-01 3.208385724822107363e+02 1.571425431852639498e+00 4.462104609625986207e+00 -9.297619872693720922e-01 2.009903677445511239e+00 1.229016112172818032e+00 3.982582967017108899e+00
7.006921195828503812e+01 6.257013988453282849e+01 5.658398623114518911e-01 3.275019517517668288e-01 2.394142669735382469e+02 1.656084452486495051e+00 5.197151634559650013e+00 -1.013157916428887084e+00 1.396730920592849756e+00 1.553530757079891522e+00 3.988275879795363021e+00
7.092255518186227903e+01 6.174636930031552851e+01 5.332131178771557511e-01 3.479146768051176730e-01 2.382344270670500634e+02 1.722913742194469355e+00 5.014713967166390951e+00 -1.097970603605588069e+00 1.539613381692688909e+00 1.546834222788492808e+00 3.986980192275262791e+00
7.043219724324491438e+01 6.245694555989658880e+01 7.259155523728521020e-01 2.244967007143203741e-01 2.709723310814911770e+02 1.540030275561250717e+00 5.022097812684445550e+00 -9.564302283595652598e-01 1.513042043234644529e+00 1.293891143304253699e+00 3.986646586523798330e+00
6.897505157225261030e+01 6.369281689689286452e+01 6.284902471832821691e-01 2.738352999996960246e-01 2.413963152027613717e+02 1.563485950991736484e+00 4.345099580036637654e+00 -9.248092437632784435e-01 2.184732923755257517e+00 1.384271712062904225e+00 3.982049938610450646e+00
7.155910227673193447e+01 6.150610341537504411e+01 6.784785359203554522e-01 3.260468264729918242e-01 2.841619723918647082e+02 1.675810146500505748e+00 4.849470704611298366e+00 -1.024392655984954326e+00 1.657650317167636889e+00 1.294993897918774728e+00 3.985495966477750951e+00
7.212699029588817723e+01 6.085308085699703895e+01 6.682621894805079732e-01 2.268934890913439917e-01 2.220069162485421259e+02 1.586981682115804260e+00 5.021372396589891096e+00 -9.862437030709554353e-01 1.573399182019356246e+00 1.292219479280229510e+00 3.986643989633351648e+00
6.852922239108598035e+01 6.443458046489381275e+01 7.520972631767856020e-01 2.665358795909164025e-01 2.465391993832931234e+02 1.628809334259256447e+00 4.641775031681347308e+00 -9.989413009225199813e-01 1.896129366449688103e+00 1.348799285198710507e+00 3.983915298739980848e+00
6.986677024522248303e+01 6.292165598770665014e+01 6.207226021410913175e-01 2.989276669062533309e-01 2.347074965488808687e+02 1.620189215210492417e+00 4.962712264686092389e+00 -9.978640585744735780e-01 1.623829260934410490e+00 1.428217842790124870e+00 3.986245504284373631e+00
7.012271320911959549e+01 6.328392160494782814e+01 7.929704843378080348e-01 2.025721077313333007e-01 2.917879723980611857e+02 1.497415194672877536e+00 4.832371080141914632e+00 -9.486096707783056026e-01 1.667645194768332395e+00 9.530999870112818462e-01 3.984971676959079723e+00
7.055764884681502735e+01 6.257964752253279528e+01 7.434638337246456397e-01 2.782487440211917629e-01 2.557579552587154978e+02 1.633406682268222720e+00 4.305223304670422912e+00 -8.979270222021109582e-01 2.203351970750798916e+00 1.244501224957280883e+00 3.981720641217302514e+00
7.014783118653132021e+01 6.267717230822888297e+01 6.642514001458836859e-01 2.526957563934102979e-01 2.513155654822804195e+02 1.582372933266750659e+00 5.205038955839517811e+00 -9.670021088736877601e-01 1.372538538618969017e+00 1.395217804759433688e+00 3.988399075750720613e+00
6.996856873869603533e+01 6.348642284275090475e+01 8.252824815071226894e-01 2.588278514552506682e-01 2.734350745668306217e+02 1.578295625726564344e+00 4.517831389020118493e+00 -9.493936092239243507e-01 1.991023922641285804e+00 9.806244446775191914e-01 3.982855279575944429e+00
7.190331294918443916e+01 6.050782235779129081e+01 3.873294577872705147e-01 3.825440278317158715e-01 2.023522020426292727e+02 1.732014142456169914e+00 5.410940306054832227e+00 -1.062392397618807216e+00 1.198233277080119619e+00 1.719853028314042742e+00 3.990144291761424267e+00
7.070261166371990669e+01 6.240747781815809958e+01 6.209278778834304013e-01 3.201038648496283279e-01 3.401709827088952807e+02 1.708410686375325227e+00 4.842395179394806348e+00 -9.883139439586009489e-01 1.616699600759627931e+00 1.204868137675464190e+00 3.985385089516122470e+00
6.879472024385179907e+01 6.402072317926712230e+01 6.830396902493551803e-01 3.070218230606062693e-01 2.138190039659743604e+02 1.650426897944029969e+00 5.413024639595192866e+00 -9.200035880597370319e-01 1.209757332819119569e+00 1.391253210014170794e+00 3.990628285986869361e+00
7.004819027408105114e+01 6.285756321027913884e+01 6.437434495614506869e-01 2.929310756167347596e-01 2.162791815381189906e+02 1.685253753135542709e+00 5.251205915384022482e+00 -1.043439119202864251e+00 1.329670502631584039e+00 1.338772500636446150e+00 3.988774499075174784e+00
7.197161710270634671e+01 6.091320559662485579e+01 5.218831098628826659e-01 3.539264590241097408e-01 2.168564455340680865e+02 1.606058888039563648e+00 4.800253008741129257e+00 -1.010203810109098876e+00 1.786727489497440535e+00 1.335056035270935526e+00 3.985033487866223023e+00
6.924986550394545759e+01 6.352807957970718888e+01 7.710151198993806521e-01 2.588709647221751342e-01 2.451263799813500839e+02 1.614538083595534745e+00 5.247482299950100959e+00 -9.690656375307428183e-01 1.322938584479581348e+00 1.431883095280028328e+00 3.988685370486229065e+00
7.012618314931920338e+01 6.283929998824007157e+01 5.511902994664596989e-01 3.943643720889408733e-01 3.040043213376367817e+02 1.636494859610312380e+00 4.869397956560044705e+00 -9.933836391551653655e-01 1.628742133393936697e+00 1.247342585666533665e+00 3.985424569727379129e+00
7.089406193716054361e+01 6.182822847451697612e+01 4.635020696946898777e-01 3.341784695166806207e-01 2.960168383219117914e+02 1.646946993548375593e+00 5.064004915661763917e+00 -9.728803337660021366e-01 1.456045546265314794e+00 1.470999259376423840e+00 3.987042820723076364e+00
7.083515544238156281e+01 6.220925067374099626e+01 5.812950688357735318e-01 3.768285625181833076e-01 2.832245721231810194e+02 1.688471832896424552e+00 4.890571385065225485e+00 -1.011006697720759906e+00 1.653909525980969075e+00 1.283011596651729036e+00 3.985645479946628988e+00
6.917889232951544898e+01 6.353053718839759512e+01 5.517447967224228256e-01 3.462062035678858951e-01 2.014116487853796116e+02 1.694825011662922210e+00 5.152456994615958408e+00 -1.039990341398691287e+00 1.487160904154321894e+00 1.508812346931280857e+00 3.987917647422209111e+00
7.027872578845610008e+01 6.270363665919455798e+01 6.857683107477801077e-01 3.259717553318265404e-01 3.036062455572943009e+02 1.633236284158249507e+00 5.075216822543407780e+00 -9.794373928047400701e-01 1.468784731507466690e+00 1.309351925595076738e+00 3.987165522573896226e+00
6.846904769391871071e+01 6.415676275395867378e+01 6.070780415483066905e-01 3.372196321499031368e-01 3.036810167744914679e+02 1.667284818955577119e+00 4.835532435589604106e+00 -9.750722338596065075e-01 1.704481535353537636e+00 1.569863473766011319e+00 3.985096654527320315e+00
7.060946585812658327e+01 6.219206322744653903e+01 4.736130028271673398e-01 4.690891731989563773e-01 2.049111114356446421e+02 1.614066305022202608e+00 4.348639690210041486e+00 -9.003221019110200229e-01 2.234884714008293027e+00 1.432329832397192027e+00 3.981847997358292535e+00
7.361552670246155117e+01 5.930004320627258352e+01 5.748073114323968280e-01 2.925691144417238987e-01 2.586025916190918110e+02 1.628929902026262200e+00 4.594566957762786785e+00 -9.427408630657948541e-01 1.960296718678375294e+00 1.380783164543986530e+00 3.983300458315066628e+00
7.011479104683033370e+01 6.284884485697243406e+01 6.966477159172033140e-01 2.742382038469663996e-01 2.027404175666553385e+02 1.656189539281242906e+00 5.489107031657769475e+00 -9.123445799348143259e-01 1.170581564507211514e+00 1.357669631160729917e+00 3.991498879342658679e+00
6.914439086248803790e+01 6.367120661158779882e+01 6.285895410143054196e-01 3.231127939647878144e-01 2.773820930168989776e+02 1.640165227276745519e+00 4.780366444001570514e+00 -1.000435090792462178e+00 1.716592979280397779e+00 1.409794288636588178e+00 3.984839432853001906e+00
7.039644180927717798e+01 6.262927154093019766e+01 6.422187810798526408e-01 3.708294603647437349e-01 3.194001128597831780e+02 1.667960451697224844e+00 5.101228620770411837e+00 -1.001460948017821595e+00 1.375109086657192226e+00 1.301154804692539857e+00 3.987388471268648260e+00
6.969415912279838210e+01 6.336087443854255241e+01 6.472392838967362394e-01 2.966146813286590356e-01 2.479936484434674355e+02 1.675201374597206305e+00 5.150581205243516258e+00 -1.012762790766823962e+00 1.413001452934740998e+00 1.279074558098708625e+00 3.987820720866540380e+00
7.109392719442080022e+01 6.188131754279909558e+01 6.839999809708184886e-01 2.683871238748488097e-01 2.685304274727917573e+02 1.627337772952717199e+00 4.785180080747743148e+00 -9.821931493632649612e-01 1.738748613501931661e+00 1.342327539480967946e+00 3.984829740001306853e+00
7.111768297306829822e+01 6.144887620712854215e+01 4.926178294703947858e-01 4.329409018305618306e-01 2.111815574002245057e+02 1.664620174044804335e+00 4.688734006726172687e+00 -1.028991624502402003e+00 1.906740925063390879e+00 1.622063361621930877e+00 3.984462049093460134e+00
7.061562972168508168e+01 6.204232025328307287e+01 5.395914398799814826e-01 3.042738458317618133e-01 2.108643464903696554e+02 1.645948810351374192e+00 4.980167678872860826e+00 -1.039190076518970107e+00 1.611881020191820335e+00 1.483154061577391936e+00 3.986547498420856872e+00
7.036502374559357520e+01 6.227569422519051301e+01 5.226311881216431088e-01 3.926443695875956319e-01 2.405872514512591920e+02 1.706085828500740753e+00 4.897766182600019391e+00 -1.053210810917126983e+00 1.690936467117690967e+00 1.544286159531248703e+00 3.985962271968091830e+00
6.979674062510073895e+01 6.350055270129775664e+01 7.187024969990596368e-01 3.095865150951857547e-01 2.885530757368521222e+02 1.570441043703362460e+00 4.536047034967384484e+00 -9.178382892240252167e-01 1.984006102122631399e+00 1.037324947783913265e+00 3.982878923083660538e+00
7.018530769168337713e+01 6.269315086795155878e+01 6.651395650864420084e-01 2.935482160655192851e-01 3.131522951647410196e+02 1.646111108891027186e+00 4.594787177759004138e+00 -9.759547435495140588e-01 1.867709977648726705e+00 1.388586417752274205e+00 3.983496245945382430e+00
7.085012177067092409e+01 6.177774437886964876e+01 5.966192365846395562e-01 3.028069089171197548e-01 3.165555619504905849e+02 1.656845940965891106e+00 4.551176216516719997e+00 -9.855698439954981849e-01 1.928043421363831778e+00 1.500794625320615472e+00 3.983475166385892940e+00
7.062721966088236059e+01 6.233372393708692982e+01 6.590927728573752198e-01 3.192425118862408651e-01 2.065569719161656508e+02 1.649032810032305729e+00 5.208347137372853375e+00 -9.734600370286263793e-01 1.439334430775306206e+00 1.350341261149766048e+00 3.988326468931978841e+00
7.307599248913730605e+01 5.961609096152655241e+01 5.181315656121803226e-01 3.158585150148615073e-01 2.362171139776463349e+02 1.664451069312824494e+00 4.897753875687540948e+00 -9.967456387853225186e-01 1.706888078621682237e+00 1.555017089303966982e+00 3.985728787561492403e+00
7.000269879046797428e+01 6.271174293200292027e+01 6.409706054029140621e-01 2.455610672398219896e-01 1.682561331625361447e+02 1.576511081036295003e+00 4.369192741180792261e+00 -9.291776207566062595e-01 2.205024787047996870e+00 1.431315922498027415e+00 3.982159331484717235e+00
6.990081669186994873e+01 6.291098938430427978e+01 5.472661989850974296e-01 3.560640461210995977e-01 2.581886652144846153e+02 1.631032089905551929e+00 4.811342323837020096e+00 -1.022987095528768320e+00 1.735607659842274719e+00 1.407913018951162165e+00 3.985127284314412321e+00
7.132949401971595194e+01 6.184742392281381740e+01 6.695016555929177438e-01 2.848719972920568111e-01 2.798385103120188546e+02 1.658601485116924623e+00 4.989884768651303482e+00 -1.006845543021028355e+00 1.516915355405181076e+00 1.155754989665439325e+00 3.986532754519903410e+00
7.012196386920079760e+01 6.253687378905579664e+01 6.136479045247738018e-01 2.852858769163794106e-01 2.528863338683311497e+02 1.592209716646080242e+00 5.053558202309940128e+00 -9.820284120482545287e-01 1.501459233511835523e+00 1.477546092636472741e+00 3.986956910734104742e+00
7.042743475182334123e+01 6.246021579506256671e+01 7.383681185266934843e-01 2.776844905850817113e-01 2.498856627967866757e+02 1.577547883871963208e+00 5.338018548939026608e+00 -9.422024550743813842e-01 1.254640613700470864e+00 1.301012304023489330e+00 3.989798190077192608e+00
7.019590013274691387e+01 6.285943816576152443e+01 6.786195550379298114e-01 3.009305719923634492e-01 2.477253394211039961e+02 1.655629378837371712e+00 5.165152490174338418e+00 -9.910270741529692007e-01 1.377350993922780820e+00 1.268526653063346998e+00 3.988000129398516336e+00
6.809024593992043606e+01 6.489910254561057457e+01 7.262203195823971891e-01 2.919895816017352153e-01 2.784950477926962549e+02 1.647544728128939040e+00 4.629153752894241691e+00 -9.446666399360670319e-01 1.897083655496279553e+00 1.308302954710616639e+00 3.983561525463411357e+00
6.946650751739967689e+01 6.351117298830099855e+01 6.490338353936342397e-01 3.489854122153402960e-01 2.118818997665216273e+02 1.615404115024567711e+00 5.390514631952767033e+00 -9.764356824277332647e-01 1.250999865352374618e+00 1.254697059966608075e+00 3.990172665333940660e+00
7.017736937747416448e+01 6.263650587880747622e+01 5.411792928673756498e-01 3.635671277589703210e-01 2.505012510110268806e+02 1.658753757848842936e+00 4.914892450077459785e+00 -9.877911384447815024e-01 1.648575529062790812e+00 1.403809337451529693e+00 3.985792566795463454e+00
7.021543372952443463e+01 6.286162580687142309e+01 6.223642822771233707e-01 3.909155058393244397e-01 3.086266520822089774e+02 1.650726861999823436e+00 4.850810850705084221e+00 -9.974836943211917717e-01 1.650014112883345874e+00 1.201656365548774641e+00 3.985394594233804266e+00
6.941571716050323460e+01 6.380120204853034238e+01 7.090751988861717647e-01 2.824026514345259753e-01 2.229261712131573461e+02 1.634422027573994907e+00 4.561785466767512176e+00 -1.008077540226804070e+00 1.992868180269826928e+00 1.142884332293411243e+00 3.983635321080262415e+00
6.972978976340283452e+01 6.342699050614218237e+01 7.082897699769840072e-01 2.823268669288959698e-01 2.575561274341686726e+02 1.639023856115870315e+00 4.476905859160424939e+00 -9.420022931285663148e-01 2.050718398448482471e+00 1.194723504830218941e+00 3.982661229257418167e+00
7.078686543060767633e+01 6.230966345463534140e+01 5.877216388895659671e-01 3.553992658786616632e-01 2.567390540821925242e+02 1.592580628786598895e+00 4.522035428362390697e+00 -9.687380574311987846e-01 2.005367720061801862e+00 1.155099619334464922e+00 3.983032081996246809e+00
7.001593262869782563e+01 6.291610165248835074e+01 7.046496033968775441e-01 2.711309179568069383e-01 2.370139612294411791e+02 1.588845559312897837e+00 4.868060335664946336e+00 -9.671457460664800720e-01 1.726261365114917012e+00 1.340042647941229514e+00 3.985410916941644732e+00
7.106069068298587865e+01 6.231320288448141298e+01 7.105429719860736348e-01 2.994067574709845525e-01 2.473757105490262802e+02 1.635092940147398144e+00 4.637947704526264481e+00 -9.830291281292554695e-01 1.909201977192690469e+00 1.048429809668412149e+00 3.983855977108307300e+00
6.901661462609801845e+01 6.393700759034357617e+01 6.433420755506193967e-01 3.592521112892074209e-01 2.480607671896403019e+02 1.606688663952166030e+00 4.873069574699294471e+00 -9.721398002899859225e-01 1.719668084886872172e+00 1.303599216557818741e+00 3.985351815561592126e+00
6.967374565142024778e+01 6.341164650751633758e+01 7.172046926284254553e-01 2.842788139871891828e-01 2.706290918772526766e+02 1.553084286548008341e+00 4.590749938129111030e+00 -9.448560826011948022e-01 1.961717937251902022e+00 1.116770365167785384e+00 3.983413559335821752e+00
7.162686800968285183e+01 6.138533872848653772e+01 6.931847420435733875e-01 2.404497876999324713e-01 2.582359287242617256e+02 1.597014303417294334e+00 4.295573064306119626e+00 -8.703716402744952063e-01 2.232456596919009328e+00 1.289459124296229886e+00 3.981436062140546461e+00
6.964288428443124701e+01 6.352375498431776180e+01 7.689118958443038609e-01 2.491462659173234728e-01 2.785438503581513601e+02 1.605788750363061235e+00 5.223736335177640022e+00 -9.716600765313173627e-01 1.311801545925048940e+00 1.142418310199336373e+00 3.988511254165703512e+00
7.067641214759647994e+01 6.255712585485929367e+01 7.048717251855752819e-01 3.206106998276558873e-01 2.478696114782123345e+02 1.674982489613482839e+00 4.916517828005127377e+00 -1.001046335430433309e+00 1.640214492135120938e+00 1.183371954135574278e+00 3.985892684088973681e+00
7.269762819605490733e+01 6.003687465717040794e+01 6.873020608554968325e-01 2.422937668033347258e-01 3.345970720321831209e+02 1.713417792466670475e+00 4.645293064522676652e+00 -9.817768871143796039e-01 1.843269735167995194e+00 1.595422250032542344e+00 3.983842033784183112e+00
7.150289024576554198e+01 6.152601398782566378e+01 7.039239093741525011e-01 2.215505799915210849e-01 2.328843685040903893e+02 1.573665269482745765e+00 4.726656547405765352e+00 -9.630957919987218618e-01 1.848966735821951701e+00 1.264936664085866802e+00 3.984305471555054545e+00
7.087127448468029911e+01 6.208014262731376220e+01 6.105817089850783530e-01 3.463088411168880332e-01 2.632847856926426857e+02 1.660218598828348213e+00 4.952003668095058764e+00 -9.988082237656900064e-01 1.609477491149916339e+00 1.298201512244663958e+00 3.986147927977185645e+00
7.138666855997284699e+01 6.129358882287746013e+01 5.800442774121361555e-01 4.231214339688164627e-01 1.953682664551009225e+02 1.753831425527504040e+00 4.998245722162378613e+00 -1.156433246859908559e+00 1.642532793296088922e+00 1.664123115417079468e+00 3.987091378971844069e+00
7.042743475182334123e+01 6.246021579506256671e+01 7.383681185266934843e-01 2.776844905850817113e-01 2.498856627967866757e+02 1.577547883871963208e+00 5.338018548939026608e+00 -9.422024550743813842e-01 1.254640613700470864e+00 1.301012304023489330e+00 3.989798190077192608e+00
6.838000615585704622e+01 6.482882811801111700e+01 6.273639394313217377e-01 3.400844223029461655e-01 2.603331254280666940e+02 1.606983458900022255e+00 4.791298932418271761e+00 -1.007450584381456293e+00 1.764938625292011842e+00 1.076730180368681733e+00 3.985006836396433272e+00
7.182426960827120865e+01 6.100597700092200881e+01 6.831780858102401988e-01 2.140111216566213947e-01 3.106627727444384846e+02 1.546703182208083893e+00 4.684048845263920846e+00 -9.589170727468571132e-01 1.820012868878868595e+00 1.333685442874934290e+00 3.984090771510998774e+00
7.024587038499278435e+01 6.301065758381619020e+01 6.529195015628816989e-01 3.046202692608041551e-01 2.422151943927040065e+02 1.612394165149531933e+00 5.222304199817096482e+00 -9.761152880516004160e-01 1.338430740986659373e+00 1.060764892790748926e+00 3.988500703751082455e+00
7.003371611466224067e+01 6.299798118593794527e+01 7.315594932246324289e-01 2.447373957629633556e-01 2.622701640028457746e+02 1.616739726925577658e+00 4.415105765447480124e+00 -9.464447636615509474e-01 2.089113410374483504e+00 1.258170473832272984e+00 3.982520777295006642e+00
6.966764221771045129e+01 6.325568681405741245e+01 6.357258596797427108e-01 3.843590839394014358e-01 2.961438602675689253e+02 1.676967682735094334e+00 4.426853527075851780e+00 -9.205983710171288248e-01 2.077712981996981956e+00 1.350690605166454450e+00 3.982364487894074934e+00
6.930135731068207861e+01 6.356984759036604515e+01 7.045235081503666841e-01 2.509749314071758053e-01 2.793359658729013404e+02 1.549238542915247763e+00 4.522946219897832520e+00 -9.308249589502152199e-01 1.987755994161071404e+00 1.282824810423248252e+00 3.982910955470854830e+00
7.146032000140060347e+01 6.153168001061091275e+01 5.843519298019163033e-01 3.145910387551476006e-01 2.422912217368086942e+02 1.635249945822779383e+00 5.166057643965356938e+00 -9.585229160535623238e-01 1.412750048965434102e+00 1.265856209006846367e+00 3.987954017643003279e+00
7.115520858766073786e+01 6.177097138016085864e+01 6.795511645759245711e-01 2.695954686023011582e-01 3.071713512684345915e+02 1.681710447765254468e+00 5.049956014296396845e+00 -1.010868112121703133e+00 1.423574531467415305e+00 1.345639452131489389e+00 3.986975765713341779e+00
7.192634118141208432e+01 6.110428039952776658e+01 4.800701352744244921e-01 4.042360489621344977e-01 2.700910326391567082e+02 1.656870918386106117e+00 4.894340860857088416e+00 -1.003058864974346820e+00 1.647173525058247101e+00 1.279360440257605758e+00 3.985646736545517044e+00
6.998856989259634531e+01 6.301702520755802084e+01 6.303551926815743611e-01 3.256111381378918868e-01 2.597329706826546385e+02 1.686108544736496517e+00 5.146957412019983913e+00 -9.924867629288843807e-01 1.379210485790055563e+00 1.257483655447973581e+00 3.987814290217111868e+00
6.980916888340514959e+01 6.340851983727119290e+01 7.541513332664201430e-01 3.245238538303058529e-01 2.341847916327067196e+02 1.690505992942352487e+00 5.448579368491885511e+00 -9.519509766530019901e-01 1.128292332085021554e+00 1.115007152372935462e+00 3.990844542419048402e+00
7.015479687873468606e+01 6.296388769786921102e+01 7.428668588121821736e-01 2.193536547526990788e-01 2.912990869670831557e+02 1.524044857109581264e+00 4.809338965283360245e+00 -9.757177547926662031e-01 1.698378410453129872e+00 1.123879644346060136e+00 3.984979368603024596e+00
7.109262951486947202e+01 6.166012625185404517e+01 7.175642114198200749e-01 2.920550490901577256e-01 2.032040529408959628e+02 1.669564511498516257e+00 4.546571459126481862e+00 -9.913967142842289304e-01 2.040452077912742190e+00 1.530426802972029154e+00 3.983463138529872438e+00
7.025405009894019770e+01 6.239635110043640509e+01 5.831158635298931969e-01 3.192586497736505935e-01 3.335234177807590186e+02 1.611427427326959538e+00 4.948383352082504238e+00 -9.684390192781966444e-01 1.542254016122712956e+00 1.475362611178465233e+00 3.986034728269605587e+00
6.981040218135554198e+01 6.342353565994859110e+01 7.673498247206106404e-01 2.546170891123025193e-01 3.106255630633286273e+02 1.665054559198777762e+00 5.069832142894556526e+00 -9.727253410639468134e-01 1.414805298989766591e+00 1.109054224681927714e+00 3.987161801093813462e+00
7.321700675331075558e+01 5.956963194301147269e+01 5.785067000144548111e-01 3.694539517573082743e-01 1.804652799980548252e+02 1.653599302928396186e+00 4.326000161294681234e+00 -9.188774648295704450e-01 2.257062272342047038e+00 1.575866998928657337e+00 3.981896716554478299e+00
6.969415912279838210e+01 6.336087443854255241e+01 6.472392838967362394e-01 2.966146813286590356e-01 2.479936484434674355e+02 1.675201374597206305e+00 5.150581205243516258e+00 -1.012762790766823962e+00 1.413001452934740998e+00 1.279074558098708625e+00 3.987820720866540380e+00
7.173878160671462467e+01 6.100058348166043487e+01 5.813433509441302549e-01 3.242156618853990202e-01 2.561627774276736886e+02 1.689341663401067617e+00 5.390732330740620526e+00 -9.613621196582328166e-01 1.179826479258714533e+00 1.474958131527288385e+00 3.990203822909894171e+00
7.060315108232759940e+01 6.242503272231700606e+01 6.163001689274216766e-01 3.015450231771183986e-01 2.644443783872108611e+02 1.628186166747632502e+00 5.303074658435600774e+00 -9.625312496348760183e-01 1.250594264153993773e+00 1.242205238613062868e+00 3.989279043820463500e+00
7.101308398637411301e+01 6.173683537436712498e+01 5.296060278187574299e-01 3.339643341749646832e-01 2.916497097254198252e+02 1.676455228862702596e+00 5.065531070794427215e+00 -9.997408178150916092e-01 1.449428608498126270e+00 1.473431500598417765e+00 3.987023116384845522e+00
6.958791956113583410e+01 6.311371858518028688e+01 7.124983262385653493e-01 2.531059960069131365e-01 2.680140394728224464e+02 1.580550011148936118e+00 4.690620333454002200e+00 -9.819595968316839896e-01 1.842461895703992214e+00 1.460313742613793986e+00 3.984190079839990961e+00
6.955566750158655509e+01 6.342214781380425848e+01 6.347719675105686354e-01 3.118870638957413344e-01 2.448758801623670820e+02 1.627435984142487690e+00 4.738692003866895597e+00 -9.733389667744369866e-01 1.830427011968577267e+00 1.283942167084623165e+00 3.984484969180497327e+00
7.215369192466695836e+01 6.062559332357157871e+01 5.274857610914784889e-01 3.313834738465014085e-01 2.345865760181604003e+02 1.647175434064484634e+00 4.737464210064180392e+00 -9.745546448834387920e-01 1.843405307728851694e+00 1.437849555824443071e+00 3.984404441618389026e+00
7.059671977032323298e+01 6.215697682020185511e+01 6.551693711959878375e-01 2.510039772878006059e-01 2.530668875428904414e+02 1.590076242346383228e+00 4.607071939043826170e+00 -9.725673723726824260e-01 1.941365115137970943e+00 1.431427031558016427e+00 3.983627140631804231e+00
7.072862519027772521e+01 6.221528220832858125e+01 6.615644406522381837e-01 2.515039727925573176e-01 2.047726759389355493e+02 1.523783897225689410e+00 4.663980934767526065e+00 -9.680387575064984818e-01 1.940130451519044064e+00 1.166743430760936562e+00 3.983955500025552432e+00
7.027872578845610008e+01 6.270363665919455798e+01 6.857683107477801077e-01 3.259717553318265404e-01 3.036062455572943009e+02 1.633236284158249507e+00 5.075216822543407780e+00 -9.794373928047400701e-01 1.468784731507466690e+00 1.309351925595076738e+00 3.987165522573896226e+00
6.978663994958067462e+01 6.307300517258671846e+01 7.225854839951518782e-01 2.700237327750386607e-01 2.192181547544663545e+02 1.648703315480097187e+00 5.139761382210273233e+00 -1.028817819072726181e+00 1.458157061395181753e+00 1.444155609265728391e+00 3.987741068969134162e+00
7.085526197481279098e+01 6.185984437992357954e+01 5.897891512480547549e-01 3.586951905764336201e-01 2.359925530058776246e+02 1.700527972584798819e+00 5.338718650491015794e+00 -9.501342122660482170e-01 1.277279258616383473e+00 1.519444167954145719e+00 3.989734615188149647e+00
6.947022702723327825e+01 6.325148542871374246e+01 6.307005351356319567e-01 3.214982922010818367e-01 2.478457450301139033e+02 1.616264107308271081e+00 4.476071096254741200e+00 -9.351003457018769449e-01 2.072753144844583062e+00 1.508627871886255800e+00 3.982719178938678883e+00
6.947846650702258842e+01 6.338895743259405435e+01 7.794717488375052517e-01 2.270136349211856475e-01 2.181655664581375333e+02 1.604512927006398915e+00 5.534315667944023076e+00 -8.986150357704929537e-01 1.078017245740447549e+00 1.334367028118728760e+00 3.992130446174378289e+00
6.979958836838505931e+01 6.273944926757705076e+01 5.006145008408375841e-01 3.463973358594523710e-01 3.053237279161445485e+02 1.667469204055713528e+00 4.732006480354656652e+00 -9.885561936928187743e-01 1.774586460866247384e+00 1.580286440043865204e+00 3.984535440358336178e+00
7.146607121562466602e+01 6.157173006286988226e+01 6.545687826694098765e-01 2.596849541821368845e-01 2.823425241674594304e+02 1.691314659519953079e+00 5.153972083321217923e+00 -9.813048567413056311e-01 1.359099177360065136e+00 1.317418175424499127e+00 3.987844809176229965e+00
7.110506647996278673e+01 6.192834807878041659e+01 5.867070435498571435e-01 3.373197933750056166e-01 2.300121934075311287e+02 1.640915923005466626e+00 5.237454978854610310e+00 -1.036327867631855693e+00 1.352305718901816389e+00 1.233914458663168512e+00 3.988618133239384633e+00
7.056470868563113186e+01 6.214360132530377001e+01 5.499779661664438990e-01 3.234222387757154649e-01 2.237900357167883101e+02 1.624262332618230609e+00 4.293441822896865823e+00 -8.756314406960659102e-01 2.260022331674138130e+00 1.480216574495267334e+00 3.981485480886960193e+00
7.020749803935434841e+01 6.279106180474604315e+01 7.057535242959762645e-01 2.505168756899384674e-01 2.529410215116086249e+02 1.552574851852230431e+00 4.893487202462512009e+00 -9.924769484821320820e-01 1.665247829105406474e+00 1.237718123095487455e+00 3.985654784133561446e+00
7.104628690597019158e+01 6.162912055331874939e+01 4.968604685177705482e-01 3.792592184096932328e-01 2.615919367751318987e+02 1.665708553286437077e+00 5.206288971521754405e+00 -9.808142521207875442e-01 1.374628109729275849e+00 1.512004118262963992e+00 3.988320765676849344e+00
6.918745464948329982e+01 6.393657318818114277e+01 6.917514986137480726e-01 2.887774318313383048e-01 2.673540933594481430e+02 1.525780358095091049e+00 5.132094721258334324e+00 -9.714389475944990027e-01 1.397595413087338923e+00 1.062782882123028072e+00 3.987639766552677489e+00
6.953407702356042819e+01 6.351554016952709247e+01 6.762667361707730418e-01 2.627832838507462299e-01 2.411821494600686151e+02 1.583660321883311628e+00 5.031259807335918488e+00 -9.764907961557689475e-01 1.531202176261770243e+00 1.165353751184305064e+00 3.986753579777241541e+00
7.097706355955281765e+01 6.190448076870152505e+01 4.974289064921522674e-01 3.633270980968903441e-01 2.802410299248934962e+02 1.611721007987910959e+00 4.882612798503755513e+00 -9.973835009240594740e-01 1.642167009138419509e+00 1.282595112370725987e+00 3.985659952629978964e+00
7.048211114215138196e+01 6.255996151955346818e+01 6.311679270685187637e-01 3.180718863847273870e-01 2.713194243904806058e+02 1.624909750709383927e+00 5.336549110990359779e+00 -9.519662984893856317e-01 1.207967106119448797e+00 1.197285460600139295e+00 3.989755393687168805e+00
6.966536069018160049e+01 6.323856075119606857e+01 6.822528513378172121e-01 2.102555799146507143e-01 1.956340837346081400e+02 1.543828975835412676e+00 4.708404951206737188e+00 -9.701623427945710310e-01 1.898634263844007686e+00 1.268960118691124572e+00 3.984245257510029337e+00
7.027891812557750484e+01 6.302362908661968532e+01 6.790115651015227183e-01 3.225404804392036362e-01 2.402542762284082016e+02 1.652464064672408917e+00 4.808919044246464658e+00 -9.865492512545662729e-01 1.759888310515887122e+00 1.119438513225990528e+00 3.984931867688278118e+00
7.168287770778742640e+01 6.096235443610539306e+01 6.492733749698420542e-01 2.443310957936583594e-01 2.651153212615130315e+02 1.672490837542446318e+00 4.812635761406554025e+00 -1.050626216952140091e+00 1.720359045954265031e+00 1.559356072687284378e+00 3.985418939010915373e+00
7.054024311531229330e+01 6.244491647011438573e+01 7.379896179587803751e-01 2.496236430486807045e-01 2.312743504728107666e+02 1.609639152128752304e+00 4.580266682995369543e+00 -9.374742280697564434e-01 1.960867003339790360e+00 1.275631829716151744e+00 3.983235585368352538e+00
7.272667767601289768e+01 5.978499434283339298e+01 4.752472471933134046e-01 3.500922175423509808e-01 1.515765753625410923e+02 1.619210344560050974e+00 4.247422398507855412e+00 -8.911806050403766610e-01 2.349450165281683933e+00 1.694394806686295940e+00 3.981511837404410947e+00
6.908617648911538822e+01 6.371306157901514666e+01 7.530032174199706718e-01 2.029898522038963704e-01 2.394040916053083947e+02 1.589094404157548546e+00 4.656892332253800504e+00 -9.955912449072096271e-01 1.882862306366776650e+00 1.431699134398625617e+00 3.984011645036304561e+00
7.187020354867763672e+01 6.098574697708382075e+01 7.185867126185250253e-01 2.204768300295115169e-01 3.040574945894084635e+02 1.586550424019707917e+00 4.806031101348399837e+00 -9.628625840566117366e-01 1.721755256339037476e+00 1.413237227047787536e+00 3.984885573128419622e+00
7.194581505707284919e+01 6.099802545300988044e+01 5.659113927052747961e-01 3.797303475151966312e-01 2.296599301503089237e+02 1.741464166421273774e+00 4.911918489833828616e+00 -1.102571634294424952e+00 1.699045302756936104e+00 1.441249556049064351e+00 3.986389060099717607e+00
7.095101067434889330e+01 6.186482391897863664e+01 4.867173936439573301e-01 3.909484359546845367e-01 2.565561833166491397e+02 1.626271300417530208e+00 5.057277709966959911e+00 -9.913573729461125916e-01 1.525860695783164633e+00 1.351817311816414069e+00 3.987000128922960407e+00
7.045238184301977924e+01 6.238696687521139239e+01 6.530149273379743935e-01 2.833580758957061074e-01 1.714576471514336049e+02 1.606495571983805659e+00 4.417607724235769417e+00 -9.346897402743330474e-01 2.181863635290812731e+00 1.411246840490167687e+00 3.982350406106158314e+00
7.139570409952210639e+01 6.149953943891747343e+01 5.070671637953457767e-01 3.361263834225687863e-01 2.379337810719231641e+02 1.603725416802626702e+00 4.649880923139689592e+00 -9.609472699851732136e-01 1.910939493386744292e+00 1.313145615800323407e+00 3.983758659207957020e+00
7.162800867859537846e+01 6.117334209227769293e+01 5.729626697373345623e-01 2.663450759194640471e-01 2.170784161646008670e+02 1.555436891762190355e+00 5.437026379901530149e+00 -9.392720244533343532e-01 1.186434384473594505e+00 1.349380857563109881e+00 3.990757902163959869e+00
7.045898577253801420e+01 6.258436179559716805e+01 6.932047970233173873e-01 2.544241252314337065e-01 2.478915520061517554e+02 1.582857329451041073e+00 5.166757631168939824e+00 -9.933988281389209973e-01 1.383783309034302578e+00 1.194121086912069529e+00 3.988001851208142767e+00
7.088747329181863677e+01 6.197616988242299385e+01 4.776710169857778521e-01 3.358516827024091156e-01 2.449737297114493515e+02 1.571888063717108208e+00 5.048816722823461056e+00 -9.942239579068342659e-01 1.527901800645154795e+00 1.293048652918045160e+00 3.986944014850192008e+00
7.415806904988723147e+01 5.863573445420156816e+01 6.191350524530592203e-01 2.347300401971883221e-01 2.367755659734579865e+02 1.564677521481253830e+00 4.852372400464341595e+00 -9.901328217828855305e-01 1.724997217766355950e+00 1.459969907645444431e+00 3.985371312837986402e+00
7.078686543060767633e+01 6.230966345463534140e+01 5.877216388895659671e-01 3.553992658786616632e-01 2.567390540821925242e+02 1.592580628786598895e+00 4.522035428362390697e+00 -9.687380574311987846e-01 2.005367720061801862e+00 1.155099619334464922e+00 3.983032081996246809e+00
7.003371611466224067e+01 6.299798118593794527e+01 7.315594932246324289e-01 2.447373957629633556e-01 2.622701640028457746e+02 1.616739726925577658e+00 4.415105765447480124e+00 -9.464447636615509474e-01 2.089113410374483504e+00 1.258170473832272984e+00 3.982520777295006642e+00
7.005436230903356432e+01 6.247467644670863507e+01 7.057098833551997963e-01 2.944855976001455322e-01 2.958410905122442500e+02 1.622663329871165239e+00 4.881613922001104555e+00 -9.710116236707436732e-01 1.672033639570283059e+00 1.586051686164896335e+00 3.985519342425361877e+00
7.059714884304429461e+01 6.203625364437088052e+01 4.886685492412188858e-01 3.411873666703555963e-01 2.814491520248558345e+02 1.637120987038032327e+00 4.817860910132763408e+00 -9.732134261584628465e-01 1.706826067438423689e+00 1.544180513019007162e+00 3.984998292388518770e+00
7.232696231330845649e+01 6.040612620413462963e+01 6.414536365911108762e-01 2.780650056926430858e-01 2.613182433049086626e+02 1.659880869295788264e+00 4.370079000805168867e+00 -9.451827243257846511e-01 2.143469196391421416e+00 1.553743968033840295e+00 3.982310109314653790e+00
6.992859017917078290e+01 6.306465387428181657e+01 6.205149991342437943e-01 3.229507061953937330e-01 2.639142672205215945e+02 1.544396448244769848e+00 5.057528801306809818e+00 -9.609061700512345761e-01 1.545269403959162569e+00 1.213099334802801854e+00 3.987044641806483547e+00
7.182366054559778945e+01 6.129078607727279859e+01 5.382141071188429882e-01 3.868761568879001689e-01 2.466940385901407637e+02 1.665069795668771446e+00 4.529321158338387221e+00 -9.592929012081814477e-01 1.999431965799556288e+00 1.189211394803309840e+00 3.983115418388595064e+00
7.086960257735856317e+01 6.193858737915385859e+01 6.231667190263221467e-01 2.756073141511830582e-01 2.899306105185397655e+02 1.667777051017945933e+00 5.088864059146978036e+00 -9.995040485888295745e-01 1.432804136817179108e+00 1.447881807067895377e+00 3.987212106952936264e+00
6.962682039327647487e+01 6.327380107064936965e+01 5.664208702401909434e-01 3.634086502168576427e-01 2.272876952217771134e+02 1.643586426060190675e+00 4.943469418036864127e+00 -1.006809943070004820e+00 1.650547217483878226e+00 1.378116041802540881e+00 3.986104203305342430e+00
6.799087854582198531e+01 6.486388438795391664e+01 7.017121543432455200e-01 3.525984746845115536e-01 2.099551153147245088e+02 1.671990051874933103e+00 5.281370417672018647e+00 -9.964302779994634873e-01 1.325768899499764952e+00 1.426627531942083138e+00 3.989033134337679698e+00
7.086784574873408360e+01 6.203193669902159257e+01 6.811205738308485635e-01 2.675482167850118387e-01 2.899606746155761243e+02 1.648850474624654172e+00 4.776762309544301921e+00 -1.023653619249808910e+00 1.719551594806849160e+00 1.399144598049177457e+00 3.984960172609108398e+00
6.964854386137211861e+01 6.314111102966513300e+01 6.704711120310729022e-01 3.008151428517802928e-01 1.983857162325735715e+02 1.676441922399182438e+00 5.206670331657416995e+00 -1.034662452065104432e+00 1.403752243840246772e+00 1.462666138331485177e+00 3.988378675640848581e+00
7.261062832687947832e+01 6.025654387794468647e+01 5.874339759512968717e-01 2.429858100705178381e-01 2.683534309219991769e+02 1.678488681923087311e+00 4.619559311935024226e+00 -9.895859739865242588e-01 1.907192302001230688e+00 1.517755385690465086e+00 3.983756425078549768e+00
7.105872375952110076e+01 6.184880956054167456e+01 6.236204490185913718e-01 3.194652971297756161e-01 2.489688671044075932e+02 1.644379074620155423e+00 4.878682189619036436e+00 -9.645299246644795099e-01 1.727797958688214841e+00 1.396165771202383610e+00 3.985367345929738292e+00
7.083547321173487887e+01 6.206121801890783729e+01 6.033046673094591972e-01 3.165638779513143541e-01 2.170904607903601118e+02 1.666409278873931532e+00 5.569031194986682642e+00 -8.839192619790148253e-01 1.070833783028262154e+00 1.344010367516580651e+00 3.992485645899405799e+00
6.958397339776809076e+01 6.341903848223707740e+01 6.837776973600849795e-01 3.560515367251293473e-01 2.079151538500390188e+02 1.664276072340068025e+00 4.339580824000136339e+00 -9.213058555493585100e-01 2.217455797812612150e+00 1.393800438947602416e+00 3.981943446767021388e+00
7.109615034635929476e+01 6.206107080098387740e+01 7.501340763864450256e-01 2.324817690403341852e-01 2.808927633216543427e+02 1.619298362054929497e+00 4.544626954436687072e+00 -9.445973788686854444e-01 1.960512041191185162e+00 1.234751882365090037e+00 3.983029083329866271e+00
7.111473144968701376e+01 6.163401798023323153e+01 7.044430182329253221e-01 2.700121830415538327e-01 2.590466703075002215e+02 1.629445760676813570e+00 4.732094457978015534e+00 -9.912867579915398686e-01 1.809955030036759949e+00 1.493009643431803646e+00 3.984497656430407542e+00
7.017935882342550258e+01 6.260966857303623101e+01 6.500004372128452834e-01 3.838995729600357398e-01 3.013698371765571551e+02 1.671660563525198873e+00 4.743981294057200593e+00 -9.518871558582889802e-01 1.814709894077418229e+00 1.508891858209843173e+00 3.984386569559764002e+00
7.048301276221738476e+01 6.270965204628659251e+01 7.513773575406748062e-01 3.050919353970654724e-01 2.866981793629821595e+02 1.592971427351063562e+00 4.626975264298947899e+00 -9.683445861277967248e-01 1.896196644242538420e+00 1.153256698674880010e+00 3.983622279255199850e+00
6.975105563401278630e+01 6.316153278469182197e+01 4.547032494456750285e-01 4.214176459730480384e-01 2.583904537809688691e+02 1.665872176192508602e+00 4.646236073259133015e+00 -1.015444824326242834e+00 1.922005503623205325e+00 1.309391522095295635e+00 3.984095601684941368e+00
7.045402235304395333e+01 6.254615628733206734e+01 6.161305274902016960e-01 3.199114219013919902e-01 2.469106120574807051e+02 1.645886652598939515e+00 4.792387917085139115e+00 -1.016337378681676951e+00 1.757609838809592429e+00 1.305979113745596720e+00 3.985026520824480833e+00
7.041706438113456556e+01 6.272702360503545549e+01 6.969768710110584298e-01 2.562187645500338395e-01 2.280075214969991748e+02 1.588008032068080944e+00 5.320314239812158341e+00 -9.448157784404875859e-01 1.268356830014883752e+00 1.171818292538450601e+00 3.989516944920699082e+00
6.918948679992841733e+01 6.360573232555925927e+01 6.335276810996165464e-01 3.313406091321721703e-01 2.187126050315164889e+02 1.607738349417144885e+00 4.342914743555204460e+00 -9.212717019645504379e-01 2.213163575756741608e+00 1.379145000319439429e+00 3.982068650910485008e+00
6.882750846239127895e+01 6.426980746455407711e+01 7.188561870323189051e-01 2.670417764818091011e-01 2.274434610648848150e+02 1.577661032369406469e+00 4.913996419513603442e+00 -1.023103746343982268e+00 1.620744176782338064e+00 1.142462969121254002e+00 3.985984347591032595e+00
7.025797187002270050e+01 6.268299406940969476e+01 6.519887556282546459e-01 2.932444018676221287e-01 2.350438147877771087e+02 1.587342839990907084e+00 4.504127221126222658e+00 -9.473664013790157323e-01 2.055848523641671921e+00 1.307182409890012442e+00 3.982903152130504498e+00
7.021568745726372640e+01 6.256431301381218191e+01 5.221289738181514872e-01 3.316921377325708908e-01 2.468605444379988398e+02 1.601280390216808014e+00 4.701825683483250806e+00 -1.004133997541014400e+00 1.860544253345214116e+00 1.337462194946047900e+00 3.984394788848580227e+00
7.049017393560130529e+01 6.259486697402932265e+01 6.633438218622470517e-01 2.983519990216578210e-01 2.515604940882035123e+02 1.619607042458325763e+00 4.842004386706458163e+00 -1.008560436128793203e+00 1.719651627866835675e+00 1.186371905861382192e+00 3.985313206687338017e+00
7.246449337212561659e+01 6.038712356830798456e+01 5.972696367780820914e-01 2.443567193123979131e-01 2.495592608739871139e+02 1.619350189174550092e+00 4.414022582687915808e+00 -9.360685824701567848e-01 2.112408951366791410e+00 1.445634938966347205e+00 3.982397116399036818e+00
7.083149949569676096e+01 6.195129958693438965e+01 5.054960565188905131e-01 3.948842569191073348e-01 1.387531313777388675e+02 1.628925339037485376e+00 4.184063672278734991e+00 -8.573611999735472056e-01 2.421263913243199006e+00 1.520153444036893786e+00 3.981044129052575098e+00
6.879799496386142721e+01 6.435168697054392339e+01 6.266390639827010833e-01 2.890682175693165545e-01 2.872454024669351043e+02 1.534331250022338944e+00 4.604838829711552783e+00 -9.473019242440114951e-01 1.920916145791615737e+00 1.048940696201292599e+00 3.983414944514333644e+00
7.008407947449380515e+01 6.289217433781075783e+01 6.202747725456801975e-01 3.479795634518951242e-01 2.379038246831141237e+02 1.635674739647338116e+00 5.134953247673940346e+00 -9.986308298146449047e-01 1.445128886098292931e+00 1.270875402652645647e+00 3.987711173381411456e+00
7.077505557829623228e+01 6.206059865844711254e+01 5.571302711616435976e-01 2.815404721071093630e-01 2.682592771228902393e+02 1.527813118140344040e+00 4.472095425191449536e+00 -9.008085855587359969e-01 2.091850592581192103e+00 1.343632747930243676e+00 3.982370847588999840e+00
7.078766370460351709e+01 6.244936315450330255e+01 6.997195349689869781e-01 2.743665572171720690e-01 2.464666941372427971e+02 1.584867525046445680e+00 5.331354925584699700e+00 -9.613608969451649111e-01 1.233506867961400744e+00 1.080349180653691121e+00 3.989530101426233877e+00
7.129726589355499300e+01 6.162482300600145635e+01 6.049539053517587472e-01 3.695576762647467262e-01 2.035130143842592645e+02 1.632807493995386272e+00 4.601908052520077952e+00 -9.992070427180465009e-01 1.983004615558837003e+00 1.361066985904891613e+00 3.983704174773669227e+00
7.056177264692362883e+01 6.204323192100399353e+01 7.077156138276760045e-01 2.278865735918822744e-01 2.764740480153593580e+02 1.580055388613793133e+00 5.009750156675749189e+00 -1.053124876594133452e+00 1.490026322923601487e+00 1.517368658291909034e+00 3.986790384053508607e+00
6.989844949047902389e+01 6.317294666199584441e+01 6.345909606190816010e-01 3.572800966290890501e-01 2.659607084580658238e+02 1.614206230910493645e+00 5.021327040059363256e+00 -9.911830316230455518e-01 1.504726867909624399e+00 1.174836154948837974e+00 3.986676205037591902e+00
7.054724107497173691e+01 6.239468445716972411e+01 6.597662879399193159e-01 3.302936448431885164e-01 2.417709269152545914e+02 1.649159281765605334e+00 4.967867355331750723e+00 -1.013783160855184828e+00 1.594746201545556463e+00 1.307633043749433455e+00 3.986313256282511208e+00
7.330530731546697609e+01 5.952998293377210359e+01 5.817801042208016193e-01 3.220785748715371821e-01 2.199933951019085896e+02 1.678817584030741328e+00 5.374416270258615569e+00 -9.986765271878207395e-01 1.262277694707276909e+00 1.428524566550221531e+00 3.989873578781967911e+00
6.913703836587400531e+01 6.394890801393185598e+01 6.947208842987844246e-01 2.328315283153853388e-01 2.441789421606981421e+02 1.579389257158490878e+00 4.810424779845690502e+00 -1.010214225888153239e+00 1.768284120514355795e+00 1.176920933449206785e+00 3.985093340239942883e+00
7.246947935586014466e+01 6.019348824772526996e+01 5.428731905202942576e-01 3.397265027158595241e-01 2.373406633435083677e+02 1.662115980158735962e+00 5.078978270295992914e+00 -9.956749345244002569e-01 1.522373600147543193e+00 1.571813549186379166e+00 3.987284518514838894e+00
6.975921640878635799e+01 6.333812640379407100e+01 5.632125739683750965e-01 2.882847754185956513e-01 2.639288095413003816e+02 1.578944196345562823e+00 4.833738525375163242e+00 -9.953782015770830105e-01 1.701046569516667439e+00 1.129429036925067464e+00 3.985249062609518944e+00
7.138873595156751151e+01 6.142808629670616227e+01 6.078194142561663682e-01 3.044684636033447300e-01 2.777178170168269276e+02 1.652891965267227148e+00 5.046564964849993729e+00 -1.019466650254317264e+00 1.465049427463766873e+00 1.383192960591187459e+00 3.986927125516738002e+00
6.942756434151577594e+01 6.362684420697127052e+01 7.353343449563402023e-01 2.620015521148205129e-01 2.840672900351939916e+02 1.613132483130613748e+00 4.655645192581479463e+00 -9.705913288054062171e-01 1.867164712773009771e+00 1.285834486243032648e+00 3.983774591163474099e+00
7.076902520635938743e+01 6.205534174945779569e+01 5.496050413816117031e-01 3.569067574165009082e-01 2.918251638649058464e+02 1.638104026710861083e+00 4.967561285375111879e+00 -9.912742113536971988e-01 1.559184714829455753e+00 1.437601190530652939e+00 3.986180560757284219e+00
7.054887113945599708e+01 6.209748971458951416e+01 6.236874704699553185e-01 3.144496333826526380e-01 2.024839365862380305e+02 1.669369357718486269e+00 5.360805849942773982e+00 -1.012934692201469478e+00 1.274224649204963367e+00 1.593459864045241536e+00 3.989793039394668117e+00
7.098853329546246016e+01 6.200633061742464491e+01 6.091383751739223307e-01 3.041588355085836359e-01 2.447970822676144849e+02 1.639390833269531500e+00 4.577189541190160860e+00 -9.700779045461571659e-01 1.968898218823740276e+00 1.293547662834714895e+00 3.983435611431492607e+00
7.151579523036821229e+01 6.152128470274131899e+01 5.856246307277158669e-01 3.437415070444110876e-01 2.117076020581505134e+02 1.627917531142907492e+00 4.500595312928582281e+00 -9.606657937664180302e-01 2.075940755968324059e+00 1.312000228274836644e+00 3.982962010474120795e+00
7.015698135140873148e+01 6.268669732506966596e+01 6.846323164033846220e-01 2.209595907622790845e-01 3.087427964802115525e+02 1.551809181207214117e+00 4.890500533600957489e+00 -9.719090565936931991e-01 1.639578817357322915e+00 1.354161091576542075e+00 3.985612383059894626e+00
7.102760104314572231e+01 6.196761347067828751e+01 7.217507987762120658e-01 2.599114639356516210e-01 2.432269365120726263e+02 1.639805281744036503e+00 4.461454520151638015e+00 -9.425103626254766054e-01 2.093792385344516838e+00 1.427868308796670149e+00 3.982589201740716955e+00
6.829748651766118428e+01 6.443876316865328135e+01 6.536968125742528279e-01 2.860126231075468817e-01 2.521483712309122325e+02 1.583755984404741968e+00 4.975832125714608090e+00 -9.982985956406285055e-01 1.577414492505883503e+00 1.367253628288500611e+00 3.986351658428674227e+00
7.303310576513811725e+01 6.005543469803970424e+01 4.807959398657493111e-01 4.584094279864802668e-01 2.474601203748782439e+02 1.748956527124466476e+00 4.934099643046053529e+00 -1.024032175390783728e+00 1.669819694233570129e+00 1.341456013864401164e+00 3.986085210021579339e+00
7.162943112840810045e+01 6.140380653251131093e+01 7.009679158339873206e-01 3.061507746886306669e-01 2.146755345928803251e+02 1.668754736721358212e+00 4.563782024203054455e+00 -1.009629097367365613e+00 1.999815141510672412e+00 1.343952790021989196e+00 3.983613848833713611e+00
7.097831653723531531e+01 6.192938557139103040e+01 5.522900888210289239e-01 3.293249444680957372e-01 2.529574937684236318e+02 1.561362190890138280e+00 4.491587639596905213e+00 -9.286867311431811212e-01 2.055109691936686467e+00 1.270836080572182336e+00 3.982725619625770541e+00
6.831180605484063051e+01 6.448124500824921768e+01 6.607478774920235720e-01 2.599913560810341862e-01 2.815359439590289981e+02 1.598018365545893271e+00 5.059834854026814099e+00 -9.545232485049791604e-01 1.497205315576413120e+00 1.358156176835973339e+00 3.986994148252986925e+00
7.256785907093420462e+01 5.982846094767049294e+01 5.581178707895930735e-01 2.344370796653433286e-01 2.632964812696946524e+02 1.641819878520369480e+00 4.862484436978019353e+00 -1.002561196981796465e+00 1.693716305890428986e+00 1.767697921261301319e+00 3.985519603642363240e+00
6.877037493399593870e+01 6.401999745709190393e+01 7.050945172066136468e-01 2.952093172696485524e-01 2.130728098073699357e+02 1.643115596718765170e+00 5.417025001340699752e+00 -9.547240642726871895e-01 1.209772998906741392e+00 1.410908497564789865e+00 3.990536466995871834e+00
7.139108476244703638e+01 6.105480104125736318e+01 4.098455291024833413e-01 4.024088962217984844e-01 2.334264793403462193e+02 1.611413276526260763e+00 4.357059246250647000e+00 -9.370874716130582760e-01 2.188514926171480468e+00 1.575058085820534748e+00 3.982205445571249669e+00
6.980696943107837171e+01 6.288644788344127079e+01 6.456287380545963073e-01 2.582954092078734720e-01 2.349086778651559939e+02 1.622293389127405172e+00 5.164483119322916593e+00 -9.978369270475073716e-01 1.442045983953518684e+00 1.523493065878902541e+00 3.987965181175406215e+00
7.200576976217423919e+01 6.100229658473013927e+01 7.015732369058998996e-01 2.096730574122912250e-01 2.330658823096021024e+02 1.555472144672289447e+00 4.554486878341953648e+00 -9.588816330172144076e-01 2.007845852999663450e+00 1.268546005259945764e+00 3.983176817639856537e+00
6.732837108941934900e+01 6.586298085587412743e+01 7.022301888780769774e-01 2.795196528284772941e-01 2.473164011812250180e+02 1.560373123793705963e+00 4.497673502653714017e+00 -9.498988477661446383e-01 2.025311988554461706e+00 1.079350483044665632e+00 3.982797683717077319e+00
7.247284450131948574e+01 6.005500378850133814e+01 4.546901793771052636e-01 3.576631095052679732e-01 2.197291165648025810e+02 1.699638672907392012e+00 5.217603896671677788e+00 -9.861491592397070294e-01 1.392657270131741454e+00 1.631146692437120516e+00 3.988451571651480787e+00
6.764699128448452825e+01 6.533918394095134374e+01 6.798958210976562277e-01 3.035225814828994562e-01 2.240612376675686050e+02 1.603424282938730183e+00 5.065909436943734079e+00 -9.726279702808549033e-01 1.533046978938976457e+00 1.238333864505976045e+00 3.987012424446374048e+00
6.958662781822785348e+01 6.366319224915984165e+01 7.839978045281952301e-01 2.299086555549963717e-01 2.224456127370068828e+02 1.549699970343598521e+00 4.859001810438019930e+00 -9.706879527362910487e-01 1.722485096573061591e+00 1.045494393465670413e+00 3.985351269672814833e+00
6.687645376154480914e+01 6.608157636405890401e+01 7.363269795248563732e-01 2.358733280120393350e-01 2.397529362546363814e+02 1.534622126045804835e+00 4.719632168014234352e+00 -9.422559794290786828e-01 1.854261335616030237e+00 1.209133719734105217e+00 3.984219430215256263e+00
6.989955493424103850e+01 6.305304137648237628e+01 6.795676143455704477e-01 2.751544048818421739e-01 2.520191071276129833e+02 1.611681007391093212e+00 4.706310921787167700e+00 -9.891126804545165019e-01 1.836606276151150130e+00 1.285567291358265640e+00 3.984295629223331137e+00
7.025987577361121339e+01 6.268636167581979635e+01 6.333384125185900215e-01 3.290169703751771868e-01 2.920515568766605270e+02 1.669338293283019192e+00 5.102968062463013155e+00 -9.752234808446539338e-01 1.426975422986570763e+00 1.290616453065873026e+00 3.987452461656918246e+00
7.201786069521899947e+01 6.121409191043004938e+01 6.988325196207234580e-01 3.177895344849545056e-01 2.684385213417616569e+02 1.664110115166250736e+00 4.805514927201192776e+00 -9.768861169366084285e-01 1.755300385660331308e+00 1.178547866486156392e+00 3.984982680607936700e+00
7.029724248412834697e+01 6.288509762140430581e+01 6.024936681686235973e-01 4.229503080204123910e-01 2.340528853250008865e+02 1.690948972725018873e+00 4.813152409443122615e+00 -1.051165084736202848e+00 1.771448843345998281e+00 1.198894761891912797e+00 3.985341776699489191e+00
7.094057098204500278e+01 6.200312537672060387e+01 6.322885973995036046e-01 3.453794023575279537e-01 2.450534828625926593e+02 1.659444284026098115e+00 5.300151753116934650e+00 -9.656507411276440411e-01 1.273978527010589001e+00 1.333413518940999909e+00 3.989265255893294615e+00
6.971268319190998852e+01 6.325679216217449152e+01 6.354065417956540340e-01 2.793539714767708237e-01 2.783783550913164504e+02 1.588187082005138251e+00 4.734704115175376593e+00 -9.929943210877163473e-01 1.782020328026691747e+00 1.259107721311177652e+00 3.984557324233202191e+00
7.135347548498991443e+01 6.138071203273343457e+01 6.022171580499434684e-01 2.756675349183318469e-01 1.887965682264094482e+02 1.620296577085874157e+00 5.419806119149355617e+00 -9.835837108782727878e-01 1.228053342976960005e+00 1.464110081563142929e+00 3.990508680464567082e+00
6.974309038756969414e+01 6.349319290247660774e+01 6.999815351360674232e-01 2.921182212117194865e-01 2.286732459568208924e+02 1.542882519580441425e+00 4.509666857013161945e+00 -9.888589957564021260e-01 2.034569757185520356e+00 9.516745884967555691e-01 3.983279804676133296e+00
7.155935344324328184e+01 6.117017068382364187e+01 5.016514651943480008e-01 3.781422958376312038e-01 2.454299627655398410e+02 1.712789025182566816e+00 5.328643740433181897e+00 -9.680957935344230991e-01 1.282730111089084080e+00 1.519864527496752826e+00 3.989473415993973759e+00
7.052418955226504238e+01 6.221233339152080077e+01 6.573696762913144864e-01 2.799706901212843935e-01 2.455943574216571221e+02 1.704060771910590466e+00 5.259827120630872876e+00 -9.863985886522907975e-01 1.322452448751847198e+00 1.541403071086992149e+00 3.988893056516149560e+00
6.717176572296064307e+01 6.558992974705856227e+01 6.048473224721461206e-01 3.151594445196383432e-01 2.689632873904497501e+02 1.565477040329992686e+00 4.517874379883799030e+00 -9.897272850757892204e-01 1.987691556511964164e+00 1.310887542401204531e+00 3.983286704614191098e+00
6.885558097407391642e+01 6.384612158837292384e+01 6.627036466143226834e-01 2.918062450066142288e-01 2.457160855908668395e+02 1.621177225209343264e+00 4.964456344890233908e+00 -9.961114478741075473e-01 1.614361469910308378e+00 1.469430037099016984e+00 3.986218792031082536e+00
6.913250296943192552e+01 6.374326934879915996e+01 7.114895813984639661e-01 2.414189416056192194e-01 2.609012722263549335e+02 1.603282304004912895e+00 4.974046089830888917e+00 -9.753165616161119100e-01 1.572245030960070400e+00 1.336179142574999590e+00 3.986278145159911190e+00
7.000269879046797428e+01 6.271174293200292027e+01 6.409706054029140621e-01 2.455610672398219896e-01 1.682561331625361447e+02 1.576511081036295003e+00 4.369192741180792261e+00 -9.291776207566062595e-01 2.205024787047996870e+00 1.431315922498027415e+00 3.982159331484717235e+00
7.092511407977390547e+01 6.169739523338110843e+01 5.526818339540888747e-01 3.127981759515862659e-01 2.423403521053928102e+02 1.648997888899683462e+00 5.265937015503308949e+00 -9.547821935965670193e-01 1.334081469568038969e+00 1.542097861953735771e+00 3.989049597827563520e+00
7.016819256694869011e+01 6.251484340865375344e+01 7.340239890633163400e-01 2.323247964943603305e-01 2.458208928617431184e+02 1.612301574769105628e+00 4.888410131532856973e+00 -1.011053531383109716e+00 1.687576417234378567e+00 1.532749673925937861e+00 3.985687351181595783e+00
7.238445287988591303e+01 6.054876728415491982e+01 5.783609214095504214e-01 3.187855791094189040e-01 2.407591036679374383e+02 1.630400782507179125e+00 4.841881218284059152e+00 -9.919001036063851418e-01 1.733356258269658445e+00 1.398507380340670903e+00 3.985258744687065757e+00
7.182618491539176375e+01 6.111384990291250574e+01 6.516489993512927237e-01 2.890114547105557818e-01 3.021457803555846340e+02 1.598133090104629339e+00 4.863114781648462781e+00 -9.654845194086117965e-01 1.623706301825661447e+00 1.310215932689815510e+00 3.985338056053387756e+00
7.141105796753930690e+01 6.195198901545929715e+01 6.260153159153863944e-01 3.024256469729157959e-01 2.437686376729785991e+02 1.590011165670281557e+00 4.712940273403614100e+00 -1.009550711638729670e+00 1.837331094341848825e+00 9.788811149182091720e-01 3.984429635872523523e+00
7.033728667093991760e+01 6.263043769515029169e+01 7.199136884041223983e-01 2.467510677506661032e-01 2.562987625026839282e+02 1.570953657708695772e+00 4.800213796543197020e+00 -9.960942614315611010e-01 1.751147986784982402e+00 1.324468061347024994e+00 3.984983247465515799e+00
7.102760104314572231e+01 6.196761347067828751e+01 7.217507987762120658e-01 2.599114639356516210e-01 2.432269365120726263e+02 1.639805281744036503e+00 4.461454520151638015e+00 -9.425103626254766054e-01 2.093792385344516838e+00 1.427868308796670149e+00 3.982589201740716955e+00
7.007092127804544646e+01 6.269333976442265310e+01 6.857414976866118561e-01 2.304432451702637663e-01 2.656145832947869394e+02 1.537077345170512421e+00 4.940920199609383445e+00 -9.890546712396421913e-01 1.605080380597527112e+00 1.408428479942844147e+00 3.986039047282177172e+00
7.257156469205743576e+01 6.040795670132403217e+01 6.141702390857499694e-01 3.141104286447199412e-01 2.179206093837385083e+02 1.663629362799134537e+00 5.399822335021979391e+00 -9.457296159099894961e-01 1.221581201388831195e+00 1.327992473930323714e+00 3.990339092783369512e+00
7.024021061925172660e+01 6.289452941657421547e+01 7.807615666939600185e-01 2.143355247664504026e-01 2.511202202173012950e+02 1.602841078147819953e+00 5.205243023545950365e+00 -9.645721066957473333e-01 1.350395029490123910e+00 1.197303206393727226e+00 3.988290469747411748e+00
6.819482798629779552e+01 6.443807904261927888e+01 6.425795044355264718e-01 2.828717404926523460e-01 2.567469720215736402e+02 1.573276046238201831e+00 4.540571299619692525e+00 -9.518446425148293644e-01 2.001264957752692641e+00 1.486415606703487713e+00 3.983124549125147684e+00
7.132949401971595194e+01 6.184742392281381740e+01 6.695016555929177438e-01 2.848719972920568111e-01 2.798385103120188546e+02 1.658601485116924623e+00 4.989884768651303482e+00 -1.006845543021028355e+00 1.516915355405181076e+00 1.155754989665439325e+00 3.986532754519903410e+00
7.086875375096506957e+01 6.213322081686972354e+01 6.444416759548685647e-01 2.800540662459821140e-01 2.760390599287748614e+02 1.688739155458547803e+00 4.718832728315817349e+00 -1.018284216230885608e+00 1.784397559319994997e+00 1.311144775928418049e+00 3.984520845809366385e+00
7.073029576237838967e+01 6.231086096114810147e+01 6.193751247230901980e-01 3.123008161851847930e-01 1.887411302782574296e+02 1.612284506553484542e+00 5.372416401982850864e+00 -9.811568687125247212e-01 1.283488292221168781e+00 1.237471345999011874e+00 3.989886976601488833e+00
6.883492110795559427e+01 6.377375155213756130e+01 5.663367064038068444e-01 3.126568250902689305e-01 2.824377787789066474e+02 1.551834173822706164e+00 5.105583020437476804e+00 -9.772013045298588718e-01 1.431500763124311071e+00 1.497930182684870326e+00 3.987395305770101928e+00
7.054040447585113327e+01 6.228455125636128997e+01 6.141323026844514033e-01 3.115161834895122661e-01 2.609148500999930320e+02 1.648361507156552275e+00 4.769315588631442004e+00 -9.634021086261573830e-01 1.785233265497873534e+00 1.444580409821359046e+00 3.984580151893809319e+00
6.989383866194869199e+01 6.302393863750112502e+01 6.599413865802384871e-01 2.641541653884376673e-01 2.801607258973517673e+02 1.559364613202093741e+00 5.276057936806543225e+00 -9.596899900089995716e-01 1.264541306013259314e+00 1.225707475956054671e+00 3.989178892906118268e+00
6.913703836587400531e+01 6.394890801393185598e+01 6.947208842987844246e-01 2.328315283153853388e-01 2.441789421606981421e+02 1.579389257158490878e+00 4.810424779845690502e+00 -1.010214225888153239e+00 1.768284120514355795e+00 1.176920933449206785e+00 3.985093340239942883e+00
7.085076974628991309e+01 6.193134338203868339e+01 5.029132177886663779e-01 3.215563063012183420e-01 2.148138997540758623e+02 1.639742808111623429e+00 5.470632006930371105e+00 -9.457064717570493606e-01 1.123515090062944033e+00 1.377382675055902839e+00 3.991117334235201763e+00
7.078532041462165125e+01 6.255759181283811188e+01 7.513268151417964447e-01 2.932991550474801090e-01 2.894727202623380435e+02 1.618028650125439061e+00 4.807739156268427294e+00 -9.847988472272626304e-01 1.684546550092278494e+00 1.018433830644779770e+00 3.985019359222926827e+00
7.007092127804544646e+01 6.269333976442265310e+01 6.857414976866118561e-01 2.304432451702637663e-01 2.656145832947869394e+02 1.537077345170512421e+00 4.940920199609383445e+00 -9.890546712396421913e-01 1.605080380597527112e+00 1.408428479942844147e+00 3.986039047282177172e+00
7.222418011057617093e+01 6.067697475363648607e+01 6.560128222648896612e-01 2.782145282013315790e-01 2.526455302847853943e+02 1.651123405654784326e+00 4.925651461408846465e+00 -9.994375064921822149e-01 1.628094416020682944e+00 1.405311678296436995e+00 3.985990717239683345e+00
7.173931188583107144e+01 6.124693955512078247e+01 6.898631377699595557e-01 2.992293198986826219e-01 2.357350135310810515e+02 1.626736805989172030e+00 4.461100016351974951e+00 -9.800685791728733776e-01 2.080488815706969863e+00 1.373763488103809882e+00 3.982863666833527105e+00
7.095278360904681847e+01 6.209737018357456151e+01 6.329515268741140455e-01 3.057212474748057240e-01 2.291467108712627407e+02 1.566874540892246648e+00 4.671208458098808691e+00 -9.351325005076310815e-01 1.921022024638679992e+00 1.158127877017647744e+00 3.983839000697608324e+00
7.158319107114323288e+01 6.133566875802595320e+01 7.184972498163089139e-01 2.860396041863049743e-01 1.859674205517609096e+02 1.613979929553834847e+00 4.317938987535386630e+00 -8.737042576350252387e-01 2.270686753043902772e+00 1.410411491990111177e+00 3.981591419203668991e+00
6.947754641864793257e+01 6.326523395796577631e+01 8.061872382029637851e-01 2.377692774247778529e-01 3.336860540294900943e+02 1.610373328900792433e+00 4.666535929868707910e+00 -9.646851239055564964e-01 1.843617967577739103e+00 1.507374004264306011e+00 3.983878138111221823e+00
7.030599034793868896e+01 6.241424670617116277e+01 4.966186927763531767e-01 3.642911979275273437e-01 1.919362330247976729e+02 1.597082553918703240e+00 4.314026769220472346e+00 -8.711192181870768270e-01 2.278980225831248152e+00 1.418795269358545719e+00 3.981532142781624373e+00
7.072925209098266919e+01 6.178927825244525707e+01 5.547934455003625809e-01 3.793136993430635262e-01 3.141548313011606410e+02 1.748390749546482548e+00 4.798785478366314194e+00 -9.743081762444983918e-01 1.747896587160466142e+00 1.713787735804810142e+00 3.984799595559029850e+00
7.147097871828533755e+01 6.150480113822825956e+01 6.993319873031142997e-01 2.631801986674487948e-01 3.093671001088724779e+02 1.589879563711060095e+00 4.631119725517354624e+00 -9.544245791241717791e-01 1.896249565963060268e+00 1.246133209370196893e+00 3.983730664294112600e+00
7.030773388380404754e+01 6.273020576110013735e+01 7.149407951063636579e-01 2.623768972231108054e-01 3.246605285009357544e+02 1.568632433880275734e+00 4.579083542215593106e+00 -9.418220869975436615e-01 1.864202587652261878e+00 1.241272145057627396e+00 3.983283064411313301e+00
7.126982350925636922e+01 6.167480045497494245e+01 6.037581113909409325e-01 2.976519766496395492e-01 2.841640366559759059e+02 1.556890961638949022e+00 4.399792980242638762e+00 -9.330595977688164178e-01 2.095853283308725334e+00 1.240116239824765376e+00 3.982326122917636990e+00
6.951662163194929178e+01 6.348453395317896053e+01 7.129294672217293405e-01 2.664281795591996183e-01 2.201433122500102968e+02 1.643303480810481387e+00 5.359464377166324844e+00 -9.763187012274727739e-01 1.223782222316412538e+00 1.199784688024381207e+00 3.989931428477445863e+00
7.180633006498072746e+01 6.096884389109695945e+01 5.248227931624434017e-01 3.545108593751559178e-01 2.559576397588382690e+02 1.656442459633561404e+00 4.904800318781513901e+00 -1.018221687601238212e+00 1.646250514038204882e+00 1.440283081784272889e+00 3.985897499498350705e+00
6.950157724427735673e+01 6.335702454505560866e+01 6.207938428844225198e-01 3.301158145698582791e-01 2.663879038818876666e+02 1.595480407771464826e+00 5.145357108646396505e+00 -9.789717894311049662e-01 1.415494240663404124e+00 1.333319311849993749e+00 3.987803231628560319e+00
6.839340359679651726e+01 6.447688126218189097e+01 7.139887709044088204e-01 2.621389247323853144e-01 2.413944246163054004e+02 1.592251829037858446e+00 4.972920909427783975e+00 -1.021508333270785052e+00 1.590346927122497700e+00 1.310598287782589466e+00 3.986415130888812719e+00
7.170761982531142564e+01 6.095619420162916668e+01 5.280371643119494696e-01 3.720711203088066243e-01 2.735918590518963924e+02 1.634748763216278489e+00 4.863545717672582924e+00 -9.938545486150230923e-01 1.702924200648434638e+00 1.529091464761319408e+00 3.985435903919646528e+00
6.787186991747621789e+01 6.492431212750527436e+01 7.044471011901638491e-01 2.621009106867241978e-01 3.417434104407620339e+02 1.534884268951213881e+00 4.692331635810684354e+00 -9.684537673038232652e-01 1.775995231602129465e+00 1.335858121609110549e+00 3.984052697079282446e+00
7.004930095745390872e+01 6.311942276654663431e+01 7.659767571788800300e-01 2.695239894577172168e-01 3.242980131319621364e+02 1.683376228373360650e+00 5.253566111282256479e+00 -9.649940065271149781e-01 1.209772743281000595e+00 1.174865457296172089e+00 3.988808293178126352e+00
7.206053025154156444e+01 6.084672764850206761e+01 5.486603420879087034e-01 2.948195628548187508e-01 2.723461267129918042e+02 1.600651760148094960e+00 4.683768919540159281e+00 -9.581432051624310109e-01 1.860262917645543190e+00 1.315652978276798279e+00 3.983989129896349457e+00
6.970069547292493439e+01 6.340573704538982724e+01 6.134218451908810543e-01 3.334524673135049744e-01 2.135067731410978809e+02 1.623487681403542604e+00 5.095723103550461985e+00 -9.851160009885612245e-01 1.521638133583410823e+00 1.191101402847477342e+00 3.987332484340400995e+00
7.184221386268133358e+01 6.115553054589272364e+01 6.521174636922086876e-01 3.174401343783654350e-01 4.170765218486566255e+02 1.670762260813719147e+00 4.525909485283264644e+00 -9.658540527659904562e-01 1.866504531047923132e+00 1.322777156253846398e+00 3.983059373073557285e+00
6.936600537397426081e+01 6.349448326427158662e+01 6.755618215477269262e-01 2.666290878489487315e-01 2.605972694818689774e+02 1.635377265949389480e+00 5.096424145924286719e+00 -9.959494332984063503e-01 1.449954831633179841e+00 1.377053601851421005e+00 3.987273691224038963e+00
7.024021061925172660e+01 6.289452941657421547e+01 7.807615666939600185e-01 2.143355247664504026e-01 2.511202202173012950e+02 1.602841078147819953e+00 5.205243023545950365e+00 -9.645721066957473333e-01 1.350395029490123910e+00 1.197303206393727226e+00 3.988290469747411748e+00
6.966751551936735609e+01 6.331257373863832782e+01 7.072934656068914361e-01 2.878633771186409063e-01 2.669832881510884022e+02 1.687482517938818871e+00 5.448882146446120345e+00 -9.300710404739426229e-01 1.081122349871848742e+00 1.321032708688287372e+00 3.990905223377619215e+00
7.234986914391454604e+01 6.054229402922419467e+01 6.128084780222534667e-01 2.968455803878917165e-01 2.559767209627363229e+02 1.650872162159117806e+00 4.803656046979403627e+00 -1.009900297427098526e+00 1.726564498434223660e+00 1.356139036760393823e+00 3.985090682824935282e+00
6.804904111708994208e+01 6.487053978926263653e+01 6.594711518317989407e-01 2.812423034843484770e-01 2.540143263978838490e+02 1.626541912779301491e+00 4.879625350100653236e+00 -1.013407632230395761e+00 1.660329752264187775e+00 1.305290251576333382e+00 3.985670719964523379e+00
7.147115700541239391e+01 6.150971837181520385e+01 6.579366248574148868e-01 2.752435458039337868e-01 2.276583213962368291e+02 1.582749503498049881e+00 5.047315487624342012e+00 -9.925041452317312496e-01 1.559715518000428736e+00 1.261784311570302686e+00 3.986942102926050779e+00
6.992946576926405555e+01 6.324532080928209155e+01 7.244881601913086833e-01 3.072801592016994321e-01 2.744223775605092897e+02 1.705292428818005579e+00 5.271640874040955715e+00 -9.890526493335869418e-01 1.252895953485892111e+00 1.214959698528967902e+00 3.988904954029262484e+00
7.054887113945599708e+01 6.209748971458951416e+01 6.236874704699553185e-01 3.144496333826526380e-01 2.024839365862380305e+02 1.669369357718486269e+00 5.360805849942773982e+00 -1.012934692201469478e+00 1.274224649204963367e+00 1.593459864045241536e+00 3.989793039394668117e+00
7.112645770940261514e+01 6.186991282605402631e+01 5.034735229450557625e-01 4.010593964971214120e-01 2.741803875297015907e+02 1.641885361185041692e+00 5.034022515896040773e+00 -1.000282828226872978e+00 1.537931053144992788e+00 1.239134461477021887e+00 3.986814150414550006e+00
6.825433044416703865e+01 6.459918008181637106e+01 6.284129955780818344e-01 3.432401626797133010e-01 2.835763158481325945e+02 1.570729689487829539e+00 5.148282162756346203e+00 -9.645433373270578814e-01 1.384740893729822897e+00 1.260902397144707754e+00 3.987839617911451029e+00
6.984798794506333763e+01 6.308579491860399457e+01 6.472130674133089734e-01 3.176877636220870604e-01 2.564624413130642324e+02 1.639062614587134981e+00 4.737512445565465136e+00 -9.904788247126313783e-01 1.809548079653324981e+00 1.363064202260843683e+00 3.984484113658130155e+00
7.220319260059636690e+01 6.057574092993424131e+01 5.354427132900896336e-01 4.132893330335674076e-01 2.123331632891293168e+02 1.655942438362120628e+00 4.342231444699173437e+00 -8.755793253349385408e-01 2.264000873054158536e+00 1.538173876724928002e+00 3.981747192173720862e+00
7.005528083915973525e+01 6.296819165015173780e+01 6.956875245961229304e-01 3.081177047928503887e-01 3.162653124181239264e+02 1.650926678082528021e+00 5.027720368685672625e+00 -9.998225017212415411e-01 1.475117608938498304e+00 1.334264669894161814e+00 3.986772536110947840e+00
7.185204837646217868e+01 6.088664837502930993e+01 5.212815999867339567e-01 3.563711822471789525e-01 2.481089848068996844e+02 1.748031534983681690e+00 5.068319423884602770e+00 -1.071641135304133519e+00 1.507126099326163926e+00 1.538375905195127791e+00 3.987308709874199941e+00
7.139043133290709875e+01 6.137689515787634065e+01 5.776408064382576590e-01 2.867622261789519178e-01 2.422622665911103468e+02 1.567847874731952862e+00 5.254236119453800313e+00 -9.554694827678535951e-01 1.311953739535239416e+00 1.414408054219027600e+00 3.988865522678747055e+00
7.141105796753930690e+01 6.195198901545929715e+01 6.260153159153863944e-01 3.024256469729157959e-01 2.437686376729785991e+02 1.590011165670281557e+00 4.712940273403614100e+00 -1.009550711638729670e+00 1.837331094341848825e+00 9.788811149182091720e-01 3.984429635872523523e+00
6.830796965819136801e+01 6.478485452310961534e+01 7.133022454649505795e-01 2.600871593605965093e-01 2.774326487145291935e+02 1.540444043839069410e+00 4.657874867589056223e+00 -9.737853229914713582e-01 1.879567097355080652e+00 1.136569728501394705e+00 3.983810223810217543e+00
7.133690511520072164e+01 6.192203940856260402e+01 7.751890923271129719e-01 2.567114034501295494e-01 2.792897176139299518e+02 1.629240884260051425e+00 5.093872337880568146e+00 -9.854348659542714328e-01 1.465874756995549033e+00 1.118922174154004967e+00 3.987285723097234946e+00
6.906328271894930992e+01 6.405165449390176491e+01 6.443111881193296364e-01 3.329019857195728016e-01 2.349061157094743919e+02 1.600362021481259500e+00 5.086288793669636377e+00 -1.008364691448735861e+00 1.502887373855743780e+00 1.119286044252632228e+00 3.987277114350899598e+00
7.188641113016390705e+01 6.102405386254944375e+01 4.565544984684408725e-01 4.085133100866421563e-01 3.333885642209529578e+02 1.667237909283818764e+00 4.658308409098816050e+00 -9.678103287222534767e-01 1.826409658937174996e+00 1.370773903862176679e+00 3.983894106795774270e+00
7.018852983795794387e+01 6.294407008299432960e+01 6.206972276409394862e-01 3.709105170220952652e-01 2.625018490909699835e+02 1.643522113332200441e+00 4.864780393061063357e+00 -1.002279118042231687e+00 1.688607269453572535e+00 1.195483660244890167e+00 3.985481469525978593e+00
6.888150351460076593e+01 6.399324172331806437e+01 6.499845649388025226e-01 2.650496887869103202e-01 2.352128846697960398e+02 1.557711488571261071e+00 5.076315546751129837e+00 -9.896351799677003402e-01 1.500842227006389029e+00 1.289512340627942955e+00 3.987148093888474243e+00
6.956412894315749895e+01 6.349538276079586296e+01 6.437154948845742464e-01 3.591069643420489732e-01 2.454300224825313421e+02 1.692221669564817788e+00 4.878540266101143885e+00 -1.015050471260821041e+00 1.685834846635725137e+00 1.300842337356581613e+00 3.985609671199517035e+00
7.024460560794217656e+01 6.274855839412298053e+01 6.603371128390564948e-01 2.914917489015169672e-01 2.113833565809162849e+02 1.614139362505361053e+00 5.075741809311556274e+00 -1.032663260686797813e+00 1.530714047141983780e+00 1.260255242042183088e+00 3.987205636504774553e+00
6.989533417640227242e+01 6.297402398013504410e+01 6.594692050095115610e-01 3.070178570867816981e-01 2.657028101415302217e+02 1.557696659142331352e+00 4.962198080950453338e+00 -9.983130410821758893e-01 1.576131760352032618e+00 1.324828081406755675e+00 3.986209125125859565e+00
6.843591084570364558e+01 6.440014362513620938e+01 7.383853822953773127e-01 2.623696760517304494e-01 3.338487957205972521e+02 1.627400529547197827e+00 4.494414689899981497e+00 -9.569298552004631420e-01 1.974502780899596743e+00 1.365692324371995392e+00 3.983013913125847516e+00
7.182058260866911326e+01 6.074621266911078266e+01 5.409893822611674397e-01 2.931211772385132752e-01 2.229972846632100811e+02 1.691545583713163881e+00 5.372627571778414435e+00 -1.000699175135169261e+00 1.222005362018048880e+00 1.584082343846749064e+00 3.989886876612774635e+00
6.864807974707531457e+01 6.443324344360650002e+01 6.123260303402113802e-01 4.110345445561385813e-01 1.839622014141361319e+02 1.602901400472775517e+00 4.149356048106288775e+00 -7.909079360030207839e-01 2.431399670878534369e+00 1.290544011804854785e+00 3.980539116992823701e+00
7.115630590241826781e+01 6.180147478058720623e+01 6.516042082431184879e-01 3.130726257583484329e-01 2.787061404200621837e+02 1.642894215898981436e+00 5.239065396146230569e+00 -9.830487700694184872e-01 1.296870228022080740e+00 1.335448272619188304e+00 3.988595126673640578e+00
7.043832246773895633e+01 6.210527031699507461e+01 5.599167591672530309e-01 2.998442267561714503e-01 3.083731947504202822e+02 1.582109914208043921e+00 5.014048300693237259e+00 -9.694596992882128506e-01 1.505649214560838445e+00 1.539147668150017134e+00 3.986587535375798019e+00
7.252694336937631192e+01 6.054009621886000048e+01 5.462376623415203802e-01 3.176846651113078845e-01 1.875746503997482932e+02 1.613440589319421914e+00 4.694700470124169911e+00 -9.915247187795670492e-01 1.901157366085707290e+00 1.245193083399304346e+00 3.984273609692733586e+00
7.012168602929661176e+01 6.299546319993987709e+01 6.661863525958581222e-01 3.011780305395849733e-01 2.363523402526298867e+02 1.618374232497126641e+00 5.119576514019172464e+00 -9.796204572095307261e-01 1.459932098132463496e+00 1.207706559695492787e+00 3.987548241897929113e+00
6.966800630182319765e+01 6.341929611311628889e+01 7.421925432200850992e-01 2.597291210971707232e-01 2.853394321302010326e+02 1.625977262272348067e+00 4.860960318418543480e+00 -9.964741066236441069e-01 1.645849328600929029e+00 1.237960238062332241e+00 3.985395347945624334e+00
6.888320585571430854e+01 6.379209853215643022e+01 5.248674528520633764e-01 3.389193728611107903e-01 2.140820756158391021e+02 1.587393293799604921e+00 4.590662147562070139e+00 -9.657321060669790125e-01 1.976389750252999233e+00 1.423599062375506374e+00 3.983506486551512626e+00
7.069086753983715710e+01 6.225595933617765354e+01 6.691605675139598031e-01 2.902672723107052599e-01 2.938891118522876695e+02 1.647245945845595472e+00 5.036506192736569965e+00 -9.943227971374378749e-01 1.486134755720278200e+00 1.374617253886254664e+00 3.986814133469666288e+00
7.007519968580520242e+01 6.313557208240273866e+01 6.631961459277312398e-01 3.580944467778925944e-01 2.859671273728511096e+02 1.646217950905124017e+00 4.399973260413028164e+00 -9.113777132805466197e-01 2.104520243241839950e+00 1.130619346851073237e+00 3.982219652586733272e+00
6.937172062616156154e+01 6.341761907944406573e+01 7.054019371806963257e-01 2.449070235542628871e-01 1.712108866800718090e+02 1.623795057002484610e+00 5.447083877323718681e+00 -9.992650601533542565e-01 1.207939517234999149e+00 1.412939996839203127e+00 3.990657799593732680e+00
7.058488034125809918e+01 6.238091334761470819e+01 6.490815124491188248e-01 3.138900571645281690e-01 2.261193805614321093e+02 1.630306292960617354e+00 4.810406520600097657e+00 -9.987166112355081449e-01 1.768669966105798519e+00 1.313249080656318180e+00 3.985074323698552856e+00
7.240404116696302594e+01 6.052106981639818173e+01 5.343853457991845080e-01 3.288962042081077786e-01 2.680068292913944106e+02 1.611666249377670557e+00 4.976523530772283266e+00 -1.004339432155699985e+00 1.578602309147859373e+00 1.301096977843719582e+00 3.986388585253760386e+00
7.202068172511573607e+01 6.067837176577911862e+01 5.897428170064135111e-01 2.995165754572805539e-01 2.135490840901597380e+02 1.659159231784692601e+00 5.113723687843934940e+00 -1.011880424152109326e+00 1.484443917034053761e+00 1.577920744544495379e+00 3.987527262412385642e+00
7.016432234292891224e+01 6.292236652773809169e+01 7.028395019576080260e-01 2.572986695875329466e-01 2.689304015811296154e+02 1.579899335663488724e+00 5.007451799723011021e+00 -9.702217485777216988e-01 1.502914318706183083e+00 1.188536424303776595e+00 3.986535231871820795e+00
7.055689506600062089e+01 6.250483217943326508e+01 6.452194717714437866e-01 3.324919702366297414e-01 2.381790868616932926e+02 1.644908355839440395e+00 4.674938643129189053e+00 -9.889964217519373602e-01 1.898710391564544908e+00 1.276100559180346261e+00 3.984060545910628637e+00
7.008430951869596015e+01 6.284189745821878859e+01 5.524293012263298275e-01 3.641161883377637132e-01 2.301153122673376004e+02 1.610163526990535887e+00 4.855878527959765378e+00 -1.018389421258435235e+00 1.718079328191890687e+00 1.303727591692574350e+00 3.985441022248310539e+00
7.040377690456104176e+01 6.260384443289332523e+01 5.439499678410814054e-01 3.201854425079999622e-01 2.662322299172185467e+02 1.590141700179301232e+00 4.816883653595989578e+00 -9.877487942259556286e-01 1.737034602957415519e+00 1.248319749772671461e+00 3.985020165968824912e+00
7.056551194127483484e+01 6.206205282510692456e+01 6.365999223859476475e-01 2.643278281002690577e-01 1.886928550545103462e+02 1.575219456511595784e+00 4.327517766618563577e+00 -8.943187608988618642e-01 2.255733528612194672e+00 1.472479742423746130e+00 3.981788178517610355e+00
7.107327499949025196e+01 6.156113717836893073e+01 5.982690792466908158e-01 3.250060923841658900e-01 2.386670196617417332e+02 1.676451704117351671e+00 5.040342015144022803e+00 -1.070714436354782473e+00 1.523762568690327557e+00 1.553969622122912009e+00 3.987051715210061520e+00
6.743424852861268448e+01 6.539363337305252344e+01 7.552743943109400115e-01 2.943441331126293581e-01 2.968487979895191415e+02 1.655582378117778530e+00 4.598248820319660979e+00 -9.574340496430699954e-01 1.909208644609092786e+00 1.420365063031329367e+00 3.983537045293584100e+00
6.913265504577979925e+01 6.386376155466695792e+01 6.680759710273944663e-01 3.125117157367270360e-01 2.066124166142838874e+02 1.597416393960438885e+00 4.539281725617013485e+00 -9.287857433913392358e-01 2.039558585026470361e+00 1.230146884320687084e+00 3.982961947467170472e+00
7.089213932805402862e+01 6.208863535355067143e+01 6.261379089749075089e-01 3.126488374885912913e-01 2.638519459278633121e+02 1.640040447821056402e+00 4.991387472327310171e+00 -9.796623586646990844e-01 1.571879863912148290e+00 1.294185854501687549e+00 3.986412460827279958e+00
7.133726464038412018e+01 6.158576135835693321e+01 6.816458273286054581e-01 2.640208470890881287e-01 1.695902046481844820e+02 1.684558493641076682e+00 5.569283476816881517e+00 -1.027438553507583840e+00 1.079682932160232145e+00 1.368374107381049587e+00 3.991686935090362987e+00
7.179533472199577204e+01 6.077999643876137270e+01 6.783168595189117411e-01 1.774049485937331250e-01 3.792272321762727074e+02 1.569161871191604662e+00 4.626761081753176796e+00 -1.000484534682031246e+00 1.758501471027963392e+00 1.574486105384994339e+00 3.983892754254134694e+00
6.950640173040692105e+01 6.358035897753516252e+01 7.152468816597992163e-01 2.496714329826490997e-01 2.297739807686278937e+02 1.585373049560834025e+00 5.314586256257977759e+00 -9.446839018693641288e-01 1.263469320025199627e+00 1.193884570104728038e+00 3.989508879671284536e+00
7.077784721435718041e+01 6.237185950170260185e+01 7.036731092888520722e-01 3.113995015331939564e-01 2.611291608703673433e+02 1.665803474349565771e+00 5.158446019588073916e+00 -9.849322487273260984e-01 1.376717055816560453e+00 1.242046822306191345e+00 3.987844093997662043e+00
6.919677454342591716e+01 6.394207492941018955e+01 6.938982631650297828e-01 3.797686042372110937e-01 1.921993859183151301e+02 1.662925584287967773e+00 4.823449300268043416e+00 -1.116935039972661192e+00 1.753381596411620613e+00 1.129368684569537651e+00 3.985836499686944645e+00
7.066739265509838219e+01 6.227554828433454048e+01 7.217422421782203612e-01 2.290502701925495044e-01 2.829554465643881258e+02 1.539555419294814653e+00 5.018438726211175371e+00 -9.764972393968605058e-01 1.527048243078206857e+00 1.328410387668320647e+00 3.986639432330030264e+00
7.144723013832944503e+01 6.185597195414196392e+01 6.518652315122823726e-01 3.315742385927630820e-01 2.749797334274898049e+02 1.684199748847644340e+00 4.974260523289279590e+00 -9.755508369499128474e-01 1.559240314760131030e+00 1.131881099608580632e+00 3.986270058077964862e+00
7.409148003727923992e+01 5.855188337777893537e+01 3.253448312268072962e-01 4.099868146930549240e-01 2.244026473398999428e+02 1.719985469972454162e+00 4.997124037496695870e+00 -1.090054287674584232e+00 1.591929587314276917e+00 1.576353386610338747e+00 3.986800985091937033e+00
7.075679253567341220e+01 6.220132142663509001e+01 5.929980962545784440e-01 3.093071513141091855e-01 2.515664428148365062e+02 1.574302291701291434e+00 4.863413029667941423e+00 -9.835489718950410909e-01 1.708149932349895872e+00 1.257709809119049948e+00 3.985420584262351351e+00
7.046178093144756360e+01 6.259662723342525936e+01 5.909655850834105717e-01 3.007923729466523421e-01 2.584030223525774090e+02 1.544043253605656307e+00 5.021372601515328604e+00 -9.885442885980789685e-01 1.538621562738635484e+00 1.127424625993833196e+00 3.986785603412934087e+00
7.153115856494444813e+01 6.138501999201239556e+01 7.113333887755607376e-01 2.252273375969517377e-01 2.708560690079902429e+02 1.595988793319229826e+00 4.909543430320002955e+00 -9.898264961769205339e-01 1.600545558551978775e+00 1.356649369106700753e+00 3.985812361436350759e+00
7.094775315293406948e+01 6.174364123378084201e+01 6.320024599703201185e-01 2.490115908183288262e-01 3.044685988987769178e+02 1.569955057623491079e+00 5.112517515684884550e+00 -9.745045720380511867e-01 1.393721410494078716e+00 1.500920087011485160e+00 3.987538125550420531e+00
7.214944470953707878e+01 6.074529304810368302e+01 6.623134291387086092e-01 2.231271321671445818e-01 3.154896733384702543e+02 1.527624390822939437e+00 4.987639352741492615e+00 -9.679023673897736435e-01 1.472003929916282594e+00 1.333852510761365240e+00 3.986399152327088746e+00
7.059046812307590812e+01 6.221272465408202379e+01 5.647463654769674379e-01 3.015963046561916938e-01 2.160316789945810285e+02 1.580174379968981135e+00 5.245567132634738172e+00 -9.671703992878524225e-01 1.402385569769302176e+00 1.315928791632483330e+00 3.988735525351531752e+00
7.206617516486474528e+01 6.119909811502736829e+01 5.760690118537770132e-01 3.170434127971636373e-01 2.604532661658818711e+02 1.572422096361932642e+00 4.971297984973564787e+00 -9.888734591968019183e-01 1.594245506156739989e+00 1.050629824199898810e+00 3.986187927505103534e+00
7.012437713800521522e+01 6.283630751621269184e+01 5.858345991854189139e-01 2.848154860151350665e-01 2.312466362729560672e+02 1.636798137680268272e+00 5.434037129708150893e+00 -9.568366277594134717e-01 1.138686775072668134e+00 1.248561967999118449e+00 3.990663040923675187e+00
7.065036146763645775e+01 6.194031302030425934e+01 5.562348312380883675e-01 3.682515190342287026e-01 2.462908242199794699e+02 1.798197487738341538e+00 5.297792172360692220e+00 -1.046252381741010540e+00 1.276964675480783074e+00 1.611581745277984368e+00 3.989155605684933104e+00
6.993902270473130045e+01 6.304526585064832744e+01 6.133878212097108040e-01 3.024754501366149761e-01 2.620311074383260461e+02 1.584218146710558939e+00 4.817326662548897076e+00 -9.814729592466439057e-01 1.730886754845913256e+00 1.254107013343283228e+00 3.985000203958094289e+00
6.853567869318116834e+01 6.483645386490137241e+01 7.155527224104704098e-01 3.264452214783515327e-01 3.119085257030242246e+02 1.585012237608721897e+00 4.854805548919967073e+00 -9.709021262683605880e-01 1.633598985608783805e+00 9.810588113646208086e-01 3.985227784337652679e+00
6.890222284330673119e+01 6.376673524336397492e+01 7.048146985684126120e-01 2.914063062385997549e-01 2.255966609121400666e+02 1.634621185469619320e+00 5.267150027032836412e+00 -9.832142911411468900e-01 1.346183053810487085e+00 1.536933822975191211e+00 3.988981934790952977e+00
7.078766370460351709e+01 6.244936315450330255e+01 6.997195349689869781e-01 2.743665572171720690e-01 2.464666941372427971e+02 1.584867525046445680e+00 5.331354925584699700e+00 -9.613608969451649111e-01 1.233506867961400744e+00 1.080349180653691121e+00 3.989530101426233877e+00
6.799380619288170635e+01 6.493139458959885246e+01 7.926297296569968509e-01 1.737273678677690447e-01 2.833867060922188443e+02 1.543432628786748140e+00 4.423933623871511678e+00 -9.007818009778877366e-01 2.077125788074650536e+00 1.274857319294310454e+00 3.982256503450236629e+00
7.252221675865419570e+01 6.020908037956869663e+01 6.673935282648126854e-01 1.936378096345926503e-01 2.704986987679438357e+02 1.566250161510110983e+00 4.644673088038579145e+00 -9.443640376622475241e-01 1.886493891429620984e+00 1.469107067703041558e+00 3.983739321128767941e+00
6.933761634092370230e+01 6.372295533887611896e+01 6.476114692178348564e-01 3.443127653075767625e-01 2.635424839373382042e+02 1.639509766860935747e+00 4.537285329296422809e+00 -9.671479684438623048e-01 1.995971118050104076e+00 1.214668948005559690e+00 3.983147179282941597e+00
7.173212858755488242e+01 6.097766129698174353e+01 5.744236026725072497e-01 3.022277229522238873e-01 2.154824103562656887e+02 1.644228941780618181e+00 4.350848004179180606e+00 -8.969352534552087475e-01 2.207463865581417828e+00 1.513706039929951119e+00 3.981855712638636469e+00
7.038283959762928532e+01 6.281955548933671452e+01 8.428755442991954228e-01 1.933637322178294871e-01 3.083103223574621552e+02 1.559625640701095772e+00 4.350365211539735100e+00 -8.957131940252025526e-01 2.131694442093775343e+00 1.146443642511044914e+00 3.981935044782823230e+00
7.050312071786262891e+01 6.230285344706836526e+01 6.687782319340199733e-01 3.259923331937566449e-01 2.360261356885208102e+02 1.646477164990250319e+00 4.548435240387961542e+00 -9.956952832638061857e-01 2.022301333279014290e+00 1.504430885812140017e+00 3.983426671396028684e+00
7.226608247161961174e+01 6.056268202032285330e+01 5.995287257202385200e-01 3.318114134326513587e-01 1.983397016422943580e+02 1.658755181748972518e+00 4.351822166326693164e+00 -9.506860019739981071e-01 2.209871606883649253e+00 1.452333765785927211e+00 3.982291258771874620e+00
7.103030743058891971e+01 6.178977690429476866e+01 5.973767729787502478e-01 3.165225001265147831e-01 2.329092660934012429e+02 1.617598362360704867e+00 5.296013819470898554e+00 -9.505860223496624961e-01 1.291946804191058229e+00 1.380122156109648168e+00 3.989249678313106173e+00
7.076124671592384630e+01 6.202885595117420792e+01 5.103294256847455967e-01 3.449647740471434298e-01 2.727017382581138918e+02 1.684239352019005098e+00 5.083941718623870010e+00 -1.024497094565093969e+00 1.459651594108282602e+00 1.412820260177471088e+00 3.987239453056341532e+00
7.103421830764082756e+01 6.147986319792105547e+01 5.509264705094174541e-01 2.594078069038257550e-01 1.941536928974307727e+02 1.608861985206438083e+00 4.910554922326596738e+00 -1.023952839148048133e+00 1.691722033477368159e+00 1.651170714162083719e+00 3.985950886393931025e+00
7.120006606456004761e+01 6.190900843728289971e+01 6.262678578416177588e-01 2.890296703441603832e-01 2.177527358147610244e+02 1.614252584483799824e+00 4.948825479886194145e+00 -1.000575274242318402e+00 1.636482335859544390e+00 1.176537650639362997e+00 3.986197393193143590e+00
7.264998748238733128e+01 6.009093673032450056e+01 5.932781402388105363e-01 3.131984847173431841e-01 2.821289055323136381e+02 1.663600573888484924e+00 4.806066119307523365e+00 -9.903207642140593459e-01 1.719005973811666088e+00 1.488207102366026824e+00 3.984945534764828157e+00
7.002190261787400516e+01 6.347823470649223054e+01 7.165642759827463015e-01 3.397533305571832085e-01 2.011230668031026028e+02 1.612388350016179750e+00 4.512369635974734727e+00 -9.900689204363003482e-01 2.059193893069031223e+00 9.279234355638473764e-01 3.983165003221648348e+00
7.065274888830835209e+01 6.207570684920312942e+01 5.385971944932687050e-01 3.093674825347429991e-01 2.412366527296651384e+02 1.666910719408788655e+00 5.324966313890425518e+00 -9.504116608587378501e-01 1.265338067713313253e+00 1.469230858144858765e+00 3.989540033195825508e+00
7.070651326469437947e+01 6.220434135705603751e+01 6.009242713697202642e-01 3.317231210099736427e-01 2.295722465547918603e+02 1.639744313274708709e+00 5.525824352468721834e+00 -8.810872607751382146e-01 1.086379771073247458e+00 1.330479399274821617e+00 3.992049382100736565e+00
7.148710403182096229e+01 6.139869342958572673e+01 5.686702110236917518e-01 3.304665272650044727e-01 2.506462876017215820e+02 1.650885488092824760e+00 5.320255790600623591e+00 -9.481512802202241019e-01 1.265227220840642319e+00 1.350758844329059682e+00 3.989505661954327653e+00
7.173518626702448842e+01 6.118781073882745147e+01 6.407312899360608771e-01 2.552075227245372835e-01 2.428255922303426644e+02 1.652803838865019914e+00 5.169272205886653815e+00 -1.012431492109586273e+00 1.392396951325840071e+00 1.320349302433601935e+00 3.988081910959736298e+00
7.028480145531874257e+01 6.273752170440899079e+01 7.225527666035045371e-01 3.010704530545557089e-01 2.382967650893902771e+02 1.680867178593760336e+00 5.442263843209276253e+00 -9.081036305645860951e-01 1.145224406606381473e+00 1.306044707445242814e+00 3.990948787320242719e+00
6.886643088648091293e+01 6.418601577212427856e+01 6.465977761030845539e-01 3.520598043847125158e-01 2.566180419124651735e+02 1.638396938802511915e+00 4.809475537800718570e+00 -9.825353187076754091e-01 1.757462856383371630e+00 1.231624139314166699e+00 3.985009791113434563e+00
7.088028985355083478e+01 6.195311298406916478e+01 6.728678966682838380e-01 3.064854853677170254e-01 2.496262488924918728e+02 1.655241629817521654e+00 5.142592947190098407e+00 -9.825794271404946212e-01 1.430662386977910039e+00 1.443763816893598895e+00 3.987755633674731737e+00
7.141827715913903774e+01 6.152298122074669351e+01 6.041099502183214787e-01 3.215094416432177082e-01 2.601633836981310992e+02 1.715165946263907282e+00 4.965072000805927033e+00 -9.849927731592709179e-01 1.560996332327061031e+00 1.431392456978343830e+00 3.986199098650674788e+00
7.194822355776729239e+01 6.081411405547179783e+01 5.579589310355455023e-01 3.203333363082917495e-01 2.434912019826058724e+02 1.587012071200599728e+00 4.979144743785843374e+00 -1.011510206812832768e+00 1.592853493531053655e+00 1.389853388579356697e+00 3.986435901504322921e+00
7.171565493282514581e+01 6.140233195401641808e+01 7.279782690074656504e-01 2.636120805692289126e-01 2.015466218841234252e+02 1.633963618050418676e+00 5.193898974134238955e+00 -1.034480539760646023e+00 1.418538089139220970e+00 1.203260945871702736e+00 3.988207290721887510e+00
6.978502392637714991e+01 6.316626352756691887e+01 6.568430615268171513e-01 2.511106724444886473e-01 2.327972482886420948e+02 1.515848847753309858e+00 4.863130957847184632e+00 -9.754941663393721374e-01 1.714065332534655761e+00 1.197783415763013393e+00 3.985353807091581047e+00
7.280961158256225474e+01 6.026834571970940146e+01 6.990119227327354912e-01 2.959404485973526344e-01 1.808328360614858639e+02 1.740825429172804251e+00 5.509775392722835008e+00 -1.022639509947397052e+00 1.120664074604839078e+00 1.307601921983397864e+00 3.991173919859112740e+00
7.123344904033946534e+01 6.187223731847699781e+01 7.453462980412961514e-01 2.846894524673959093e-01 2.971054404654854579e+02 1.634123617044501486e+00 4.636015622551533433e+00 -1.006346378426756116e+00 1.851260515114041105e+00 1.157623529324794287e+00 3.984066693434637596e+00
7.056027925156702452e+01 6.216241770867958394e+01 6.416146214820960259e-01 2.992887731425664666e-01 2.253972945090210374e+02 1.625116868243359880e+00 5.425154092494098634e+00 -9.289703927094363767e-01 1.198952583613041911e+00 1.500056496480818513e+00 3.990675045356611772e+00
7.007736266433457217e+01 6.277903826308968860e+01 7.222178353884883828e-01 2.609400789198612070e-01 2.687827721508347736e+02 1.641613090405237285e+00 5.239088148689652336e+00 -9.826238124480839442e-01 1.302535865996551356e+00 1.433665946951782288e+00 3.988641887562838217e+00
7.066372034585455708e+01 6.192997452557104765e+01 4.966845003583702511e-01 4.012113655115306377e-01 2.328522394949896466e+02 1.669475347210077620e+00 4.343564240960709810e+00 -9.384465078303427799e-01 2.199388439600856060e+00 1.624004340049705064e+00 3.982171013770799739e+00
7.074003711348450452e+01 6.242644283776217407e+01 6.525457286469097395e-01 3.684016996059511495e-01 2.061349538618279098e+02 1.742836882124963127e+00 5.300615722017170128e+00 -1.065496368088286738e+00 1.338447688369566846e+00 1.264567323727825432e+00 3.989111625825131568e+00
7.121840274578195817e+01 6.171522041623469335e+01 5.849199568279337402e-01 3.704793766249478426e-01 3.066733206744492009e+02 1.599768554621307404e+00 5.013710617425624960e+00 -9.729996816238247748e-01 1.498785038143688464e+00 1.263480153537116957e+00 3.986630587950705795e+00
6.928858636354097200e+01 6.379529182067462045e+01 6.950424178520082652e-01 3.694290142167983015e-01 3.092774151521713293e+02 1.692006895714980086e+00 4.848999093411706873e+00 -9.729834157685250950e-01 1.680410597646239346e+00 1.308522325826131816e+00 3.985258661152104587e+00
7.291651612939004679e+01 5.996709176394742258e+01 4.402620955715829676e-01 4.020836759901822988e-01 2.468767277507730853e+02 1.667921953036309635e+00 5.278215084838668858e+00 -9.930551827293917500e-01 1.309899384453927729e+00 1.314478392321338340e+00 3.989041471255828863e+00
7.185204837646217868e+01 6.088664837502930993e+01 5.212815999867339567e-01 3.563711822471789525e-01 2.481089848068996844e+02 1.748031534983681690e+00 5.068319423884602770e+00 -1.071641135304133519e+00 1.507126099326163926e+00 1.538375905195127791e+00 3.987308709874199941e+00
7.010281132296579187e+01 6.231694880510296031e+01 5.438582700960588046e-01 2.623020414448766213e-01 3.003377071769325539e+02 1.510514644823443442e+00 5.270823601569853523e+00 -9.562745832125759682e-01 1.245805217510697283e+00 1.542474947208944069e+00 3.989092475466088139e+00
6.985315738466759683e+01 6.300972596531571668e+01 4.914665177270358676e-01 3.155960300521293838e-01 2.866100137696947172e+02 1.538013367872514081e+00 4.907988140502494545e+00 -9.950469751430955911e-01 1.604040319518151403e+00 1.227315527060561351e+00 3.985789137113335823e+00
7.026804638198258601e+01 6.262170808001564382e+01 7.061922771410527044e-01 2.768547872996360848e-01 2.251761798459552892e+02 1.624294179583559927e+00 4.554141940550867851e+00 -9.802366216912477004e-01 2.005731884973561474e+00 1.407432975197903779e+00 3.983393488532770643e+00
7.067511035617359028e+01 6.251275482127037719e+01 6.558410572842264807e-01 3.295023804483769303e-01 2.397006697817235761e+02 1.590829612194923026e+00 4.996256222195356145e+00 -9.625392272266592997e-01 1.580287950357730731e+00 1.095893178985194671e+00 3.986473758284731161e+00
7.126383282877415581e+01 6.165187726804914092e+01 6.450589319940828181e-01 2.926534359970581756e-01 2.547342478743361767e+02 1.616550972651659590e+00 4.607182560396185345e+00 -9.801319499499074883e-01 1.925976317030143603e+00 1.341213998260601281e+00 3.983692668732898401e+00
7.170862426083493801e+01 6.104256787451934230e+01 6.091940494148018193e-01 3.029226670385667397e-01 2.406273162736089830e+02 1.669651500158700230e+00 5.237551680681269417e+00 -9.864696859718656841e-01 1.352236949564420865e+00 1.492064337914376315e+00 3.988573414384514404e+00
7.071618925871271699e+01 6.211628435704782447e+01 6.354723186078514718e-01 2.543356561377058123e-01 2.013986022258313824e+02 1.594416287045802960e+00 5.223829113456468498e+00 -9.876844555704866746e-01 1.395461783169586134e+00 1.312176653947453087e+00 3.988554142274818304e+00
6.938673210743291975e+01 6.362822295730044431e+01 6.500867961432641451e-01 3.290312059891495333e-01 2.484565194527304186e+02 1.575438337043091996e+00 4.702664244679194638e+00 -9.644709206835223592e-01 1.876068027077211875e+00 1.224401136835257864e+00 3.984159365728816127e+00
7.129251200467710703e+01 6.162929255715205556e+01 6.459556617180653992e-01 2.360319063468353240e-01 2.502059293716546335e+02 1.560275758340065044e+00 4.882153418302149994e+00 -1.004149781478921977e+00 1.679261925327554028e+00 1.286056327848698722e+00 3.985695156753133794e+00
7.243675729979275957e+01 6.063778178335966373e+01 6.508774886012794747e-01 2.674730305413938747e-01 3.193728435410448583e+02 1.605926717564245543e+00 4.793964239260362525e+00 -9.521006762965027459e-01 1.703172314848306668e+00 1.256284603290544366e+00 3.984649897585776479e+00
7.136935811879735070e+01 6.128866848630110553e+01 5.618065384415606989e-01 3.077759326600918999e-01 1.465994685603695302e+02 1.593882931191880070e+00 4.181193641720897247e+00 -8.671213617300216336e-01 2.405007295066289519e+00 1.520224322288947771e+00 3.981170159307725331e+00
7.181092219189132209e+01 6.129471417553270385e+01 6.977465430321945217e-01 2.702112856142634412e-01 2.579054214379824543e+02 1.568351056997149495e+00 4.714737076246347414e+00 -9.616265858128382193e-01 1.846195607407993267e+00 1.203895620854739779e+00 3.984242202939335620e+00
7.252694336937631192e+01 6.054009621886000048e+01 5.462376623415203802e-01 3.176846651113078845e-01 1.875746503997482932e+02 1.613440589319421914e+00 4.694700470124169911e+00 -9.915247187795670492e-01 1.901157366085707290e+00 1.245193083399304346e+00 3.984273609692733586e+00
7.116730007089827836e+01 6.175672262151294234e+01 5.782845700920444809e-01 3.737220642805182957e-01 2.428903804714334171e+02 1.662345577724633872e+00 5.402391595688910364e+00 -9.468261774956193699e-01 1.191883971720608226e+00 1.268664654085186694e+00 3.990409871973081390e+00
7.104193250340790655e+01 6.175642029700613733e+01 4.890519492461133932e-01 3.879073200799591503e-01 2.170617369323927619e+02 1.709092717997918065e+00 4.889763268030528742e+00 -1.078311056453749250e+00 1.700438274577080300e+00 1.438251569719715128e+00 3.986086801954189074e+00
7.178010469465310450e+01 6.120800093956872701e+01 6.647367289212147146e-01 3.648762645382183090e-01 2.604608297242470485e+02 1.654093588717605368e+00 4.663357051879967408e+00 -9.951559173333097696e-01 1.889288612300282555e+00 1.355561799150674540e+00 3.984033034627062264e+00
7.136660131740474355e+01 6.137672510278360249e+01 4.713849771143445722e-01 4.835876162045056326e-01 2.929829566170234898e+02 1.692192999437066137e+00 4.739145128464771872e+00 -9.982610678828057749e-01 1.791504451165539358e+00 1.521882559586804184e+00 3.984524911214196941e+00
6.851189137419186181e+01 6.435706436623483739e+01 7.581949237298379884e-01 2.360612282871341339e-01 2.747411353249119657e+02 1.555223470102947037e+00 4.901516694710273292e+00 -9.812705806389990792e-01 1.646255754696225759e+00 1.358095279710280101e+00 3.985689162717441558e+00
7.185204837646217868e+01 6.088664837502930993e+01 5.212815999867339567e-01 3.563711822471789525e-01 2.481089848068996844e+02 1.748031534983681690e+00 5.068319423884602770e+00 -1.071641135304133519e+00 1.507126099326163926e+00 1.538375905195127791e+00 3.987308709874199941e+00
7.030090557627124781e+01 6.267728567553979246e+01 6.594161871929461460e-01 3.245158454080949162e-01 2.487209800438824630e+02 1.627211083120246204e+00 4.258260750971851749e+00 -8.825363474486207505e-01 2.257544855980305520e+00 1.282588313812740743e+00 3.981472031503025644e+00
6.892542325676836867e+01 6.420378737962464299e+01 6.844891360015149528e-01 3.011099062886702371e-01 2.626219720970779576e+02 1.588289027357279393e+00 5.089108461013672979e+00 -1.014015116886834322e+00 1.446386784373229872e+00 1.104717349206402854e+00 3.987256933388756419e+00
6.957469411942983584e+01 6.324333511239329653e+01 7.050307861538909204e-01 2.312898258887079173e-01 1.930403929984924787e+02 1.578338119941657514e+00 4.248032225916843707e+00 -8.638439430264567287e-01 2.318097153546915035e+00 1.390396300115738448e+00 3.981200202520073450e+00
6.976296583619149771e+01 6.308749611817059133e+01 6.650147585265614447e-01 2.711632592552514209e-01 2.260999223650096610e+02 1.598539712402917923e+00 5.490442118878808841e+00 -8.972153102796046609e-01 1.120158074781818724e+00 1.376592629165904302e+00 3.991587268504870778e+00
7.003679875196955606e+01 6.300855448485037869e+01 6.201871317834709574e-01 2.946271106016239982e-01 2.557817319560448652e+02 1.607354629180035133e+00 5.391211795922861150e+00 -9.098472950569910234e-01 1.187649131993971707e+00 1.182386463585390013e+00 3.990419680399477809e+00
6.945442096202059190e+01 6.331030769452429752e+01 5.936877431067779654e-01 3.010762020144757134e-01 2.158313337635008509e+02 1.560313586159312704e+00 5.271744284996224827e+00 -9.540522200358076965e-01 1.344170561750697157e+00 1.343240951935960270e+00 3.989057118272695046e+00
7.067641214759647994e+01 6.255712585485929367e+01 7.048717251855752819e-01 3.206106998276558873e-01 2.478696114782123345e+02 1.674982489613482839e+00 4.916517828005127377e+00 -1.001046335430433309e+00 1.640214492135120938e+00 1.183371954135574278e+00 3.985892684088973681e+00
7.137777900282961241e+01 6.148414229796107122e+01 5.603297539594727095e-01 3.202158985557840842e-01 2.519106739541942659e+02 1.600188269553707299e+00 5.032678044950854357e+00 -9.922673663557614043e-01 1.533075559870239246e+00 1.348172929656990648e+00 3.986793220380151936e+00
6.992982360516371898e+01 6.289319257686616282e+01 6.411992966860944332e-01 2.775366011228058705e-01 2.235762029153474089e+02 1.587777519892654032e+00 5.329110193909245119e+00 -9.327616914804831572e-01 1.302262274524991881e+00 1.378252128389602760e+00 3.989624043326347458e+00
7.136044782754306937e+01 6.139970249546924919e+01 5.480154641229076917e-01 3.216661988435562392e-01 2.438949825736705748e+02 1.644004841103245518e+00 5.241978149698526934e+00 -9.899771349490100736e-01 1.374324778161589711e+00 1.437633555357348047e+00 3.988717740554745816e+00
7.131839781201321671e+01 6.107211921792590914e+01 5.594189544800369784e-01 2.858807754303165360e-01 2.739760951299200542e+02 1.666378459137990653e+00 4.727901453598602366e+00 -9.905104474813620774e-01 1.790078244727059786e+00 1.767474448061135517e+00 3.984406069433967801e+00
6.787186991747621789e+01 6.492431212750527436e+01 7.044471011901638491e-01 2.621009106867241978e-01 3.417434104407620339e+02 1.534884268951213881e+00 4.692331635810684354e+00 -9.684537673038232652e-01 1.775995231602129465e+00 1.335858121609110549e+00 3.984052697079282446e+00
6.899938455293452932e+01 6.406187520273313396e+01 6.131977959118640742e-01 3.567934542038471712e-01 2.867910027286581567e+02 1.644364004694166548e+00 4.794738896054300703e+00 -9.990253894858470707e-01 1.700491933910253550e+00 1.177332142346521948e+00 3.984942525820728498e+00
6.930135731068207861e+01 6.356984759036604515e+01 7.045235081503666841e-01 2.509749314071758053e-01 2.793359658729013404e+02 1.549238542915247763e+00 4.522946219897832520e+00 -9.308249589502152199e-01 1.987755994161071404e+00 1.282824810423248252e+00 3.982910955470854830e+00
7.131345933652799829e+01 6.127356785502164627e+01 6.612309308120131179e-01 2.608419106299493806e-01 2.825209014172167485e+02 1.594318111554819506e+00 4.734013902395608042e+00 -9.709468372092494581e-01 1.780765316785934527e+00 1.564559329664973131e+00 3.984416563731160821e+00
7.222582397165474788e+01 6.072845240085666774e+01 6.538009838360381298e-01 2.440680326705826075e-01 2.779612626103854041e+02 1.593281188338609322e+00 5.190483125581205393e+00 -9.659145149370927941e-01 1.357730252529572690e+00 1.321548673250978245e+00 3.988267371763845937e+00
7.092274924787059831e+01 6.213658899496852683e+01 5.306772553167758977e-01 4.153031060542721753e-01 2.075456590139074535e+02 1.693375017896411094e+00 4.824764548469653747e+00 -1.080940649218992800e+00 1.785525131356850093e+00 1.269509620286722651e+00 3.985642472212780341e+00
6.893735866243594046e+01 6.404681633296200971e+01 7.572415514529062808e-01 2.934315220151726966e-01 2.404619277695559560e+02 1.589539636490963748e+00 4.831347189004609355e+00 -9.740140460946263845e-01 1.768941085886894804e+00 1.223261347993280790e+00 3.985179665205156319e+00
7.190826358118067674e+01 6.085461099483624992e+01 5.087485776172785412e-01 3.698753454236890503e-01 2.877574857729331370e+02 1.619746918635053490e+00 4.567317252603503519e+00 -9.535547656282618023e-01 1.956432463500463736e+00 1.455919797012757311e+00 3.983202517943958743e+00
7.194822355776729239e+01 6.081411405547179783e+01 5.579589310355455023e-01 3.203333363082917495e-01 2.434912019826058724e+02 1.587012071200599728e+00 4.979144743785843374e+00 -1.011510206812832768e+00 1.592853493531053655e+00 1.389853388579356697e+00 3.986435901504322921e+00
7.259804181037561932e+01 6.028140756053198146e+01 5.319498779455649196e-01 4.222541066596069981e-01 2.823010359071411699e+02 1.661437993484412790e+00 4.704157862474862561e+00 -9.739096145759982281e-01 1.863870329867806763e+00 1.381064092468991644e+00 3.984213594206644782e+00
6.956574496604915225e+01 6.328102037761682652e+01 6.758393456916502728e-01 2.909384934588562510e-01 2.836990222862662563e+02 1.591966827394437622e+00 5.132976589793254441e+00 -9.805874449933198456e-01 1.407491739895530003e+00 1.316332405494044178e+00 3.987766350271069626e+00
7.131762630329936314e+01 6.133214153619049824e+01 4.960786551892116258e-01 3.144575841150901163e-01 2.316882066692058117e+02 1.626885866907338052e+00 5.199467059564051752e+00 -1.043109206029776637e+00 1.393212701739751092e+00 1.469318645944174717e+00 3.988347804575460565e+00
7.313843148276602335e+01 5.988562830218955213e+01 4.225685153640558744e-01 3.794643961525064890e-01 2.503045898626260168e+02 1.598825601818502973e+00 5.204544270006876694e+00 -1.014693630194609897e+00 1.381093582855080104e+00 1.173492830573887424e+00 3.988332366162119946e+00
7.075707002940579571e+01 6.220938903328239888e+01 7.212795634517455978e-01 2.800945746455120178e-01 2.284446729432660845e+02 1.639258116136776966e+00 4.820824611873885779e+00 -9.917778055067588694e-01 1.760628042226248358e+00 1.312845563936168025e+00 3.985132187747927102e+00
7.005045096939258542e+01 6.274512723757090527e+01 6.149555021977155533e-01 2.901123677479794938e-01 2.968354189368654374e+02 1.553854590748571463e+00 4.436108157593487533e+00 -9.169120132613541863e-01 2.076669607048764910e+00 1.310245055150086380e+00 3.982378233558732550e+00
6.945242269761084231e+01 6.351316526606364476e+01 7.932822487370789766e-01 1.693762254223848129e-01 2.035859218601785017e+02 1.556573620053007589e+00 4.998142431905097993e+00 -9.918887455000231501e-01 1.625620633942749471e+00 1.243797291355097645e+00 3.986479050052920137e+00
7.221100757534266279e+01 6.057441549006523474e+01 5.052153453787517901e-01 3.599420656214288861e-01 2.001086603869309499e+02 1.631135260323292258e+00 4.309300341888712360e+00 -9.245038619197734064e-01 2.245472405596714793e+00 1.480340704653027029e+00 3.981805680746469900e+00
7.036631341039766596e+01 6.249180684963870647e+01 6.636360847229757498e-01 2.941132266835826403e-01 2.163989999020382413e+02 1.623923133208315939e+00 4.556734204948313049e+00 -9.555169201875881591e-01 2.020320240730332895e+00 1.441232175630459578e+00 3.983138551649394010e+00
7.240296077632963545e+01 6.048282965444793291e+01 6.207946740833304444e-01 2.756227245666241221e-01 2.382201386450595066e+02 1.652554254868818795e+00 4.927497037482112319e+00 -1.008675934556602094e+00 1.624185702100381601e+00 1.437461841301538756e+00 3.985993084611870074e+00
7.107103862892607538e+01 6.180840889436873908e+01 5.700941926074782895e-01 3.239890009282215266e-01 2.555235978711340010e+02 1.679507659666413799e+00 5.345595762988623711e+00 -9.679022130739588503e-01 1.211239580516677572e+00 1.418509715964229034e+00 3.989682797535829994e+00
6.693810501160038484e+01 6.617821261934417976e+01 6.132877699277125005e-01 4.261685196796099473e-01 1.806085718273451164e+02 1.554959384276577872e+00 4.227088795050462089e+00 -8.406545935842251183e-01 2.348788965172809551e+00 1.056980836711247873e+00 3.981037879903723820e+00
6.770052446454899098e+01 6.526575453673834204e+01 7.656648815928734919e-01 2.424222794409834625e-01 2.818922836789690791e+02 1.531874380206014852e+00 4.966897140430335256e+00 -9.900298955541202428e-01 1.554763362218751999e+00 1.258908314163010411e+00 3.986148723599368449e+00
7.092888391359069544e+01 6.180795953735533743e+01 5.232340283548037041e-01 3.149579032451642613e-01 2.261271899834831913e+02 1.646741677154957006e+00 4.925827767148178715e+00 -1.011431305393694080e+00 1.660566746332380994e+00 1.520803066355357336e+00 3.985936837872130933e+00
7.064250861213922406e+01 6.248233350786306772e+01 6.821755178228326999e-01 3.477446887388021546e-01 2.322509401913868032e+02 1.666318500690049831e+00 5.357452322813195167e+00 -9.518489472788540517e-01 1.252966449332569621e+00 1.215182401902579867e+00 3.989909571303856151e+00
6.948313562561287426e+01 6.375202709923616595e+01 6.976049174427960686e-01 3.543645635971474084e-01 3.058244320755063086e+02 1.642053491179074731e+00 4.769690879800366545e+00 -1.008535131535945206e+00 1.717599039227227786e+00 1.135328972188463403e+00 3.984810885612388276e+00
6.851712858814546792e+01 6.470408511466108337e+01 6.888228644646486876e-01 2.881795211819510039e-01 2.242959256923865041e+02 1.488840370042895822e+00 4.353582023045288629e+00 -8.855085794375641139e-01 2.234144458615635376e+00 8.994434714014766241e-01 3.981795464953396202e+00
7.082208725613389788e+01 6.186377464695726047e+01 4.989302227966925796e-01 3.904710367506170621e-01 2.153389447047483714e+02 1.656281078970841758e+00 5.388193744687178821e+00 -9.653553399965555393e-01 1.229721681371924058e+00 1.461529086649347553e+00 3.990158117322300413e+00
7.069333184534092140e+01 6.246742766384781476e+01 7.036110651659674975e-01 3.254626224942027690e-01 2.011375894183051969e+02 1.671400961503869187e+00 5.321600017003219385e+00 -1.011281140211680585e+00 1.277797364272313718e+00 1.215971550258191591e+00 3.989382255255015775e+00
7.077770506085207103e+01 6.236236636054854188e+01 6.788871260300296528e-01 2.549829449905849366e-01 2.445710714829241681e+02 1.564570239283975983e+00 4.433153349117083586e+00 -9.424143717232942308e-01 2.098683196475020107e+00 1.119993560306360880e+00 3.982509552317416102e+00
6.992571647339896401e+01 6.293254086516947865e+01 6.101430147321885711e-01 2.681301958490815429e-01 2.571746560938051402e+02 1.520950344831047518e+00 4.749034497799205390e+00 -9.747642482558364074e-01 1.810017574416817210e+00 1.254791828578547763e+00 3.984573661422865953e+00
7.057513242667370434e+01 6.253464824598245997e+01 6.826406340699883168e-01 3.381283471066822144e-01 2.399793049099863538e+02 1.703649837642188469e+00 4.994004928110616248e+00 -9.979731843412328329e-01 1.589046551952663311e+00 1.300916107234137753e+00 3.986445465286234668e+00
6.855288079789562516e+01 6.434283907212888209e+01 5.858445584723630528e-01 3.855794729285949018e-01 2.660183790027867872e+02 1.645231170612331040e+00 4.817290193157764300e+00 -1.001441388049167269e+00 1.726715950561138690e+00 1.288728385553586486e+00 3.985135948613919510e+00
7.092262183628135119e+01 6.176536224500244288e+01 6.270362276173389038e-01 2.584058798087973119e-01 2.488164741650215035e+02 1.583332174161281802e+00 4.641433746369106217e+00 -9.666797373508602131e-01 1.892714764251892001e+00 1.469600783249780829e+00 3.983810556656930402e+00
6.950735859599254240e+01 6.301285953409949059e+01 7.404135091930881263e-01 2.593254840260341698e-01 2.305307011859413819e+02 1.653653612800486616e+00 4.496313805757056414e+00 -9.732893019637969267e-01 2.057751744027710217e+00 1.592544637251263717e+00 3.983085468798764239e+00
7.176047548188358860e+01 6.108497318034491030e+01 5.293897212443212652e-01 3.481282327888738370e-01 2.264256126775040912e+02 1.631836953717211935e+00 4.949659585158301844e+00 -9.977668303224842550e-01 1.654581743209970091e+00 1.362770505932467735e+00 3.986089491595680379e+00
7.319877117872863437e+01 5.988591006276769235e+01 6.388858485948403221e-01 3.111715545668094496e-01 2.167435296061673000e+02 1.624644524148324276e+00 5.276767478005614187e+00 -9.584656592544779086e-01 1.352471524035960826e+00 1.277467308533371870e+00 3.989054807182351059e+00
7.158029855093738547e+01 6.109378168739558390e+01 5.141284440762563523e-01 3.019154006909262611e-01 2.429270109329141576e+02 1.615116039489864708e+00 5.484985737585517995e+00 -8.935919574506999696e-01 1.121012492750656175e+00 1.461471784801380958e+00 3.991535611733005862e+00
7.067309824378776284e+01 6.216945057380188189e+01 5.901905728541826379e-01 3.176718051014817412e-01 1.848873906423049789e+02 1.623670259686982309e+00 4.273115727542721842e+00 -8.905262652476477747e-01 2.294550858340452137e+00 1.391052468840730416e+00 3.981578301755262395e+00
7.091640187021094732e+01 6.172768796161007288e+01 5.802985275404972665e-01 2.559961586945930789e-01 3.365659958016719315e+02 1.618406855129241206e+00 4.745995308697541049e+00 -9.988349152310844747e-01 1.696659130032435847e+00 1.516796857076345262e+00 3.984639689685376851e+00
7.027287049494350413e+01 6.277216847734923988e+01 6.406763735791468628e-01 2.900304137200599985e-01 2.400080124965932100e+02 1.584236394540529558e+00 4.412308278102027082e+00 -9.378503189616508307e-01 2.118830883618111560e+00 1.241916035386966488e+00 3.982358582761314825e+00
7.231508925459412751e+01 6.070823318441921401e+01 5.525158795321835070e-01 3.446376504999605905e-01 2.729462118350580226e+02 1.655795770933659261e+00 5.019671797766228849e+00 -9.903373186617723256e-01 1.534512519878776793e+00 1.278136296087370782e+00 3.986619326191374935e+00
7.202068172511573607e+01 6.067837176577911862e+01 5.897428170064135111e-01 2.995165754572805539e-01 2.135490840901597380e+02 1.659159231784692601e+00 5.113723687843934940e+00 -1.011880424152109326e+00 1.484443917034053761e+00 1.577920744544495379e+00 3.987527262412385642e+00
6.998064738968101040e+01 6.294902489798769807e+01 5.845769195335802637e-01 3.224188633332520371e-01 2.525888501532792532e+02 1.593663696090339865e+00 4.584832201620299585e+00 -9.790216525625793365e-01 1.941398719886673341e+00 1.334343647363446461e+00 3.983473147809972303e+00
6.968597846017733843e+01 6.314395003719209143e+01 6.646670966550641824e-01 3.136457540073399608e-01 2.857087976422428142e+02 1.611079788676251123e+00 5.102794905997364516e+00 -9.410899477892810117e-01 1.463929173620273749e+00 1.397800973240450606e+00 3.987394486200709576e+00
6.975105563401278630e+01 6.316153278469182197e+01 4.547032494456750285e-01 4.214176459730480384e-01 2.583904537809688691e+02 1.665872176192508602e+00 4.646236073259133015e+00 -1.015444824326242834e+00 1.922005503623205325e+00 1.309391522095295635e+00 3.984095601684941368e+00
6.949687972051057727e+01 6.336221873475766841e+01 6.281241190649314854e-01 3.063512970687037318e-01 2.732020314570787036e+02 1.649771933053493900e+00 4.960903408217041566e+00 -9.729998468942883116e-01 1.562518852684044113e+00 1.350358706107948503e+00 3.986188819643911696e+00
7.080336356073594573e+01 6.219349416097019656e+01 7.084021089755156986e-01 2.874672635574790913e-01 2.580825656256253069e+02 1.696649221006272468e+00 5.401452223240555739e+00 -9.440580258023693050e-01 1.170255808001492870e+00 1.373293969162802997e+00 3.990283169049106515e+00
7.072076169072509799e+01 6.209404124076100828e+01 5.727540773087604897e-01 3.419682640835420284e-01 2.173676762344232429e+02 1.661749066562191457e+00 5.185210206200562943e+00 -1.014674116983436569e+00 1.416296356884619856e+00 1.419278717486002428e+00 3.988181722294813270e+00
6.985995321664898938e+01 6.297765546592328434e+01 5.306084832283008978e-01 4.137381911677144863e-01 1.887944142711715187e+02 1.721143424636824237e+00 5.472151775865710555e+00 -1.039541118758373406e+00 1.156673632490886394e+00 1.395679191916846307e+00 3.990723494221174672e+00
6.884141840198691398e+01 6.409300932339313306e+01 6.113400801298295439e-01 3.902491601335102978e-01 3.101567855864342960e+02 1.669815589422993352e+00 4.752358491077407265e+00 -9.585329049085832276e-01 1.741950600475461686e+00 1.350685247812237089e+00 3.984466566952916455e+00
7.288797307344941601e+01 5.960948240308075441e+01 4.816003662598521418e-01 3.496654869165328194e-01 2.829450667919056173e+02 1.665101805659152445e+00 4.887406964519392716e+00 -1.000978848274848065e+00 1.685478821811882133e+00 1.645449518686172174e+00 3.985734717119571169e+00
7.002307819028516178e+01 6.281794157497659370e+01 6.572984070400850198e-01 2.596227707786460948e-01 2.364064122491154478e+02 1.601674981348515381e+00 5.335162231409232625e+00 -9.478352908429072965e-01 1.261015814984831174e+00 1.345932835478269585e+00 3.989617637690234808e+00
7.007519968580520242e+01 6.313557208240273866e+01 6.631961459277312398e-01 3.580944467778925944e-01 2.859671273728511096e+02 1.646217950905124017e+00 4.399973260413028164e+00 -9.113777132805466197e-01 2.104520243241839950e+00 1.130619346851073237e+00 3.982219652586733272e+00
7.041596015867673941e+01 6.244729309386546845e+01 6.623664270993161463e-01 2.745896427881848179e-01 2.449891757071946472e+02 1.569390852672104986e+00 4.939873404250425537e+00 -9.917876976632543640e-01 1.622461555995811544e+00 1.361164185791867931e+00 3.985974561195204213e+00
7.157419486597628122e+01 6.134864705742403856e+01 5.641376360028216297e-01 3.085528067977340028e-01 2.337123546474800548e+02 1.608293675317640448e+00 4.482215686845339775e+00 -9.653325062674157353e-01 2.075083551603935206e+00 1.298825107371896825e+00 3.982990469177973836e+00
7.187504606739962298e+01 6.095119919888575311e+01 7.266250048607988399e-01 1.780081857944541823e-01 2.853389016787270975e+02 1.569108860449349940e+00 4.439573775088799579e+00 -9.099333024195426223e-01 2.088787383273464471e+00 1.453099243014595476e+00 3.982272386471878534e+00
6.859349023899797260e+01 6.420518713534944766e+01 5.918092423600984642e-01 3.124021048609413875e-01 2.621377868336808774e+02 1.546551998783846971e+00 4.931990345242946994e+00 -9.936618033180951715e-01 1.631684116238574900e+00 1.346945527204215010e+00 3.985900714484558627e+00
6.897083037825764507e+01 6.409355555093422652e+01 6.972062325068266730e-01 2.304204079451907250e-01 2.505630691995546044e+02 1.578987580399199064e+00 4.989855922688690271e+00 -9.676577544180455792e-01 1.573185868029604695e+00 1.214276525599569334e+00 3.986354441171117813e+00
6.860989775538348567e+01 6.447106027938548323e+01 6.558452831070233913e-01 3.579209241530999508e-01 2.355307344034107473e+02 1.636661345051337202e+00 5.107642645890879685e+00 -1.020953859845178835e+00 1.478747230626181075e+00 1.214835872631697455e+00 3.987466875303726788e+00
6.979688390883971749e+01 6.310991530364496072e+01 6.111288722107574012e-01 2.428749359229797344e-01 3.389962219093439444e+02 1.562570034586976853e+00 4.910537176168204176e+00 -9.915201882123226840e-01 1.563875160496990935e+00 1.311724471037995610e+00 3.985814093693947235e+00
7.290865304350103315e+01 5.990373499732074691e+01 6.478934080484790581e-01 2.529786245165979719e-01 2.468026650666226089e+02 1.688819519661726609e+00 5.173772805712551381e+00 -9.945136983191816826e-01 1.395856998073150113e+00 1.529049339814080311e+00 3.988091978446571151e+00
6.979145008661396332e+01 6.308040123783137432e+01 6.309235496939491483e-01 2.845336479423932752e-01 3.271341982587446751e+02 1.614056104544353554e+00 4.728895643271698646e+00 -9.807506895564737093e-01 1.776590465415236242e+00 1.330278898763725959e+00 3.984440235033427591e+00
6.874439759390746474e+01 6.374193038691647928e+01 4.923596097666022020e-01 3.931613402170083815e-01 2.058427542065232956e+02 1.620457333598991578e+00 4.798827719792003066e+00 -9.942752614902902186e-01 1.815451926387139148e+00 1.581248855246934593e+00 3.985007880039968420e+00
6.851189137419186181e+01 6.435706436623483739e+01 7.581949237298379884e-01 2.360612282871341339e-01 2.747411353249119657e+02 1.555223470102947037e+00 4.901516694710273292e+00 -9.812705806389990792e-01 1.646255754696225759e+00 1.358095279710280101e+00 3.985689162717441558e+00
7.049695237742558618e+01 6.236174375113028390e+01 6.126207867110871064e-01 2.698099087662204631e-01 3.276543138453409938e+02 1.578650725766089558e+00 5.004789556434271702e+00 -9.971544729064849566e-01 1.485420393674892425e+00 1.311827194183259548e+00 3.986547427109578212e+00
7.234546578274036222e+01 6.038809330394246899e+01 4.959661182005842828e-01 3.541031180155319591e-01 2.807827038175936423e+02 1.640236424354596156e+00 4.272576691813625871e+00 -8.994846785970836978e-01 2.226810801056156031e+00 1.505234394806009623e+00 3.981544509006069710e+00
7.048938050331447869e+01 6.248419890555092593e+01 6.278312763847542222e-01 2.886316744249388111e-01 2.778240802566739944e+02 1.547642120437706659e+00 4.814962631430318218e+00 -9.599560552313034512e-01 1.744479073583504514e+00 1.216114562307284208e+00 3.984986678633838597e+00
7.113249345235884391e+01 6.198878186091566533e+01 6.560123787187357447e-01 2.914474596790287420e-01 2.722750356263300660e+02 1.607974349641496659e+00 4.756564059581163129e+00 -1.015255243001549790e+00 1.761689842214895441e+00 1.159578765458534999e+00 3.984772722246258780e+00
7.058439307650878902e+01 6.226415271111755345e+01 5.603772564735657324e-01 3.406529640559157746e-01 1.975085907049545426e+02 1.662577800920538751e+00 5.458528629504520779e+00 -9.605064109357787094e-01 1.197647032439441928e+00 1.403592472840072825e+00 3.990896420556256707e+00
6.956356593838881963e+01 6.353653941187851473e+01 7.701790686534545349e-01 2.160795384010512910e-01 2.671642057371230976e+02 1.567252056621425638e+00 5.121070770446887188e+00 -9.828934815133755221e-01 1.428288616743717876e+00 1.157103677407333997e+00 3.987576799807750039e+00
7.061854410716448172e+01 6.215908186659589774e+01 5.896915955505754869e-01 3.718300746265343348e-01 2.193695114743681245e+02 1.671268414921679213e+00 5.240642958083482128e+00 -1.010168916454854404e+00 1.346913735839842197e+00 1.473454502515216813e+00 3.988673638119813791e+00
7.088462875107215666e+01 6.210968339336609034e+01 5.094759939332415000e-01 4.115028125547777749e-01 2.568155564356224545e+02 1.602583695098619865e+00 4.721133551796249606e+00 -9.637408756249871145e-01 1.844613390474497017e+00 1.230314274153756493e+00 3.984212002557469212e+00
7.022746815100451556e+01 6.286753771289681936e+01 5.827455508968448772e-01 3.381639052367821918e-01 2.799152677226596779e+02 1.692923310910713353e+00 5.129327031161682982e+00 -9.761534209358966319e-01 1.381820775360961262e+00 1.198249585016329721e+00 3.987660724563697912e+00
6.992427535121714754e+01 6.305583959363128344e+01 6.808624800233191721e-01 2.873971996497799997e-01 2.327075647330863148e+02 1.610906231106796094e+00 4.421196661410274231e+00 -9.242610792789441865e-01 2.116049977383282599e+00 1.312646987758198547e+00 3.982341477989634004e+00
6.923633975857160294e+01 6.357512273748392317e+01 6.710775472327989988e-01 3.440171778026424598e-01 2.913528642308602343e+02 1.615186897015505885e+00 4.752148565652709600e+00 -9.712589122187202939e-01 1.777949285044788663e+00 1.363779917000416120e+00 3.984560719045681765e+00
7.033465836215414413e+01 6.218771534320518413e+01 5.447776340892683811e-01 3.356028200977732023e-01 1.916703747705060152e+02 1.635499606657849769e+00 5.250624003784526650e+00 -9.953300865746036452e-01 1.397625135977428990e+00 1.604558076213733919e+00 3.988793254271508104e+00
6.939622133751842625e+01 6.394785158174370565e+01 7.778776437646865993e-01 2.663395443469916968e-01 2.843389981175704406e+02 1.570370350358542222e+00 4.916812648603013258e+00 -9.999102422208283603e-01 1.607723366109719443e+00 9.906418737602659119e-01 3.985818452277363200e+00
7.002587388915162592e+01 6.282626618088767145e+01 6.252405482270673165e-01 2.959680085658637494e-01 2.104988207018552657e+02 1.597420743389292408e+00 4.279234348956509670e+00 -8.737772874730418415e-01 2.292271076266711116e+00 1.351420599089522057e+00 3.981523520282488793e+00
6.972594735735022198e+01 6.315743930180177301e+01 6.285328133649608073e-01 3.105937450695932522e-01 2.453868083459215939e+02 1.596763417727943057e+00 5.223765016236537662e+00 -9.522085091622822794e-01 1.354587461628948164e+00 1.329619967649391388e+00 3.988582935052559897e+00
6.974543195381765770e+01 6.306895835231107839e+01 6.126509317926254194e-01 3.227484782173620781e-01 2.282357545248081010e+02 1.598728763119221297e+00 5.090376349815824319e+00 -1.000293693299833420e+00 1.492235853386483235e+00 1.408642194630266076e+00 3.987243790704560809e+00
7.092511407977390547e+01 6.169739523338110843e+01 5.526818339540888747e-01 3.127981759515862659e-01 2.423403521053928102e+02 1.648997888899683462e+00 5.265937015503308949e+00 -9.547821935965670193e-01 1.334081469568038969e+00 1.542097861953735771e+00 3.989049597827563520e+00
7.102760104314572231e+01 6.196761347067828751e+01 7.217507987762120658e-01 2.599114639356516210e-01 2.432269365120726263e+02 1.639805281744036503e+00 4.461454520151638015e+00 -9.425103626254766054e-01 2.093792385344516838e+00 1.427868308796670149e+00 3.982589201740716955e+00
6.988984589112848766e+01 6.292696553180265795e+01 6.422503421796128542e-01 2.821799860184776576e-01 2.325208148791276983e+02 1.595791089899218029e+00 4.417355492521082283e+00 -9.038791833567976219e-01 2.129944053786723135e+00 1.392636093942731135e+00 3.982145235787380777e+00
6.984522520192656714e+01 6.309124613239130497e+01 6.505126063426710514e-01 2.609568999062600869e-01 2.882809153286276569e+02 1.569120522976277465e+00 4.920687004996040947e+00 -9.722111576292860047e-01 1.597389220807716059e+00 1.285512640262395978e+00 3.985815870236034453e+00
7.045957869014891628e+01 6.248175618393200637e+01 7.019664324787392440e-01 2.566704842359036620e-01 2.245566994559285661e+02 1.580499788697383723e+00 4.516001795387517781e+00 -9.458227776749642546e-01 2.026809620745400498e+00 1.287863772024052222e+00 3.982977951633115410e+00
7.074890147573749744e+01 6.210697810021546417e+01 6.275101483612118836e-01 3.442476651147703404e-01 2.202435689040065938e+02 1.677975770988300974e+00 5.211398292690813783e+00 -9.811516051065961586e-01 1.431815844955428130e+00 1.454259128984983329e+00 3.988340841034982542e+00
7.054213775035051981e+01 6.208579780588738117e+01 6.893957215596732135e-01 2.535906905275813195e-01 3.567873947641153904e+02 1.599795652157157910e+00 4.505212498061452742e+00 -9.240821276809231266e-01 1.911131578241994644e+00 1.558880577056207084e+00 3.982758851666358346e+00
7.055689506600062089e+01 6.250483217943326508e+01 6.452194717714437866e-01 3.324919702366297414e-01 2.381790868616932926e+02 1.644908355839440395e+00 4.674938643129189053e+00 -9.889964217519373602e-01 1.898710391564544908e+00 1.276100559180346261e+00 3.984060545910628637e+00
7.241869126977438498e+01 6.051304571848502434e+01 5.458247269998884876e-01 3.589889741560003955e-01 2.897937314985977650e+02 1.588103225792898865e+00 4.631720148585792174e+00 -9.396292414661631121e-01 1.897613761067517890e+00 1.314806914926722525e+00 3.983553937257434452e+00
7.187504606739962298e+01 6.095119919888575311e+01 7.266250048607988399e-01 1.780081857944541823e-01 2.853389016787270975e+02 1.569108860449349940e+00 4.439573775088799579e+00 -9.099333024195426223e-01 2.088787383273464471e+00 1.453099243014595476e+00 3.982272386471878534e+00
7.228586901087550132e+01 6.062747349403834107e+01 5.605524784862540022e-01 3.307245711667556876e-01 2.984826560158892903e+02 1.655410643844688945e+00 4.559748615532442706e+00 -9.559901980904627061e-01 1.940948259819499810e+00 1.418860317248327618e+00 3.983132364976004425e+00
7.276462232154345600e+01 6.042485148001602369e+01 6.743048081113092174e-01 2.932246204272125345e-01 1.684251273055459990e+02 1.605274980429721943e+00 4.407096087468286960e+00 -9.454880286233977582e-01 2.194941405818994440e+00 1.186147783149675838e+00 3.982429733870664901e+00
6.976137654829248902e+01 6.283044618620129995e+01 5.566838429627943841e-01 3.428430836858516462e-01 2.686782501232154345e+02 1.610294596759176189e+00 4.872413168906316372e+00 -9.599345567155038728e-01 1.692752142467215393e+00 1.547436016416039894e+00 3.985348717037924260e+00
7.091200729060508934e+01 6.161469031656105244e+01 5.807168891473145633e-01 3.097522616909257898e-01 2.871108094074954806e+02 1.648447494669235569e+00 4.935001826826476368e+00 -1.000239085914563564e+00 1.618400957745239843e+00 1.602700260973864088e+00 3.986089329449294283e+00
7.103892478351527018e+01 6.204750380018673894e+01 6.940142680721460566e-01 2.484343037958477718e-01 3.035647487094687449e+02 1.567218374066816855e+00 4.829399469117013233e+00 -9.934329970058465298e-01 1.641712304984701998e+00 1.185625684501060206e+00 3.985169136667441769e+00
7.286646442094854592e+01 6.016431030197824015e+01 4.218896364033318802e-01 3.950566998073449243e-01 3.061656841040877453e+02 1.686738073731840926e+00 4.647530458103488193e+00 -9.532091628308906328e-01 1.887279404403841232e+00 1.342454303062119436e+00 3.983760716044185468e+00
7.072862519027772521e+01 6.221528220832858125e+01 6.615644406522381837e-01 2.515039727925573176e-01 2.047726759389355493e+02 1.523783897225689410e+00 4.663980934767526065e+00 -9.680387575064984818e-01 1.940130451519044064e+00 1.166743430760936562e+00 3.983955500025552432e+00
6.828900282769399155e+01 6.485749849465429406e+01 7.716036265927861404e-01 2.610726255210339963e-01 2.741402809523613655e+02 1.576543037269065639e+00 4.805465603052751611e+00 -9.863264849888498942e-01 1.696708936871899942e+00 1.106018998121104380e+00 3.984999730918258987e+00
7.017515136001254916e+01 6.251946532774712750e+01 5.966853438349080108e-01 2.941017222843603784e-01 2.817376804431794994e+02 1.608844669528006532e+00 4.892692126771270189e+00 -9.564045209797772396e-01 1.665851878015553345e+00 1.468396238962509148e+00 3.985592889638806646e+00
7.187657443980982919e+01 6.094392815661916529e+01 5.927011552426558749e-01 3.325227971942245064e-01 2.178927028323806212e+02 1.665086321066623354e+00 5.286738229856991822e+00 -1.021823713363445796e+00 1.339084575056875615e+00 1.453327402912779842e+00 3.989046586454155552e+00
7.100380738104230716e+01 6.206688256032726514e+01 6.377732164192826403e-01 3.276430586766677089e-01 2.243441902860649009e+02 1.697503986158912959e+00 5.330253127403828728e+00 -9.511255905606252892e-01 1.261413645558225882e+00 1.312868405227963775e+00 3.989578940007394436e+00
7.010664069455849301e+01 6.298779232954934315e+01 6.885759175697463430e-01 3.191569702165135691e-01 3.270870945404970485e+02 1.740881549962278507e+00 4.718648470256315619e+00 -9.933722602994059514e-01 1.723463746514166894e+00 1.289286612021206757e+00 3.984373518079955545e+00
7.142764942959011876e+01 6.157204018191139028e+01 6.166205830205649940e-01 3.049487265298719829e-01 2.128349458707984923e+02 1.627735152389435003e+00 5.439663044613724630e+00 -9.533729006485911484e-01 1.166520425960640317e+00 1.315968418107697602e+00 3.990705313737496152e+00
7.170572140753708368e+01 6.141747073446447303e+01 6.379319375520581259e-01 2.838029500222184476e-01 3.069848046137183246e+02 1.603179709694858790e+00 4.362015906899298301e+00 -8.752497701931218899e-01 2.125638153827921428e+00 1.218035474253851058e+00 3.981704871375152610e+00
7.253024287702129413e+01 6.058703218995873385e+01 5.220050830055507074e-01 3.394676590648756931e-01 2.149513566906373114e+02 1.611427115226311102e+00 4.790533299353637808e+00 -9.813650892661103242e-01 1.798838970046359176e+00 1.177116656655652793e+00 3.984786795545026017e+00
6.908069192566115646e+01 6.363300167107407646e+01 7.290313570285028577e-01 2.600300092550998365e-01 2.329832838695070620e+02 1.568182860774578247e+00 5.154814979691921373e+00 -9.658106998087372386e-01 1.422452543793453428e+00 1.422280073677657519e+00 3.987841742968513792e+00
7.168620671767315855e+01 6.095664054416047861e+01 5.706200953856467306e-01 3.250672906304259424e-01 2.896047369945516721e+02 1.620510100027372280e+00 4.838949941137350663e+00 -9.795358326249332670e-01 1.686538095198394149e+00 1.503297386906107480e+00 3.985158098488043699e+00
7.122148511507384683e+01 6.165091792927992032e+01 6.575634292686871607e-01 2.555616215843929395e-01 2.085395254641160818e+02 1.596291655538329968e+00 4.548877179861276154e+00 -9.545846172022891540e-01 2.032660876678151762e+00 1.365476901118222619e+00 3.983171440942969266e+00
7.097877087234456894e+01 6.176873275719865575e+01 5.032164978235348363e-01 3.161139974424036492e-01 2.892667073089303358e+02 1.590280229708604942e+00 5.135597852161522425e+00 -9.720775779661455784e-01 1.357041741786559008e+00 1.386048442442703976e+00 3.987622709357280915e+00
6.781113940460410561e+01 6.538540067983804249e+01 7.806709820001342948e-01 2.809452463838291725e-01 2.466994262035691747e+02 1.570450294220597787e+00 5.088772099355155731e+00 -9.892619369205980506e-01 1.492807060759296922e+00 1.089013808503962233e+00 3.987263872405840903e+00
7.162399173127664653e+01 6.132941907891931521e+01 5.737620072577126473e-01 3.527801375632683700e-01 2.778542673478403913e+02 1.645633553628748080e+00 5.309787623434871762e+00 -9.318938899121109731e-01 1.217533538929688630e+00 1.270057189732463954e+00 3.989444626792320037e+00
6.932371589624327157e+01 6.397882373818416823e+01 6.973872099580973316e-01 2.916300931725050449e-01 2.123937367325068521e+02 1.565003979356965447e+00 5.388997186874290080e+00 -9.205002768563753657e-01 1.252411857167871734e+00 9.888953566403083650e-01 3.990390310121548101e+00
6.870569677479764437e+01 6.433120745329371459e+01 5.717623711421502275e-01 2.987059517689431010e-01 2.137556507106061474e+02 1.507400604831653057e+00 4.654044526724860020e+00 -9.903612777135476497e-01 1.928090821266035260e+00 1.079805204288754927e+00 3.983926983749352502e+00
7.015479687873468606e+01 6.296388769786921102e+01 7.428668588121821736e-01 2.193536547526990788e-01 2.912990869670831557e+02 1.524044857109581264e+00 4.809338965283360245e+00 -9.757177547926662031e-01 1.698378410453129872e+00 1.123879644346060136e+00 3.984979368603024596e+00
6.852703648086429666e+01 6.458102191475968823e+01 7.802417617526891114e-01 2.685638610826195372e-01 2.619670160131022953e+02 1.606510401566552781e+00 4.977904137911854932e+00 -9.943914642779583257e-01 1.555145633267477789e+00 1.244865792491226308e+00 3.986362088022189720e+00
6.969659329838553674e+01 6.326722938866114276e+01 6.020952159716790320e-01 3.184971663402507702e-01 1.977496898647934529e+02 1.599979815680935502e+00 5.459025664286249580e+00 -9.003262140794098256e-01 1.218378363062492475e+00 1.248412533194235507e+00 3.991187411774757443e+00
7.084108751269280901e+01 6.210031836868337507e+01 7.050931424996580432e-01 2.251496868344333990e-01 1.977358588564968613e+02 1.576037436150978133e+00 4.402194598779829882e+00 -9.168677267917313412e-01 2.171722060918832575e+00 1.279053439523427205e+00 3.982274114206895366e+00
7.131209649147051266e+01 6.142502747916908845e+01 4.921325104157021624e-01 3.868867186324633223e-01 2.397339937355320671e+02 1.626557013711220856e+00 4.428804542654166454e+00 -9.302616561388072913e-01 2.114170700883152065e+00 1.429388833214871646e+00 3.982401583925382571e+00
7.287443250846517628e+01 5.996015883684606251e+01 4.084430815048157304e-01 3.713981814447036012e-01 2.997421614180099709e+02 1.621934869828153047e+00 4.803955337300065409e+00 -9.853229492781450105e-01 1.732293826580780127e+00 1.391495984111523976e+00 3.984951530953092291e+00
7.176181206523962430e+01 6.111666198398570060e+01 7.068357781991194688e-01 2.332304133189881390e-01 2.434188398127863024e+02 1.608056383400396028e+00 4.402791974683511356e+00 -9.285504097880299401e-01 2.142386878066289135e+00 1.388901122055925974e+00 3.982317012561098934e+00
7.095052504773974533e+01 6.204914369018491271e+01 5.188482473259463656e-01 3.799040417822994176e-01 2.495489046760918939e+02 1.638277455731603771e+00 5.163156296680029733e+00 -9.649441160885364743e-01 1.450525904373763275e+00 1.236501650071958780e+00 3.987909183230921251e+00
7.109615034635929476e+01 6.206107080098387740e+01 7.501340763864450256e-01 2.324817690403341852e-01 2.808927633216543427e+02 1.619298362054929497e+00 4.544626954436687072e+00 -9.445973788686854444e-01 1.960512041191185162e+00 1.234751882365090037e+00 3.983029083329866271e+00
7.012168602929661176e+01 6.299546319993987709e+01 6.661863525958581222e-01 3.011780305395849733e-01 2.363523402526298867e+02 1.618374232497126641e+00 5.119576514019172464e+00 -9.796204572095307261e-01 1.459932098132463496e+00 1.207706559695492787e+00 3.987548241897929113e+00
7.081811769986417460e+01 6.210591040999410239e+01 7.542845498290197126e-01 2.107251487059544348e-01 2.398795216514770345e+02 1.582884356698740946e+00 4.815619808799532997e+00 -9.934454619861752267e-01 1.756326046690427800e+00 1.325998648137953762e+00 3.985182862399862636e+00
7.142290356743664859e+01 6.170799215244890945e+01 7.087335572823088015e-01 2.373610181219707183e-01 2.769083560740754706e+02 1.664018398884831385e+00 5.395793517582521126e+00 -9.739037540189117159e-01 1.128530811659030242e+00 1.173192801693048182e+00 3.990211400652158957e+00
7.091143490587391796e+01 6.227014317381920705e+01 5.899109072084166572e-01 3.825928759684604219e-01 2.446977300623062206e+02 1.656660861642297089e+00 4.804551927752483742e+00 -9.933988094364593069e-01 1.787094023860871239e+00 1.182404055479502780e+00 3.984976276745461732e+00
6.941571716050323460e+01 6.380120204853034238e+01 7.090751988861717647e-01 2.824026514345259753e-01 2.229261712131573461e+02 1.634422027573994907e+00 4.561785466767512176e+00 -1.008077540226804070e+00 1.992868180269826928e+00 1.142884332293411243e+00 3.983635321080262415e+00
7.050211545921173695e+01 6.230086421623950343e+01 6.136800565071200975e-01 2.669624966559839829e-01 2.953938957302283939e+02 1.583108550675466519e+00 4.956574189054535395e+00 -9.785516204464289602e-01 1.545724324752277168e+00 1.338266510165056156e+00 3.986153861563084710e+00
7.049053309564020253e+01 6.270049104326151479e+01 6.723706861728144801e-01 3.436860307507191847e-01 2.373762873418398271e+02 1.657519447632571197e+00 4.864261670214494515e+00 -9.994013959970610150e-01 1.724955162550093846e+00 1.188168732304723196e+00 3.985452974686130467e+00
6.879536323748268956e+01 6.441376753571988445e+01 7.653071504347676024e-01 2.707713557016433459e-01 3.026084045613820876e+02 1.564557908175788326e+00 5.022435308052221714e+00 -9.999210986665356682e-01 1.476599442528065964e+00 1.051117396192805975e+00 3.986782901613749708e+00
7.103469681047457129e+01 6.139052643017232924e+01 3.883660995809259386e-01 3.580377176681513451e-01 2.973108523488021433e+02 1.661257434994532156e+00 5.210609092623282201e+00 -9.824073599598173168e-01 1.304367470113015015e+00 1.606897033554278709e+00 3.988405479036440493e+00
7.029473996861824503e+01 6.264836683829378217e+01 6.662521585922736023e-01 3.124797041056925351e-01 2.833174949441718127e+02 1.604489065658772473e+00 5.018020689720427363e+00 -9.845669028165958681e-01 1.503190122527069628e+00 1.309531584258264880e+00 3.986633659436465305e+00
6.967814804930921468e+01 6.296258970394895016e+01 6.451286316196709336e-01 2.811965187395851773e-01 2.335648576307611677e+02 1.629557111866100305e+00 5.181505895811026718e+00 -9.882706351341964401e-01 1.406501369612719099e+00 1.460323629546533830e+00 3.988218838023980695e+00
6.979961434627402639e+01 6.306319463993614249e+01 5.599131581042109396e-01 3.766980026943816395e-01 2.520655590669560979e+02 1.625716433802328220e+00 4.710934304919391025e+00 -9.935091869312679957e-01 1.839201399553659577e+00 1.361727074661830184e+00 3.984343380914198374e+00
7.116539006653907506e+01 6.172164142816024679e+01 5.587868345581742391e-01 3.611541541267418998e-01 2.313868525481138647e+02 1.655054909437730037e+00 4.966304210710590361e+00 -9.761527014422310966e-01 1.626960286862827454e+00 1.414224456374711503e+00 3.986167343143192099e+00
7.013643189682336754e+01 6.254713099647009500e+01 5.577377205367751722e-01 3.136849278988614320e-01 2.396219432040617221e+02 1.621953771635407104e+00 5.151840447811375512e+00 -1.005105482105899561e+00 1.425356871124656477e+00 1.463193838076985998e+00 3.987850384977284168e+00
7.104337564467977018e+01 6.178836959969594034e+01 5.460939222989225073e-01 3.482045146045480988e-01 2.681069022057624807e+02 1.663373281449086694e+00 5.312847125362327283e+00 -9.694402384375675474e-01 1.217838147652654079e+00 1.424957845786857247e+00 3.989317191271514851e+00
7.043219724324491438e+01 6.245694555989658880e+01 7.259155523728521020e-01 2.244967007143203741e-01 2.709723310814911770e+02 1.540030275561250717e+00 5.022097812684445550e+00 -9.564302283595652598e-01 1.513042043234644529e+00 1.293891143304253699e+00 3.986646586523798330e+00
6.950383405652998192e+01 6.335235900994714342e+01 7.759977925762604478e-01 2.449061296981028535e-01 2.149500277460571454e+02 1.644086087791156947e+00 5.480930921056081928e+00 -9.181667049370146882e-01 1.148544915669546196e+00 1.415621863313733408e+00 3.991400996888465613e+00
7.221147498930808695e+01 6.077205020212364417e+01 7.821786067772319440e-01 2.292555976869476708e-01 2.415439995404669276e+02 1.623088546116759012e+00 4.916594356972952440e+00 -9.924141324737770775e-01 1.670609640021317732e+00 1.390125866288391299e+00 3.985797223874337547e+00
7.156664538355589400e+01 6.139036443997327552e+01 6.334477697696413445e-01 2.877339488109185717e-01 2.893070794214919488e+02 1.577197836634049111e+00 4.655273662472382945e+00 -9.655975710671564904e-01 1.884131833257135957e+00 1.292928931357651301e+00 3.983809918598061994e+00
7.188641113016390705e+01 6.102405386254944375e+01 4.565544984684408725e-01 4.085133100866421563e-01 3.333885642209529578e+02 1.667237909283818764e+00 4.658308409098816050e+00 -9.678103287222534767e-01 1.826409658937174996e+00 1.370773903862176679e+00 3.983894106795774270e+00
7.158721948149916159e+01 6.134178777905844271e+01 5.474236064483176678e-01 3.241912735777909282e-01 2.367983887561781557e+02 1.600682356201617473e+00 5.452621641396689256e+00 -8.999512496029613562e-01 1.183904613401223438e+00 1.312374346276074411e+00 3.991079736100344721e+00
6.952142759424408780e+01 6.321370635830871976e+01 5.297561179155315658e-01 3.120135046389914679e-01 2.412860147584140407e+02 1.616883663886742761e+00 4.942335495639452958e+00 -1.017555796274243418e+00 1.619575436179572447e+00 1.435875410597853286e+00 3.986080205072837668e+00
7.056378173444792878e+01 6.217195642020913482e+01 5.858546500353994935e-01 3.289270270804700580e-01 2.603586610484004495e+02 1.654699278960455544e+00 5.113401125071619369e+00 -9.765574388106382786e-01 1.464059205562737054e+00 1.509739645025147681e+00 3.987464559140437625e+00
7.056565449095599263e+01 6.262075044787831501e+01 8.213555851402601915e-01 2.076933944428151491e-01 2.420100670922757899e+02 1.602715639713583551e+00 4.774651252451779015e+00 -9.991178070557136248e-01 1.759723013137068248e+00 1.169296106868351837e+00 3.984824317714152908e+00
6.857243434952110306e+01 6.464987479129614201e+01 8.298490764029522460e-01 2.327774389819857181e-01 2.156083714428779672e+02 1.576762292512513097e+00 4.478141565473065633e+00 -9.341174816247881374e-01 2.087276254147642174e+00 1.082707279135714407e+00 3.982667985907519803e+00
7.024460560794217656e+01 6.274855839412298053e+01 6.603371128390564948e-01 2.914917489015169672e-01 2.113833565809162849e+02 1.614139362505361053e+00 5.075741809311556274e+00 -1.032663260686797813e+00 1.530714047141983780e+00 1.260255242042183088e+00 3.987205636504774553e+00
6.973147823036161697e+01 6.282270842021854662e+01 5.585741063549616303e-01 3.107533335678902553e-01 2.569393578403942229e+02 1.598064832905200516e+00 4.812258887486217773e+00 -1.020269239642374925e+00 1.748696284066433071e+00 1.530986887814938857e+00 3.985233435803554602e+00
6.863221967903972143e+01 6.444667137260987033e+01 7.591485143399873126e-01 2.731620305152115402e-01 2.413766647635472395e+02 1.593456282468502350e+00 5.322809365424263639e+00 -9.980087338657988028e-01 1.285466991834045780e+00 1.177096202657813784e+00 3.989459862174080662e+00
7.092888391359069544e+01 6.180795953735533743e+01 5.232340283548037041e-01 3.149579032451642613e-01 2.261271899834831913e+02 1.646741677154957006e+00 4.925827767148178715e+00 -1.011431305393694080e+00 1.660566746332380994e+00 1.520803066355357336e+00 3.985936837872130933e+00
7.077472619733556769e+01 6.201137307823096023e+01 6.007172878504710711e-01 3.235998542966203595e-01 2.613509892364095322e+02 1.661361080961631043e+00 5.107712221107139072e+00 -9.779969463616239311e-01 1.471393551964385260e+00 1.463869202287366278e+00 3.987438069259884532e+00
7.014009223465184562e+01 6.287618742041676967e+01 6.358591343053828782e-01 3.030853114351010902e-01 3.182651082339117465e+02 1.541024521079236154e+00 4.780537423713536072e+00 -9.736904145067275529e-01 1.725810151969586537e+00 1.149650473894856972e+00 3.984772855574087114e+00
7.087744326488827085e+01 6.222156772387163670e+01 6.010068726634222314e-01 3.444679299389283855e-01 2.865216465756347475e+02 1.635530568072656177e+00 5.210653385738373444e+00 -9.893680247646844395e-01 1.318619198174229901e+00 1.157403584101551530e+00 3.988393008368715797e+00
